#
# There is insufficient memory for the Java Runtime Environment to continue.
# Native memory allocation (mmap) failed to map 65536 bytes. Error detail: Failed to commit metaspace.
# Possible reasons:
#   The system is out of physical RAM or swap space
#   This process is running with CompressedOops enabled, and the Java Heap may be blocking the growth of the native heap
# Possible solutions:
#   Reduce memory load on the system
#   Increase physical memory or swap space
#   Check if swap backing store is full
#   Decrease Java heap size (-Xmx/-Xms)
#   Decrease number of Java threads
#   Decrease Java thread stack sizes (-Xss)
#   Set larger code cache with -XX:ReservedCodeCacheSize=
#   JVM is running with Unscaled Compressed Oops mode in which the Java heap is
#     placed in the first 4GB address space. The Java Heap base address is the
#     maximum limit for the native heap growth. Please use -XX:HeapBaseMinAddress
#     to set the Java Heap base and to place the Java Heap above 4GB virtual address.
# This output file may be truncated or incomplete.
#
#  Out of Memory Error (virtualSpaceNode.cpp:113), pid=22760, tid=15076
#
# JRE version: OpenJDK Runtime Environment Temurin-21.0.12.1+1 (21.0.12.1+1) (build 21.0.12.1+1-LTS)
# Java VM: OpenJDK 64-Bit Server VM Temurin-21.0.12.1+1 (21.0.12.1+1-LTS, mixed mode, sharing, tiered, compressed oops, compressed class ptrs, parallel gc, windows-amd64)
# No core dump will be written. Minidumps are not enabled by default on client versions of Windows
#

---------------  S U M M A R Y ------------

Command Line: --add-modules=ALL-SYSTEM --add-opens=java.base/java.util=ALL-UNNAMED --add-opens=java.base/java.lang=ALL-UNNAMED --add-opens=java.base/sun.nio.fs=ALL-UNNAMED -Declipse.application=org.eclipse.jdt.ls.core.id1 -Dosgi.bundles.defaultStartLevel=4 -Declipse.product=org.eclipse.jdt.ls.core.product -Djava.import.generatesMetadataFilesAtProjectRoot=false -Dm2e.project.cache.size=50 -DDetectVMInstallationsJob.disabled=true -Dfile.encoding=utf8 -XX:+UseParallelGC -XX:GCTimeRatio=4 -XX:AdaptiveSizePolicyWeight=90 -Dsun.zip.disableMemoryMapping=true -Xmx2G -Xms100m -Xlog:disable -javaagent:c:\Users\ACER\.vscode\extensions\redhat.java-1.56.0-win32-x64\lombok\lombok-1.18.39-4050.jar -XX:+HeapDumpOnOutOfMemoryError -XX:HeapDumpPath=c:\Users\ACER\AppData\Roaming\Code\User\workspaceStorage\871d06872000d22955967cdc9c474b23\redhat.java -Daether.dependencyCollector.impl=bf c:\Users\ACER\.vscode\extensions\redhat.java-1.56.0-win32-x64\server\plugins\org.eclipse.equinox.launcher_1.8.0.v20260804-1928.jar -configuration c:\Users\ACER\AppData\Roaming\Code\User\globalStorage\redhat.java\1.56.0\config_win -data c:\Users\ACER\AppData\Roaming\Code\User\workspaceStorage\871d06872000d22955967cdc9c474b23\redhat.java\jdt_ws --pipe=\\.\pipe\lsp-7c43d09fbfa91a3d12e2e65d801bc7e8-sock

Host: Intel(R) Core(TM) i3-N305, 8 cores, 7G,  Windows 11 , 64 bit Build 26100 (10.0.26100.9549)
Time: Tue Sep 29 12:41:39 2026 SE Asia Standard Time elapsed time: 66.808696 seconds (0d 0h 1m 6s)

---------------  T H R E A D  ---------------

Current thread (0x0000027587350610):  JavaThread "Connection worker"        [_thread_in_vm, id=15076, stack(0x000000c32bf00000,0x000000c32c000000) (1024K)]

Stack: [0x000000c32bf00000,0x000000c32c000000]
Native frames: (J=compiled Java code, j=interpreted, Vv=VM code, C=native code)
V  [jvm.dll+0x6d83e9]
V  [jvm.dll+0x8b5736]
V  [jvm.dll+0x8b7cee]
V  [jvm.dll+0x8b83d3]
V  [jvm.dll+0x284596]
V  [jvm.dll+0x8b147e]
V  [jvm.dll+0x679ad4]
V  [jvm.dll+0x1e849b]
V  [jvm.dll+0x1e825e]
V  [jvm.dll+0x67c3d2]
V  [jvm.dll+0x67c202]
V  [jvm.dll+0x67a4ae]
V  [jvm.dll+0x26f864]
V  [jvm.dll+0x21a11f]
V  [jvm.dll+0x20f80e]
V  [jvm.dll+0x5b6a7f]
V  [jvm.dll+0x82f606]
V  [jvm.dll+0x4792f8]
V  [jvm.dll+0x47f128]
C  [java.dll+0x17ec]

Java frames: (J=compiled Java code, j=interpreted, Vv=VM code)
J 1130  java.lang.ClassLoader.defineClass1(Ljava/lang/ClassLoader;Ljava/lang/String;[BIILjava/security/ProtectionDomain;Ljava/lang/String;)Ljava/lang/Class; java.base@21.0.12.1 (0 bytes) @ 0x00000275ae359e91 [0x00000275ae359dc0+0x00000000000000d1]
J 6534 c2 java.lang.ClassLoader.defineClass(Ljava/lang/String;[BIILjava/security/ProtectionDomain;)Ljava/lang/Class; java.base@21.0.12.1 (43 bytes) @ 0x00000275ae6256c0 [0x00000275ae6249e0+0x0000000000000ce0]
J 9710 c2 java.net.URLClassLoader$1.run()Ljava/lang/Object; java.base@21.0.12.1 (5 bytes) @ 0x00000275ae8f6318 [0x00000275ae8f3740+0x0000000000002bd8]
J 7806 c2 java.security.AccessController.doPrivileged(Ljava/security/PrivilegedExceptionAction;Ljava/security/AccessControlContext;)Ljava/lang/Object; java.base@21.0.12.1 (26 bytes) @ 0x00000275ae796ea0 [0x00000275ae796e40+0x0000000000000060]
J 7013 c1 java.net.URLClassLoader.findClass(Ljava/lang/String;)Ljava/lang/Class; java.base@21.0.12.1 (47 bytes) @ 0x00000275a74a3524 [0x00000275a74a33a0+0x0000000000000184]
J 7020 c2 java.lang.ClassLoader.loadClass(Ljava/lang/String;Z)Ljava/lang/Class; java.base@21.0.12.1 (121 bytes) @ 0x00000275ae6bd418 [0x00000275ae6bd120+0x00000000000002f8]
J 4551 c2 java.lang.ClassLoader.loadClass(Ljava/lang/String;)Ljava/lang/Class; java.base@21.0.12.1 (7 bytes) @ 0x00000275ae3b9e6c [0x00000275ae3b9e20+0x000000000000004c]
v  ~StubRoutines::call_stub 0x00000275add4100d
j  org.gradle.tooling.internal.provider.action.BuildActionSerializer$ExecuteBuildActionSerializer.<init>()V+5
j  org.gradle.tooling.internal.provider.action.BuildActionSerializer$ExecuteBuildActionSerializer.<init>(Lorg/gradle/tooling/internal/provider/action/BuildActionSerializer$1;)V+1
j  org.gradle.tooling.internal.provider.action.BuildActionSerializer.create()Lorg/gradle/internal/serialize/Serializer;+16
j  org.gradle.launcher.daemon.client.DaemonClientGlobalServices.createBuildActionSerializer()Lorg/gradle/internal/serialize/Serializer;+0
J 7043 c1 java.lang.invoke.DirectMethodHandle$Holder.invokeVirtual(Ljava/lang/Object;Ljava/lang/Object;)Ljava/lang/Object; java.base@21.0.12.1 (14 bytes) @ 0x00000275a6882f7c [0x00000275a6882be0+0x000000000000039c]
J 9877 c2 java.lang.invoke.LambdaForm$MH+0x00000275bc014c00.invoke(Ljava/lang/Object;Ljava/lang/Object;)Ljava/lang/Object; java.base@21.0.12.1 (35 bytes) @ 0x00000275ae90cd4c [0x00000275ae90ccc0+0x000000000000008c]
J 10151 c2 java.lang.reflect.Method.invoke(Ljava/lang/Object;[Ljava/lang/Object;)Ljava/lang/Object; java.base@21.0.12.1 (108 bytes) @ 0x00000275ae9389a0 [0x00000275ae938700+0x00000000000002a0]
j  org.gradle.internal.reflect.JavaMethod.invoke(Ljava/lang/Object;[Ljava/lang/Object;)Ljava/lang/Object;+6
j  org.gradle.internal.service.ReflectionBasedServiceMethod.invoke(Ljava/lang/Object;[Ljava/lang/Object;)Ljava/lang/Object;+6
j  org.gradle.internal.service.DefaultServiceRegistry$FactoryMethodService.invokeMethod([Ljava/lang/Object;)Ljava/lang/Object;+28
j  org.gradle.internal.service.DefaultServiceRegistry$FactoryService.createServiceInstance()Ljava/lang/Object;+7
j  org.gradle.internal.service.DefaultServiceRegistry$FactoryMethodService.createServiceInstance()Ljava/lang/Object;+1
j  org.gradle.internal.service.DefaultServiceRegistry$ManagedObjectServiceProvider.getInstance()Ljava/lang/Object;+24
j  org.gradle.internal.service.DefaultServiceRegistry$SingletonService.get()Ljava/lang/Object;+1
j  org.gradle.internal.service.DefaultServiceRegistry$FactoryService.assembleParameters()[Ljava/lang/Object;+44
j  org.gradle.internal.service.DefaultServiceRegistry$FactoryService.createServiceInstance()Ljava/lang/Object;+1
j  org.gradle.internal.service.DefaultServiceRegistry$FactoryMethodService.createServiceInstance()Ljava/lang/Object;+1
j  org.gradle.internal.service.DefaultServiceRegistry$ManagedObjectServiceProvider.getInstance()Ljava/lang/Object;+24
j  org.gradle.internal.service.DefaultServiceRegistry$SingletonService.get()Ljava/lang/Object;+1
j  org.gradle.internal.service.DefaultServiceRegistry$FactoryService.assembleParameters()[Ljava/lang/Object;+44
j  org.gradle.internal.service.DefaultServiceRegistry$FactoryService.createServiceInstance()Ljava/lang/Object;+1
j  org.gradle.internal.service.DefaultServiceRegistry$FactoryMethodService.createServiceInstance()Ljava/lang/Object;+1
j  org.gradle.internal.service.DefaultServiceRegistry$ManagedObjectServiceProvider.getInstance()Ljava/lang/Object;+24
j  org.gradle.internal.service.DefaultServiceRegistry$SingletonService.get()Ljava/lang/Object;+1
j  org.gradle.internal.service.DefaultServiceRegistry.find(Ljava/lang/reflect/Type;)Ljava/lang/Object;+22
j  org.gradle.internal.service.DefaultServiceRegistry.get(Ljava/lang/reflect/Type;)Ljava/lang/Object;+2
j  org.gradle.internal.service.DefaultServiceRegistry.get(Ljava/lang/Class;)Ljava/lang/Object;+3
j  org.gradle.tooling.internal.provider.ProviderConnection.createExecutor(Lorg/gradle/tooling/internal/provider/connection/ProviderOperationParameters;Lorg/gradle/tooling/internal/provider/ProviderConnection$Parameters;)Lorg/gradle/launcher/exec/BuildActionExecutor;+183
j  org.gradle.tooling.internal.provider.ProviderConnection.run(Lorg/gradle/internal/invocation/BuildAction;Lorg/gradle/initialization/BuildCancellationToken;Lorg/gradle/tooling/internal/provider/ProviderConnection$ProgressListenerConfiguration;Lorg/gradle/initialization/BuildEventConsumer;Lorg/gradle/tooling/internal/provider/connection/ProviderOperationParameters;Lorg/gradle/tooling/internal/provider/ProviderConnection$Parameters;)Ljava/lang/Object;+5
j  org.gradle.tooling.internal.provider.ProviderConnection.runPhasedAction(Lorg/gradle/tooling/internal/protocol/InternalPhasedAction;Lorg/gradle/tooling/internal/protocol/PhasedActionResultListener;Lorg/gradle/initialization/BuildCancellationToken;Lorg/gradle/tooling/internal/provider/connection/ProviderOperationParameters;)Ljava/lang/Object;+136
j  org.gradle.tooling.internal.provider.DefaultConnection.run(Lorg/gradle/tooling/internal/protocol/InternalPhasedAction;Lorg/gradle/tooling/internal/protocol/PhasedActionResultListener;Lorg/gradle/tooling/internal/protocol/InternalCancellationToken;Lorg/gradle/tooling/internal/protocol/BuildParameters;)Lorg/gradle/tooling/internal/protocol/BuildResult;+28
j  org.gradle.tooling.internal.consumer.connection.PhasedActionAwareConsumerConnection.run(Lorg/gradle/tooling/internal/consumer/PhasedBuildAction;Lorg/gradle/tooling/internal/consumer/parameters/ConsumerOperationParameters;)V+66
j  org.gradle.tooling.internal.consumer.connection.ParameterValidatingConsumerConnection.run(Lorg/gradle/tooling/internal/consumer/PhasedBuildAction;Lorg/gradle/tooling/internal/consumer/parameters/ConsumerOperationParameters;)V+11
j  org.gradle.tooling.internal.consumer.DefaultPhasedBuildActionExecuter$1.run(Lorg/gradle/tooling/internal/consumer/connection/ConsumerConnection;)Ljava/lang/Void;+12
j  org.gradle.tooling.internal.consumer.DefaultPhasedBuildActionExecuter$1.run(Lorg/gradle/tooling/internal/consumer/connection/ConsumerConnection;)Ljava/lang/Object;+2
j  org.gradle.tooling.internal.consumer.connection.LazyConsumerActionExecutor.run(Lorg/gradle/tooling/internal/consumer/connection/ConsumerAction;)Ljava/lang/Object;+34
j  org.gradle.tooling.internal.consumer.connection.CancellableConsumerActionExecutor.run(Lorg/gradle/tooling/internal/consumer/connection/ConsumerAction;)Ljava/lang/Object;+34
j  org.gradle.tooling.internal.consumer.connection.ProgressLoggingConsumerActionExecutor.run(Lorg/gradle/tooling/internal/consumer/connection/ConsumerAction;)Ljava/lang/Object;+78
j  org.gradle.tooling.internal.consumer.connection.RethrowingErrorsConsumerActionExecutor.run(Lorg/gradle/tooling/internal/consumer/connection/ConsumerAction;)Ljava/lang/Object;+5
j  org.gradle.tooling.internal.consumer.async.DefaultAsyncConsumerActionExecutor$1$1.run()V+17
j  org.gradle.internal.concurrent.ExecutorPolicy$CatchAndRecordFailures.onExecute(Ljava/lang/Runnable;)V+1
j  org.gradle.internal.concurrent.AbstractManagedExecutor$1.run()V+25
j  java.util.concurrent.ThreadPoolExecutor.runWorker(Ljava/util/concurrent/ThreadPoolExecutor$Worker;)V+92 java.base@21.0.12.1
j  java.util.concurrent.ThreadPoolExecutor$Worker.run()V+5 java.base@21.0.12.1
j  java.lang.Thread.runWith(Ljava/lang/Object;Ljava/lang/Runnable;)V+5 java.base@21.0.12.1
j  java.lang.Thread.run()V+19 java.base@21.0.12.1
v  ~StubRoutines::call_stub 0x00000275add4100d

Compiled method (n/a) 66920 1130     n 0       java.lang.ClassLoader::defineClass1 (native)
 total in heap  [0x00000275ae359c10,0x00000275ae35a098] = 1160
 relocation     [0x00000275ae359d70,0x00000275ae359da8] = 56
 main code      [0x00000275ae359dc0,0x00000275ae35a096] = 726
 stub code      [0x00000275ae35a096,0x00000275ae35a098] = 2

[Constant Pool (empty)]

[MachCode]
[Entry Point]
  # {method} {0x00000275bb434c38} 'defineClass1' '(Ljava/lang/ClassLoader;Ljava/lang/String;[BIILjava/security/ProtectionDomain;Ljava/lang/String;)Ljava/lang/Class;' in 'java/lang/ClassLoader'
  # parm0:    rdx:rdx   = 'java/lang/ClassLoader'
  # parm1:    r8:r8     = 'java/lang/String'
  # parm2:    r9:r9     = '[B'
  # parm3:    rdi       = int
  # parm4:    rsi       = int
  # parm5:    rcx:rcx   = 'java/security/ProtectionDomain'
  # parm6:    [sp+0xa0]   = 'java/lang/String'  (sp of caller)
  0x00000275ae359dc0: 448b 5208 | 49bb 0000 | 00bb 7502 | 0000 4d03 | d349 3bc2 | 0f84 0600 

  0x00000275ae359dd8: ;   {runtime_call ic_miss_stub}
  0x00000275ae359dd8: 0000 e9a1 | 46a3 ff90 
[Verified Entry Point]
  0x00000275ae359de0: 8984 2400 | 80ff ff55 | 488b ec48 | 81ec 9000 | 0000 6690 | 4181 7f20 | 0400 0000 

  0x00000275ae359dfc: ;   {runtime_call StubRoutines (final stubs)}
  0x00000275ae359dfc: 7405 e8dd | eba1 ff48 | 837d 1000 | 488d 4510 | 480f 4445 | 1048 8944 | 2440 4889 | 4c24 7048 
  0x00000275ae359e1c: 83f9 0048 | 8d44 2470 | 480f 4444 | 2470 4889 | 4424 3848 | 8974 2430 | 4889 7c24 | 284c 894c 
  0x00000275ae359e3c: 2458 4983 | f900 488d | 4424 5848 | 0f44 4424 | 5848 8944 | 2420 4c89 | 4424 5049 | 83f8 004c 
  0x00000275ae359e5c: 8d4c 2450 | 4c0f 444c | 2450 4889 | 5424 4848 | 83fa 004c | 8d44 2448 | 4c0f 4444 

  0x00000275ae359e78: ;   {oop(a 'java/lang/Class'{0x00000000800008e0} = 'java/lang/ClassLoader')}
  0x00000275ae359e78: 2448 49be | e008 0080 | 0000 0000 | 4c89 7424 | 784c 8d74 | 2478 498b | d6c5 f877 

  0x00000275ae359e94: ;   {internal_word}
  0x00000275ae359e94: 49ba 919e | 35ae 7502 | 0000 4d89 | 97a8 0300 | 0049 89a7 | a003 0000 

  0x00000275ae359eac: ;   {external_word}
  0x00000275ae359eac: 49ba 066d | 3627 f87f | 0000 4180 | 3a00 0f84 | 4e00 0000 | 5241 5041 

  0x00000275ae359ec4: ;   {metadata({method} {0x00000275bb434c38} 'defineClass1' '(Ljava/lang/ClassLoader;Ljava/lang/String;[BIILjava/security/ProtectionDomain;Ljava/lang/String;)Ljava/lang/Class;' in 'java/lang/ClassLoader')}
  0x00000275ae359ec4: 5148 ba30 | 4c43 bb75 | 0200 0049 | 8bcf 4883 | ec20 40f6 | c40f 0f84 | 1900 0000 | 4883 ec08 
  0x00000275ae359ee4: ;   {runtime_call}
  0x00000275ae359ee4: 48b8 e0ea | df26 f87f | 0000 ffd0 | 4883 c408 | e90c 0000 

  0x00000275ae359ef8: ;   {runtime_call}
  0x00000275ae359ef8: 0048 b8e0 | eadf 26f8 | 7f00 00ff | d048 83c4 | 2041 5941 | 585a 498d | 8fc0 0300 | 0041 c787 
  0x00000275ae359f18: 4c04 0000 | 0400 0000 

  0x00000275ae359f20: ;   {runtime_call}
  0x00000275ae359f20: 48b8 ac16 | 003b f87f | 0000 ffd0 | c5f8 7741 | c787 4c04 | 0000 0500 | 0000 f083 | 4424 c000 
  0x00000275ae359f40: 493b af50 | 0400 000f | 870e 0000 | 0041 83bf | 4804 0000 | 000f 842b | 0000 00c5 | f877 4889 
  0x00000275ae359f60: 45f8 498b | cf4c 8be4 | 4883 ec20 | 4883 e4f0 

  0x00000275ae359f70: ;   {runtime_call}
  0x00000275ae359f70: 48b8 0058 | ab26 f87f | 0000 ffd0 | 498b e44d | 33e4 488b | 45f8 41c7 | 874c 0400 | 0008 0000 
  0x00000275ae359f90: 0041 83bf | c804 0000 | 020f 84ca 

  0x00000275ae359f9c: ;   {external_word}
  0x00000275ae359f9c: 0000 0049 | ba06 6d36 | 27f8 7f00 | 0041 803a | 000f 844c | 0000 0048 

  0x00000275ae359fb4: ;   {metadata({method} {0x00000275bb434c38} 'defineClass1' '(Ljava/lang/ClassLoader;Ljava/lang/String;[BIILjava/security/ProtectionDomain;Ljava/lang/String;)Ljava/lang/Class;' in 'java/lang/ClassLoader')}
  0x00000275ae359fb4: 8945 f848 | ba30 4c43 | bb75 0200 | 0049 8bcf | 4883 ec20 | 40f6 c40f | 0f84 1900 | 0000 4883 
  0x00000275ae359fd4: ;   {runtime_call}
  0x00000275ae359fd4: ec08 48b8 | e0ea df26 | f87f 0000 | ffd0 4883 | c408 e90c 

  0x00000275ae359fe8: ;   {runtime_call}
  0x00000275ae359fe8: 0000 0048 | b8e0 eadf | 26f8 7f00 | 00ff d048 | 83c4 2048 | 8b45 f849 | c787 a003 | 0000 0000 
  0x00000275ae35a008: 0000 49c7 | 87a8 0300 | 0000 0000 | 00c5 f877 | 4885 c00f | 8425 0000 | 00a8 030f | 8508 0000 
  0x00000275ae35a028: 0048 8b00 | e915 0000 | 00a8 010f | 8509 0000 | 0048 8b40 | fee9 0400 | 0000 488b | 40ff 498b 
  0x00000275ae35a048: 8f30 0400 | 00c7 8100 | 0100 0000 | 0000 00c9 | 4983 7f08 | 000f 8501 | 0000 00c3 

  0x00000275ae35a064: ;   {runtime_call StubRoutines (initial stubs)}
  0x00000275ae35a064: e997 6e9e | ffc5 f877 | 4889 45f8 | 4c8b e448 | 83ec 2048 

  0x00000275ae35a078: ;   {runtime_call}
  0x00000275ae35a078: 83e4 f048 | b830 22e0 | 26f8 7f00 | 00ff d049 | 8be4 4d33 | e448 8b45 | f8e9 09ff | ffff f4f4 
[/MachCode]


Compiled method (c2) 66932 6534       4       java.lang.ClassLoader::defineClass (43 bytes)
 total in heap  [0x00000275ae624210,0x00000275ae62f058] = 44616
 relocation     [0x00000275ae624370,0x00000275ae6249c8] = 1624
 main code      [0x00000275ae6249e0,0x00000275ae62b2a8] = 26824
 stub code      [0x00000275ae62b2a8,0x00000275ae62b470] = 456
 oops           [0x00000275ae62b470,0x00000275ae62b498] = 40
 metadata       [0x00000275ae62b498,0x00000275ae62b7f8] = 864
 scopes data    [0x00000275ae62b7f8,0x00000275ae62d930] = 8504
 scopes pcs     [0x00000275ae62d930,0x00000275ae62e6d0] = 3488
 dependencies   [0x00000275ae62e6d0,0x00000275ae62e7b0] = 224
 handler table  [0x00000275ae62e7b0,0x00000275ae62eed0] = 1824
 nul chk table  [0x00000275ae62eed0,0x00000275ae62f058] = 392

[Constant Pool (empty)]

[MachCode]
[Entry Point]
  # {method} {0x00000275bb434fb8} 'defineClass' '(Ljava/lang/String;[BIILjava/security/ProtectionDomain;)Ljava/lang/Class;' in 'java/lang/ClassLoader'
  # this:     rdx:rdx   = 'java/lang/ClassLoader'
  # parm0:    r8:r8     = 'java/lang/String'
  # parm1:    r9:r9     = '[B'
  # parm2:    rdi       = int
  # parm3:    rsi       = int
  # parm4:    rcx:rcx   = 'java/security/ProtectionDomain'
  #           [sp+0xe0]  (sp of caller)
  0x00000275ae6249e0: 448b 5208 | 49bb 0000 | 00bb 7502 | 0000 4d03 | d349 3bc2 

  0x00000275ae6249f4: ;   {runtime_call ic_miss_stub}
  0x00000275ae6249f4: 0f85 869a | 76ff 6690 | 0f1f 4000 
[Verified Entry Point]
  0x00000275ae624a00: 8984 2400 | 80ff ff55 | 4881 ecd0 | 0000 0090 | 4181 7f20 | 0400 0000 | 0f85 8068 | 0000 4889 
  0x00000275ae624a20: 4c24 2089 | 7424 3c89 | 7c24 384c | 894c 2430 | 4889 5424 | 284c 8984 | 2488 0000 | 004d 85c0 
  0x00000275ae624a40: 0f84 be26 | 0000 418b | 6814 448b | 4d0c 4585 | c90f 8639 | 4500 0045 | 0fbe 5810 | 4585 db0f 
  0x00000275ae624a60: 8501 2e00 | 00c4 4222 | f7d9 453b | d945 0f4f | d945 85db | 0f8e b826 | 0000 453b | cb0f 8285 
  0x00000275ae624a80: 4500 004c | 8bd5 488d | 7d10 418b | d3b8 2f00 | 0000 488b | df83 fa10 | 0f8c 7900 | 0000 83fa 
  0x00000275ae624aa0: 200f 8c36 | 0000 00c5 | f96e d0c4 | e27d 78d2 | c5fd efc0 | 8bca 83e1 | e083 e21f | c5fe 6f0b 
  0x00000275ae624ac0: c5f5 74ca | c4e2 7d17 | c10f 8369 | 0000 0048 | 83c3 2083 | e920 75e4 | e90d 0000 | 00c5 f96e 
  0x00000275ae624ae0: d0c5 f9ef | c0c4 e269 | 00d0 83fa | 100f 8c24 

  0x00000275ae624af0: ;   {no_reloc}
  0x00000275ae624af0: 0000 008b | ca83 e1f0 | 83e2 0fc5 | fa6f 0bc5 | f174 cac4 | e279 17c1 | 0f83 2a00 | 0000 4883 
  0x00000275ae624b10: c310 83e9 | 1075 e485 | d20f 8412 | 0000 000f | b60b 3bc1 | 741c 4883 | c301 83ea | 0174 02eb 
  0x00000275ae624b30: eebb ffff | ffff eb0d | c5fd d7c9 | 0fbc c148 | 03d8 482b | df83 fbff | 0f85 2249 | 0000 4c8b 
  0x00000275ae624b50: 9424 8800 | 0000 458b | 5a14 4180 | 7a10 000f | 855b 4400 | 0041 8b6b | 0c85 ed0f | 8677 4400 
  0x00000275ae624b70: 0045 0fb6 | 5310 4183 | fa5b 0f84 | bc49 0000 | 4c8b 9424 | 8800 0000 | 418b 6a14 

  0x00000275ae624b8c: ; implicit exception: dispatches to 0x00000275ae62aa30
  0x00000275ae624b8c: 448b 550c | 4c8b 9c24 | 8800 0000 | 450f be43 | 10c4 423a | f7da 4183 | c3fb 4585 | db7c 6545 
  0x00000275ae624bac: 85c0 0f85 | 072d 0000 | 4183 fa04 | 0f86 ca46 | 0000 807d | 106a 754c | 807d 1161 | 7546 807d 
  0x00000275ae624bcc: 1276 7540 | 807d 1361 | 753a 440f | be5d 1441 | 83fb 2e75 

  0x00000275ae624be0: ;   {oop(a 'jdk/internal/loader/ClassLoaders$PlatformClassLoader'{0x00000000800030b8})}
  0x00000275ae624be0: 2f49 bab8 | 3000 8000 | 0000 004c | 8b5c 2428 | 4d3b da0f | 85e7 5900 | 004c 8b94 | 2488 0000 
  0x00000275ae624c00: ;   {oop(a 'jdk/internal/loader/ClassLoaders$PlatformClassLoader'{0x00000000800030b8})}
  0x00000275ae624c00: 0048 beb8 | 3000 8000 | 0000 004d | 8bea eb0d | 488b 7424 | 284c 8bac | 2488 0000 | 004c 8b54 
  0x00000275ae624c20: 2420 4d85 | d20f 8493 | 2300 004c | 8954 2458 | 4d85 ed0f | 84c7 2300 | 004c 8b54 | 2458 458b 
  0x00000275ae624c40: 5210 4489 | 9424 9000 | 0000 458b | 5d14 458b | 430c 410f | be4d 10c4 | 4272 f7c8 | 418d 69ff 
  0x00000275ae624c60: 85c9 0f85 | 3448 0000 | 458d 50ff | 443b d544 | 0f4f d545 | 85d2 0f8c | a324 0000 | 4585 c00f 
  0x00000275ae624c80: 86a7 4300 | 0045 3bd0 | 0f83 9e43 | 0000 4585 | d20f 8ec9 | 4300 0041 | 8d5a ff33 | ff89 7c24 
  0x00000275ae624ca0: 4043 0fbe | 7c13 1083 | ff2e 0f84 | 6724 0000 | 41ff ca44 | 3bd3 7fe9 | 4183 fa02 | 7e43 6690 
  0x00000275ae624cc0: 4963 ca41 | 0fbe 5c0b | 1083 fb2e | 7456 410f | be4c 0b0f | 83f9 2e74 | 5041 8d4a | fe41 0fbe 
  0x00000275ae624ce0: 5c0b 1083 | fb2e 7445 | 418d 4afd | 410f be7c | 0b10 83ff | 2e74 3641 | 83c2 fc41 | 83fa 027f 
  0x00000275ae624d00: ;   {no_reloc}
  0x00000275ae624d00: bf41 83fa | ff7e 1590 | 430f be5c | 1310 83fb | 2e74 1d41 | ffca 4183 | faff 7fec | 41ba ffff 
  0x00000275ae624d20: ffff eb0c | 418b caeb | 0441 8d4a | ff44 8bd1 | 4183 faff | 0f84 2e48 | 0000 4585 | d20f 8c9d 
  0x00000275ae624d40: 4700 0045 | 3bd1 0f8f | 5448 0000 | 453b d10f | 8461 2200 | 0045 85d2 | 0f84 2326 | 0000 498b 
  0x00000275ae624d60: 9fb8 0100 | 004c 8bcb | 4983 c118 | 4d3b 8fc8 | 0100 000f | 8369 3100 | 004d 898f | b801 0000 
  0x00000275ae624d80: 410f 0d89 | 0001 0000 | 48c7 0301 

  0x00000275ae624d8c: ;   {metadata('java/lang/String')}
  0x00000275ae624d8c: 0000 00c7 | 4308 78e8 | 0000 4489 | 630c 4c89 | 6310 498b | eb4d 8d4b | 1045 3bd0 | 0f85 9500 
  0x00000275ae624dac: 0000 4d63 | d041 81f8 | 0000 1000 | 0f87 cb3c | 0000 498b | bfb8 0100 | 0049 8d4a | 1748 83e1 
  0x00000275ae624dcc: f848 8bd7 | 4803 d149 | 3b97 c801 | 0000 0f83 | a93c 0000 | 4989 97b8 | 0100 000f | 0d8a 0001 
  0x00000275ae624dec: 0000 48c7 | 0701 0000 | 000f 0d8a | 4001 0000 

  0x00000275ae624dfc: ;   {metadata({type array byte})}
  0x00000275ae624dfc: c747 0818 | 2300 0044 | 8947 0c0f | 0d8a 8001 | 0000 488b | d748 83c2 | 1049 83c2 | 0749 c1ea 
  0x00000275ae624e1c: 0349 8bc9 | 4d8b c2c5 | f877 49ba | 6074 d7ad | 7502 0000 

  0x00000275ae624e30: ;   {other}
  0x00000275ae624e30: 41ff d20f | 1f84 0000 | 0000 004c | 8bf7 e9dd | 0000 0041 | 81fa 0000 | 1000 0f87 | ac44 0000 
  0x00000275ae624e50: 4889 ac24 | 9800 0000 | 4963 ca45 | 3bc2 418b | e841 0f4f | ea44 3bc5 | 0f82 7b45 | 0000 443b 
  0x00000275ae624e70: d50f 8272 | 4500 0048 | 83c1 1748 | 8bf9 4883 | e7f8 4181 | fa00 0010 | 000f 8791 | 3900 004d 
  0x00000275ae624e90: 8bb7 b801 | 0000 4d8b | de4c 03df | 4d3b 9fc8 | 0100 000f | 8377 3900 | 004d 899f | b801 0000 
  0x00000275ae624eb0: 410f 0d8b | 0001 0000 | 49c7 0601 | 0000 0041 | 0f0d 8b40 

  0x00000275ae624ec4: ;   {metadata({type array byte})}
  0x00000275ae624ec4: 0100 0041 | c746 0818 | 2300 0045 | 8956 0c41 | 0f0d 8b80 | 0100 004d | 8bde 4983 | c310 48c1 
  0x00000275ae624ee4: e903 85ed | 0f84 1e44 | 0000 413b | ea0f 8c51 | 2300 0048 | 83c7 f048 | c1ef 0349 | 8bc9 498b 
  0x00000275ae624f04: d34c 8bc7 | c5f8 7749 | ba60 74d7 | ad75 0200 | 0041 ffd2 

  0x00000275ae624f18: ;   {other}
  0x00000275ae624f18: 0f1f 8400 | 0000 0000 | 4488 6310 | 4d8b de44 | 895b 144c | 8bd3 49c1 | ea09 49bb | 0000 60b5 
  0x00000275ae624f38: 7502 0000 | 4788 2413 | 448b 9424 | 9000 0000 

  0x00000275ae624f48: ; implicit exception: dispatches to 0x00000275ae62ac78
  0x00000275ae624f48: 458b 5214 | 4585 d20f | 852a 0f00 | 0044 8b9c | 2490 0000 | 0045 8b5b | 1045 85db | 0f85 d429 
  0x00000275ae624f68: ;   {oop(a 'java/security/cert/Certificate'[0] {0x00000000800043a0})}
  0x00000275ae624f68: 0000 48bf | a043 0080 | 0000 0000 | 448b 562c | 4585 d20f | 84ef 3f00 | 0048 897c | 2448 4c89 
  0x00000275ae624f88: 6c24 2048 | 8bee 498b | d24c 8bc3 | 4c8b cfbf | 0100 0000 

  0x00000275ae624f9c: ;   {optimized virtual_call}
  0x00000275ae624f9c: c5f8 77e8 

  0x00000275ae624fa0: ; ImmutableOopMap {rbp=Oop [32]=Oop [40]=Oop [48]=Oop [72]=Oop [88]=Oop [136]=Oop }
                      ;*invokevirtual putVal {reexecute=0 rethrow=0 return_oop=1}
                      ; - java.util.concurrent.ConcurrentHashMap::putIfAbsent@4
                      ; - java.lang.ClassLoader::checkCerts@62
                      ; - java.lang.ClassLoader::preDefineClass@113
                      ; - java.lang.ClassLoader::defineClass@4
  0x00000275ae624fa0: fc2b f2ff 

  0x00000275ae624fa4: ;   {other}
  0x00000275ae624fa4: 0f1f 8400 | 940d 0000 | 4c8b d848 | 85c0 7430 | 448b 4008 

  0x00000275ae624fb8: ;   {metadata('java/security/cert/Certificate'[])}
  0x00000275ae624fb8: 4181 f820 | 2910 000f | 850f 5800 | 004c 8b74 | 2448 458b | 460c 458b | 4b0c 4585 | c00f 8779 
  0x00000275ae624fd8: 1a00 0045 | 85c9 0f87 | d046 0000 | 4c8b 5424 | 5845 8b52 | 1045 8b6a | 0c45 85ed | 0f84 d51f 
  0x00000275ae624ff8: 0000 458b | 5538 458b | 4208 4d8b 

  0x00000275ae625004: ;   {metadata('sun/net/www/protocol/file/Handler')}
  0x00000275ae625004: f541 81f8 | 5034 2100 | 0f85 c41f | 0000 498b | 87b8 0100 | 004c 8bd0 | 4983 c218 | 4d3b 97c8 
  0x00000275ae625024: 0100 000f | 8332 2f00 | 004d 8997 | b801 0000 | 410f 0d8a | 0001 0000 | 48c7 0001 

  0x00000275ae625040: ;   {metadata('java/lang/StringBuilder')}
  0x00000275ae625040: 0000 00c7 | 4008 4080 | 0000 4489 | 600c 4c89 | 6010 4889 | 8424 a000 | 0000 4d8b | 87b8 0100 
  0x00000275ae625060: 004d 8bd0 | 4983 c220 | 4d3b 97c8 | 0100 000f | 8337 2f00 | 004d 8997 | b801 0000 | 410f 0d8a 
  0x00000275ae625080: 0001 0000 | 49c7 0001 | 0000 0041 | 0f0d 8a40 

  0x00000275ae625090: ;   {metadata({type array byte})}
  0x00000275ae625090: 0100 0041 | c740 0818 | 2300 0041 | 0f0d 8a80 | 0100 0041 | c740 0c10 | 0000 004d | 8960 104d 
  0x00000275ae6250b0: 8960 1845 | 8b4d 144d | 8bd0 4c8b | 9c24 a000 | 0000 4589 | 5314 4d8b | d349 c1ea | 0949 bb00 
  0x00000275ae6250d0: 0060 b575 | 0200 0047 | 8824 1345 | 85c9 0f84 | fc20 0000 | 458b 5114 

  0x00000275ae6250e8: ; implicit exception: dispatches to 0x00000275ae62ab70
  0x00000275ae6250e8: 458b 5a0c | 450f be51 | 10c4 c22a | f7db 498b | c944 8d53 | f045 85d2 | 0f8f 8a17 | 0000 4c8b 
  0x00000275ae625108: 9424 a000 | 0000 450f | be5a 1045 | 0fbe 5110 | 4c8b 8424 | a000 0000 | 418b 780c | 453b da0f 
  0x00000275ae625128: 8513 2d00 | 004c 8b84 | 24a0 0000 | 0041 8b70 | 1445 8b49 | 1445 3bd3 | 0f85 cc2f | 0000 458b 
  0x00000275ae625148: 410c c4e2 | 21f7 ef44 | 8b56 0c85 | ed0f 8cdd | 4000 004c | 8974 2420 | 458d 1c28 | 453b d30f 
  0x00000275ae625168: 82cb 4000 | 0045 85c0 | 762a 4d63 | c04d 8bd1 | 498d 4910 | 4c8b d648 | 8d54 2e10 | c5f8 7749 
  0x00000275ae625188: baa0 6ed7 | ad75 0200 

  0x00000275ae625190: ;   {no_reloc}
  0x00000275ae625190: 0041 ffd2 

  0x00000275ae625194: ;   {other}
  0x00000275ae625194: 0f1f 8400 | 0000 0000 | 4c8b 9424 | a000 0000 | 4101 5a0c | 4c8b 9424 | a000 0000 | 458b 5214 
  0x00000275ae6251b4: ; implicit exception: dispatches to 0x00000275ae62aa90
  0x00000275ae6251b4: 418b 5a0c | 4c8b 9c24 | a000 0000 | 450f be5b | 104c 8b84 | 24a0 0000 | 0045 8b40 | 0cc4 6222 
  0x00000275ae6251d4: f7db 418b | c841 2bcb | ffc1 85c9 | 0f8f f30d | 0000 4c8b | 9c24 a000 | 0000 4180 | 7b10 000f 
  0x00000275ae6251f4: 8543 1f00 | 0041 8b6b | 0c44 8d5d | 014c 8b84 | 24a0 0000 | 0045 8958 | 0c45 8b5a | 0c41 3beb 
  0x00000275ae625214: 0f83 da3e | 0000 41c6 | 442a 103a | 418b 6d24 | 85ed 7411 | 448b 5514 

  0x00000275ae62522c: ; implicit exception: dispatches to 0x00000275ae62abd8
  0x00000275ae62522c: 458b 5a0c | 4585 db0f | 8773 4000 | 004c 8b94 | 24a0 0000 | 0041 8b6a | 148b 4d0c | 458b 420c 
  0x00000275ae62524c: 450f be52 | 10c4 622a | f7d9 458b | d045 2bd3 | 4585 d20f | 8f19 0f00 | 004c 8b94 | 24a0 0000 
  0x00000275ae62526c: 0045 8b52 

  0x00000275ae625270: ;   {oop([B{0x0000000080001ac8})}
  0x00000275ae625270: 0c49 bbc8 | 1a00 8000 

  0x00000275ae625278: ;   {oop([B{0x0000000080001ac8})}
  0x00000275ae625278: 0000 0049 | bec8 1a00 | 8000 0000 | 0049 83c6 | 104c 8b9c | 24a0 0000 | 0041 807b | 1000 0f85 
  0x00000275ae625298: 7829 0000 | 85ed 0f84 | f53d 0000 | 4585 d20f | 8c7f 3e00 | 0044 8b5d | 0c45 3bda | 0f82 723e 
  0x00000275ae6252b8: 0000 418b | 6d28 448b | 5d14 458b | 530c 4c8b | 9c24 a000 | 0000 418b | 4b14 448b | 590c 440f 
  0x00000275ae6252d8: be45 104c | 8b8c 24a0 | 0000 0041 | 0fbe 7910 | c4c2 3af7 | da44 8bc3 | 4503 410c | c442 42f7 
  0x00000275ae6252f8: d345 8bc8 | 452b ca48 | 8bfd 4585 | c90f 8f0d | 1000 004c | 8b94 24a0 | 0000 0045 | 0fbe 5a10 
  0x00000275ae625318: 440f be55 | 104c 8b84 | 24a0 0000 | 0045 8b40 | 0c45 3bda | 0f85 6e29 | 0000 8b4d | 144c 8b8c 
  0x00000275ae625338: 24a0 0000 | 0045 8b49 | 1445 3bd3 | 0f85 f22c | 0000 448b | 510c c4c2 | 21f7 e845 | 8b59 0c85 
  0x00000275ae625358: ed0f 8c89 | 3e00 0041 | 8d3c 2a44 | 3bdf 0f82 | 7c3e 0000 | 4585 d276 | 2a4d 8bd9 | 498d 5429 
  0x00000275ae625378: ;   {no_reloc}
  0x00000275ae625378: 104d 63c2 | 4c8b d148 | 8d49 10c5 | f877 49ba | a06e d7ad | 7502 0000 

  0x00000275ae625390: ;   {other}
  0x00000275ae625390: 41ff d20f | 1f84 0000 | 0000 004c | 8b94 24a0 | 0000 0041 | 035a 0c41 | 895a 0c41 | 8b6d 2085 
  0x00000275ae6253b0: ed0f 85b9 | 4200 0041 | 8b6a 148b | 4d0c 450f | be5a 10c4 | 6222 f7d1 | 448b c345 | 2bc2 4585 
  0x00000275ae6253d0: c00f 8f3b | 1100 004c | 8b94 24a0 | 0000 0045 | 8b52 0c4c | 8b9c 24a0 | 0000 0041 | 807b 1000 
  0x00000275ae6253f0: 0f85 6229 | 0000 85ed | 0f84 bb3c | 0000 4585 | d20f 8c65 | 3d00 0044 | 8b5d 0c45 | 3bda 0f82 
  0x00000275ae625410: 583d 0000 | 418b 6d30 | 85ed 0f85 | 7442 0000 | 4c8b 9424 | a000 0000 | 418b 6a14 

  0x00000275ae62542c: ; implicit exception: dispatches to 0x00000275ae62ab08
  0x00000275ae62542c: 448b 550c | 4c8b 9c24 | a000 0000 | 450f be5b | 104c 8b84 | 24a0 0000 | 0045 8b40 | 0cc4 4222 
  0x00000275ae62544c: f7ca 458b | d845 2bd9 | 4585 db0f | 8f89 1200 | 004c 8b94 | 24a0 0000 | 0045 8b52 | 0c4c 8b9c 
  0x00000275ae62546c: 24a0 0000 | 0041 807b | 1000 0f85 | 5e29 0000 | 85ed 0f84 | 553c 0000 | 4585 d20f | 8c1f 3d00 
  0x00000275ae62548c: 0044 8b45 

  0x00000275ae625490: ;   {no_reloc}
  0x00000275ae625490: 0c45 3bc2 | 0f82 123d | 0000 498b | 9fb8 0100 | 004c 8bd3 | 4983 c218 | 4d3b 97c8 | 0100 000f 
  0x00000275ae6254b0: 8364 2b00 | 004d 8997 | b801 0000 | 410f 0d8a | 0001 0000 | 48c7 0301 

  0x00000275ae6254c8: ;   {metadata('java/lang/String')}
  0x00000275ae6254c8: 0000 00c7 | 4308 78e8 | 0000 4489 | 630c 4c89 | 6310 4c8b | 9424 a000 | 0000 418b | 4a0c 458b 
  0x00000275ae6254e8: 4214 4180 | 7a10 000f | 85ff 2200 | 0041 8b50 | 0c4d 8bd0 | 4c89 5424 | 784d 8d48 | 103b ca0f 
  0x00000275ae625508: 8596 0000 | 0048 63f2 | 81fa 0000 | 1000 0f87 | e135 0000 | 498b bfb8 | 0100 004c | 8d56 1749 
  0x00000275ae625528: 83e2 f84c | 8bdf 4d03 | da4d 3b9f | c801 0000 | 0f83 bf35 | 0000 4d89 | 9fb8 0100 | 0041 0f0d 
  0x00000275ae625548: 8b00 0100 | 0048 c707 | 0100 0000 | 410f 0d8b | 4001 0000 

  0x00000275ae62555c: ;   {metadata({type array byte})}
  0x00000275ae62555c: c747 0818 | 2300 0089 | 570c 410f | 0d8b 8001 | 0000 488b | d748 83c2 | 1048 83c6 | 0748 c1ee 
  0x00000275ae62557c: 0349 8bc9 | 4c8b c6c5 | f877 49ba | 6074 d7ad | 7502 0000 

  0x00000275ae625590: ;   {other}
  0x00000275ae625590: 41ff d20f | 1f84 0000 | 0000 0048 | 8bf7 e9d3 | 0000 0085 | c90f 8c9a | 4100 0081 | f900 0010 
  0x00000275ae6255b0: 000f 87be | 3d00 004c | 63d9 3bd1 | 8bea 0f4f | e93b d50f | 8257 3e00 | 003b cd0f | 824f 3e00 
  0x00000275ae6255d0: 0049 83c3 | 1749 8bfb | 4883 e7f8 | 81f9 0000 | 1000 0f87 | e032 0000 | 498b b7b8 | 0100 004c 
  0x00000275ae6255f0: 8bd6 4c03 | d74d 3b97 | c801 0000 | 0f83 c632 | 0000 4d89 | 97b8 0100 | 0041 0f0d | 8a00 0100 
  0x00000275ae625610: 0048 c706 | 0100 0000 | 410f 0d8a | 4001 0000 

  0x00000275ae625620: ;   {metadata({type array byte})}
  0x00000275ae625620: c746 0818 | 2300 0089 | 4e0c 410f | 0d8a 8001 | 0000 4c8b | d649 83c2 | 1049 c1eb | 0385 ed0f 
  0x00000275ae625640: 8438 3d00 | 003b e90f | 8c96 1c00 | 0048 83c7 | f048 c1ef | 0349 8bc9 | 498b d24c | 8bc7 c5f8 
  0x00000275ae625660: 7749 ba60 | 74d7 ad75 | 0200 0041 

  0x00000275ae62566c: ;   {other}
  0x00000275ae62566c: ffd2 0f1f | 8400 0000 | 0000 4c8b | d34c 8bc6 | 4489 4314 | 49c1 ea09 | 49bb 0000 | 60b5 7502 
  0x00000275ae62568c: 0000 4788 | 2413 488b | 5424 284c | 8b84 2488 | 0000 004c | 8b4c 2430 | 8b7c 2438 | 8b74 243c 
  0x00000275ae6256ac: 488b 4c24 | 5848 891c | 2466 6690 

  0x00000275ae6256b8: ;   {static_call}
  0x00000275ae6256b8: c5f8 77e8 

  0x00000275ae6256bc: ; ImmutableOopMap {[40]=Oop [88]=Oop }
                      ;*invokestatic defineClass1 {reexecute=0 rethrow=0 return_oop=1}
                      ; - java.lang.ClassLoader::defineClass@27
  0x00000275ae6256bc: 2047 d3ff 

  0x00000275ae6256c0: ;   {other}
  0x00000275ae6256c0: 0f1f 8400 | b014 0001 | 4889 4424 | 7844 8b50 | 3c45 85d2 | 0f85 3d03 | 0000 4c8b | 5010 458b 
  0x00000275ae6256e0: 5a08 4585 | db0f 8c2d | 3f00 0044 | 8b50 2c45 | 85d2 0f84 | 1519 0000 | 498b ca44 | 8b49 1445 
  0x00000275ae625700: 8b59 0c44 | 0fbe 5110 | c442 2af7 | c341 8d68 | ff45 85d2 | 0f85 0241 | 0000 418d | 7bff 3bfd 
  0x00000275ae625720: 0f4f fd85 | ff0f 8c9b | 0000 0045 | 85db 0f86 | ac3e 0000 | 413b fb0f | 83a3 3e00 | 0085 ff0f 
  0x00000275ae625740: 8ef3 3e00 | 0044 8d57 | ff41 0fbe | 5c39 1083 | fb2e 0f84 | d219 0000 | ffcf 413b | fa7f ea83 
  0x00000275ae625760: ff02 7e47 | 4c63 d743 | 0fbe 5411 | 1083 fa2e | 0f84 bd12 | 0000 430f | be5c 110f | 83fb 2e0f 
  0x00000275ae625780: 84b6 1200 | 0044 8d57 | fe43 0fbe | 5c11 1083 | fb2e 7438 | 448d 57fd | 430f be54 | 1110 83fa 
  0x00000275ae6257a0: 2e74 2983 | c7fc 83ff | 027f b983 | ffff 7e16 | 410f be5c | 3910 83fb | 2e0f 8419 

  0x00000275ae6257bc: ;   {no_reloc}
  0x00000275ae6257bc: 1a00 00ff | cf83 ffff | 7fea 41ba | ffff ffff | 4183 faff | 0f84 ca40 | 0000 4585 | d20f 8c81 
  0x00000275ae6257dc: 4000 0045 | 3bd0 0f8f | dc40 0000 | 453b d00f | 841e 1900 | 0045 85d2 | 0f84 eb1f | 0000 498b 
  0x00000275ae6257fc: 9fb8 0100 | 004c 8bc3 | 4983 c018 | 4d3b 87c8 | 0100 000f | 8322 3100 | 004d 8987 | b801 0000 
  0x00000275ae62581c: 410f 0d88 | 0001 0000 | 48c7 0301 

  0x00000275ae625828: ;   {metadata('java/lang/String')}
  0x00000275ae625828: 0000 00c7 | 4308 78e8 | 0000 4489 | 630c 4c89 | 6310 4d8b | c14c 8984 | 2488 0000 | 0049 8d71 
  0x00000275ae625848: 1045 3bd3 | 0f85 9800 | 0000 4963 | c341 81fb | 0000 1000 | 0f87 ff33 | 0000 498b | bfb8 0100 
  0x00000275ae625868: 004c 8d50 | 1749 83e2 | f84c 8bc7 | 4d03 c24d | 3b87 c801 | 0000 0f83 | dd33 0000 | 4d89 87b8 
  0x00000275ae625888: 0100 0041 | 0f0d 8800 | 0100 0048 | c707 0100 | 0000 410f | 0d88 4001 

  0x00000275ae6258a0: ;   {metadata({type array byte})}
  0x00000275ae6258a0: 0000 c747 | 0818 2300 | 0044 895f | 0c41 0f0d | 8880 0100 | 0048 8bd7 | 4883 c210 | 4883 c007 
  0x00000275ae6258c0: 48c1 e803 | 488b ce4c | 8bc0 c5f8 | 7749 ba60 | 74d7 ad75 | 0200 0041 

  0x00000275ae6258d8: ;   {other}
  0x00000275ae6258d8: ffd2 0f1f | 8400 0000 | 0000 4c8b | efe9 d600 | 0000 4181 | fa00 0010 | 000f 87dd | 3d00 0049 
  0x00000275ae6258f8: 63ca 453b | da41 8beb | 410f 4fea | 443b dd0f | 828f 3e00 | 0044 3bd5 | 0f82 863e | 0000 4883 
  0x00000275ae625918: c117 4c8b | d949 83e3 | f841 81fa | 0000 1000 | 0f87 8630 | 0000 4d8b | afb8 0100 | 004d 8bc5 
  0x00000275ae625938: 4d03 c34d | 3b87 c801 | 0000 0f83 | 6c30 0000 | 4d89 87b8 | 0100 0041 | 0f0d 8800 | 0100 0049 
  0x00000275ae625958: c745 0001 | 0000 0041 | 0f0d 8840 

  0x00000275ae625964: ;   {metadata({type array byte})}
  0x00000275ae625964: 0100 0041 | c745 0818 | 2300 0045 | 8955 0c41 | 0f0d 8880 | 0100 004d | 8bcd 4983 | c110 48c1 
  0x00000275ae625984: e903 85ed | 0f84 4e3d | 0000 413b | ea0f 8c96 | 1d00 0049 | 83c3 f049 | c1eb 0348 | 8bce 498b 
  0x00000275ae6259a4: d14d 8bc3 | c5f8 7749 | ba60 74d7 | ad75 0200 | 0041 ffd2 

  0x00000275ae6259b8: ;   {other}
  0x00000275ae6259b8: 0f1f 8400 | 0000 0000 | 4488 6310 | 4d8b dd44 | 895b 144c | 8bd3 49c1 | ea09 49bb | 0000 60b5 
  0x00000275ae6259d8: 7502 0000 | 4788 2413 | 488b d390 

  0x00000275ae6259e4: ;   {optimized virtual_call}
  0x00000275ae6259e4: c5f8 77e8 

  0x00000275ae6259e8: ; ImmutableOopMap {[40]=Oop [88]=Oop [120]=Oop }
                      ;*invokevirtual intern {reexecute=0 rethrow=0 return_oop=1}
                      ; - java.lang.Class::getPackageName@65
                      ; - java.lang.ClassLoader::postDefineClass@2
                      ; - java.lang.ClassLoader::defineClass@37
  0x00000275ae6259e8: d49d cdff 

  0x00000275ae6259ec: ;   {other}
  0x00000275ae6259ec: 0f1f 8400 | dc17 0002 | 4c8b d04c | 8b5c 2478 | 4589 533c | 4d8b d349 | c1ea 0949 | bb00 0060 
  0x00000275ae625a0c: b575 0200 | 0047 8824 | 13eb 0349 | 8bc2 4c8b | 5424 2841 | 8b4a 3885 | c90f 842c | 3500 004c 
  0x00000275ae625a2c: 8bc0 8b40 | 0c4c 8b54 | 2478 458b | 5a30 85c0 | 7560 450f | b648 1145 | 85c9 0f85 | da1c 0000 
  0x00000275ae625a4c: 450f be48 | 1045 85c9 | 0f85 163f | 0000 4489 | 5c24 344c | 8944 2420 | 458b 5814 | 488b e989 
  0x00000275ae625a6c: 4c24 3049 | 8bd3 6690 

  0x00000275ae625a74: ;   {static_call}
  0x00000275ae625a74: c5f8 77e8 

  0x00000275ae625a78: ; ImmutableOopMap {rbp=Oop [32]=Oop [40]=Oop [48]=NarrowOop [52]=NarrowOop [88]=Oop [120]=Oop }
                      ;*invokestatic hashCode {reexecute=0 rethrow=0 return_oop=0}
                      ; - java.lang.String::hashCode@27
                      ; - java.util.concurrent.ConcurrentHashMap::get@1
                      ; - java.lang.ClassLoader::getNamedPackage@5
                      ; - java.lang.ClassLoader::postDefineClass@9
                      ; - java.lang.ClassLoader::defineClass@37
  0x00000275ae625a78: 0493 76ff 

  0x00000275ae625a7c: ;   {other}
  0x00000275ae625a7c: 0f1f 8400 | 6c18 0003 | 85c0 0f84 | 981e 0000 | 4c8b 4424 | 2041 8940 | 0c8b 4c24 | 3044 8b5c 
  0x00000275ae625a9c: 2434 8b49 | 2885 c90f | 841f 0100 | 0044 8b51 | 0c45 85d2 | 0f86 623a | 0000 448b | c841 c1e9 
  0x00000275ae625abc: 1044 33c8 | 41ff ca41 | 81e1 ffff | ff7f 4523 | d14d 63d2 | 468b 5491 | 1045 85d2 | 0f84 ea00 
  0x00000275ae625adc: 0000 418b | 6a0c 413b | e90f 84c6 | 0200 0085 | ed0f 8c15 | 3e00 0041 | 8b4a 1885 | c90f 84c9 
  0x00000275ae625afc: 0000 0048 | 8bf9 8b4f | 0c49 8b97 

  0x00000275ae625b08: ; ImmutableOopMap {r11=NarrowOop r8=Oop rdi=Oop [40]=Oop [88]=Oop [120]=Oop }
                      ;*if_icmpne {reexecute=1 rethrow=0 return_oop=0}
                      ; - (reexecute) java.util.concurrent.ConcurrentHashMap::get@127
                      ; - java.lang.ClassLoader::getNamedPackage@5
                      ; - java.lang.ClassLoader::postDefineClass@9
                      ; - java.lang.ClassLoader::defineClass@37
  0x00000275ae625b08: 5804 0000 

  0x00000275ae625b0c: ;   {poll}
  0x00000275ae625b0c: 8502 413b | c974 1244 | 8b57 1845 | 85d2 0f84 | a800 0000 | 498b faeb | dd8b 6f10 | 4c8b d54d 
  0x00000275ae625b2c: 3bd0 0f84 | 8900 0000 | 85ed 0f84 | f445 0000 | 4889 7c24 | 6044 894c | 2444 4489 | 5c24 344c 
  0x00000275ae625b4c: 8944 2450 | 4c8b 5424 | 584c 8954 | 2438 448b | 5424 4044 | 8954 2430 | 4c8b 5424 | 284c 8954 
  0x00000275ae625b6c: 2420 4c8b | c548 8b54 | 2450 6690 

  0x00000275ae625b78: ;   {optimized virtual_call}
  0x00000275ae625b78: c5f8 77e8 

  0x00000275ae625b7c: ; ImmutableOopMap {[32]=Oop [52]=NarrowOop [56]=Oop [80]=Oop [96]=Oop [120]=Oop }
                      ;*invokevirtual equals {reexecute=0 rethrow=0 return_oop=0}
                      ; - java.util.concurrent.ConcurrentHashMap::get@149
                      ; - java.lang.ClassLoader::getNamedPackage@5
                      ; - java.lang.ClassLoader::postDefineClass@9
                      ; - java.lang.ClassLoader::defineClass@37
  0x00000275ae625b7c: 401d 1a00 

  0x00000275ae625b80: ;   {other}
  0x00000275ae625b80: 0f1f 8400 | 7019 0005 | 85c0 0f84 | d445 0000 | 4c8b 5424 | 204c 8954 | 2428 448b | 5c24 3044 
  0x00000275ae625ba0: 895c 2440 | 4c8b 5424 | 384c 8954 | 2458 4c8b | 4424 5044 | 8b5c 2434 | 488b 7c24 | 608b 6f14 
  0x00000275ae625bc0: 85ed 0f85 | 4f02 0000 | 498b 87b8 | 0100 004c | 8bd0 4983 | c218 4d3b | 97c8 0100 | 000f 837c 
  0x00000275ae625be0: 2e00 004d | 8997 b801 | 0000 410f | 0d8a 0001 | 0000 48c7 | 0001 0000 

  0x00000275ae625bf8: ;   {metadata('java/lang/NamedPackage')}
  0x00000275ae625bf8: 00c7 4008 | e8c0 0100 | 4489 600c | 4c89 6010 | 4c89 4424 | 2044 895c | 2430 4889 | 4424 3848 
  0x00000275ae625c18: 8b54 2420 

  0x00000275ae625c1c: ;   {optimized virtual_call}
  0x00000275ae625c1c: c5f8 77e8 

  0x00000275ae625c20: ; ImmutableOopMap {[32]=Oop [40]=Oop [48]=NarrowOop [56]=Oop [88]=Oop [120]=Oop }
                      ;*invokevirtual isEmpty {reexecute=0 rethrow=0 return_oop=0}
                      ; - java.lang.NamedPackage::<init>@5
                      ; - java.lang.ClassLoader::getNamedPackage@22
                      ; - java.lang.ClassLoader::postDefineClass@9
                      ; - java.lang.ClassLoader::defineClass@37
  0x00000275ae625c20: 5c8b 76ff 

  0x00000275ae625c24: ;   {other}
  0x00000275ae625c24: 0f1f 8400 | 141a 0006 | 85c0 0f84 | 1414 0000 | 448b 5424 | 3045 85d2 | 0f84 923b | 0000 4c89 
  0x00000275ae625c44: 5424 4849 | 8bd2 6690 

  0x00000275ae625c4c: ;   {optimized virtual_call}
  0x00000275ae625c4c: c5f8 77e8 

  0x00000275ae625c50: ; ImmutableOopMap {[32]=Oop [40]=Oop [48]=NarrowOop [56]=Oop [72]=Oop [88]=Oop [120]=Oop }
                      ;*invokevirtual isNamed {reexecute=0 rethrow=0 return_oop=0}
                      ; - java.lang.NamedPackage::<init>@12
                      ; - java.lang.ClassLoader::getNamedPackage@22
                      ; - java.lang.ClassLoader::postDefineClass@9
                      ; - java.lang.ClassLoader::defineClass@37
  0x00000275ae625c50: 2c8b 76ff 

  0x00000275ae625c54: ;   {other}
  0x00000275ae625c54: 0f1f 8400 | 441a 0007 | 85c0 0f84 | e413 0000 | 498b 87b8 | 0100 004c | 8bd0 4983 | c228 4d3b 
  0x00000275ae625c74: 97c8 0100 | 000f 83f7 | 2e00 004d | 8997 b801 | 0000 410f | 0d8a 0001 | 0000 48c7 | 0001 0000 
  0x00000275ae625c94: ;   {metadata('java/lang/InternalError')}
  0x00000275ae625c94: 00c7 4008 | 3807 0100 | 4489 600c | 4c89 6010 | 4c89 6018 | 4c89 6020 | 4889 4424 | 6849 8b87 
  0x00000275ae625cb4: b801 0000 | 4c8b d049 | 83c2 184d | 3b97 c801 | 0000 0f83 | c92e 0000 | 4d89 97b8 | 0100 0041 
  0x00000275ae625cd4: 0f0d 8a00 | 0100 0048 | c700 0100 

  0x00000275ae625ce0: ;   {metadata('java/lang/StringBuilder')}
  0x00000275ae625ce0: 0000 c740 | 0840 8000 | 0044 8960 | 0c4c 8960 | 1048 8be8 | 488b d54c | 8b54 2468 | 4c89 5424 
  0x00000275ae625d00: 6066 6690 

  0x00000275ae625d04: ;   {optimized virtual_call}
  0x00000275ae625d04: c5f8 77e8 

  0x00000275ae625d08: ; ImmutableOopMap {rbp=Oop [32]=Oop [40]=Oop [48]=NarrowOop [56]=Oop [72]=Oop [88]=Oop [96]=Oop [104]=Oop [120]=Oop }
                      ;*invokespecial <init> {reexecute=0 rethrow=0 return_oop=0}
                      ; - java.lang.NamedPackage::<init>@26
                      ; - java.lang.ClassLoader::getNamedPackage@22
                      ; - java.lang.ClassLoader::postDefineClass@9
                      ; - java.lang.ClassLoader::defineClass@37
  0x00000275ae625d08: 748a 76ff 

  0x00000275ae625d0c: ;   {other}
  0x00000275ae625d0c: 0f1f 8400 | fc1a 0008 

  0x00000275ae625d14: ;   {oop("unnamed package in  "{0x0000000080004388})}
  0x00000275ae625d14: 49b8 8843 | 0080 0000 | 0000 488b | d54c 8b54 | 2460 4c89 | 5424 5090 

  0x00000275ae625d2c: ;   {optimized virtual_call}
  0x00000275ae625d2c: c5f8 77e8 

  0x00000275ae625d30: ; ImmutableOopMap {[32]=Oop [40]=Oop [48]=NarrowOop [56]=Oop [72]=Oop [80]=Oop [88]=Oop [96]=Oop [120]=Oop }
                      ;*invokevirtual append {reexecute=0 rethrow=0 return_oop=1}
                      ; - java.lang.NamedPackage::<init>@31
                      ; - java.lang.ClassLoader::getNamedPackage@22
                      ; - java.lang.ClassLoader::postDefineClass@9
                      ; - java.lang.ClassLoader::defineClass@37
  0x00000275ae625d30: 4c8a 76ff 

  0x00000275ae625d34: ;   {other}
  0x00000275ae625d34: 0f1f 8400 | 241b 0009 | 4885 c00f | 84a7 3a00 | 0048 8bd0 | 4c8b 4424 | 484c 8b54 | 2450 4c89 
  0x00000275ae625d54: 5424 4090 

  0x00000275ae625d58: ;   {optimized virtual_call}
  0x00000275ae625d58: c5f8 77e8 

  0x00000275ae625d5c: ; ImmutableOopMap {[32]=Oop [40]=Oop [48]=NarrowOop [56]=Oop [64]=Oop [80]=Oop [88]=Oop [120]=Oop }
                      ;*invokevirtual append {reexecute=0 rethrow=0 return_oop=1}
                      ; - java.lang.NamedPackage::<init>@35
                      ; - java.lang.ClassLoader::getNamedPackage@22
                      ; - java.lang.ClassLoader::postDefineClass@9
                      ; - java.lang.ClassLoader::defineClass@37
  0x00000275ae625d5c: 208a 76ff 

  0x00000275ae625d60: ;   {other}
  0x00000275ae625d60: 0f1f 8400 | 501b 000a | 4885 c00f | 8493 3a00 | 0048 8bd0 

  0x00000275ae625d74: ;   {optimized virtual_call}
  0x00000275ae625d74: c5f8 77e8 

  0x00000275ae625d78: ; ImmutableOopMap {[32]=Oop [40]=Oop [48]=NarrowOop [56]=Oop [64]=Oop [88]=Oop [120]=Oop }
                      ;*invokevirtual toString {reexecute=0 rethrow=0 return_oop=1}
                      ; - java.lang.NamedPackage::<init>@38
                      ; - java.lang.ClassLoader::getNamedPackage@22
                      ; - java.lang.ClassLoader::postDefineClass@9
                      ; - java.lang.ClassLoader::defineClass@37
  0x00000275ae625d78: 048a 76ff 

  0x00000275ae625d7c: ;   {other}
  0x00000275ae625d7c: 0f1f 8400 | 6c1b 000b | 488b 5424 | 404c 8bc0 

  0x00000275ae625d8c: ;   {optimized virtual_call}
  0x00000275ae625d8c: c5f8 77e8 

  0x00000275ae625d90: ; ImmutableOopMap {[32]=Oop [40]=Oop [48]=NarrowOop [56]=Oop [64]=Oop [88]=Oop [120]=Oop }
                      ;*invokespecial <init> {reexecute=0 rethrow=0 return_oop=0}
                      ; - java.lang.NamedPackage::<init>@41
                      ; - java.lang.ClassLoader::getNamedPackage@22
                      ; - java.lang.ClassLoader::postDefineClass@9
                      ; - java.lang.ClassLoader::defineClass@37
  0x00000275ae625d90: ec89 76ff 

  0x00000275ae625d94: ;   {other}
  0x00000275ae625d94: 0f1f 8400 | 841b 000c | 488b 5424 | 40c5 f877 | 4881 c4d0 | 0000 005d 

  0x00000275ae625dac: ;   {runtime_call _rethrow_Java}
  0x00000275ae625dac: e94f fd81 | ff41 8b6a | 1048 8bcd | 493b c874 | 4e85 ed0f | 8477 3b00 | 0044 894c | 2434 4489 
  0x00000275ae625dcc: 5c24 304c | 8944 2420 | 4c8b c549 | 8bea 4489 | 5424 3848 | 8b54 2420 

  0x00000275ae625de4: ;   {optimized virtual_call}
  0x00000275ae625de4: c5f8 77e8 

  0x00000275ae625de8: ; ImmutableOopMap {rbp=Oop [32]=Oop [40]=Oop [48]=NarrowOop [56]=NarrowOop [88]=Oop [120]=Oop }
                      ;*invokevirtual equals {reexecute=0 rethrow=0 return_oop=0}
                      ; - java.util.concurrent.ConcurrentHashMap::get@73
                      ; - java.lang.ClassLoader::getNamedPackage@5
                      ; - java.lang.ClassLoader::postDefineClass@9
                      ; - java.lang.ClassLoader::defineClass@37
  0x00000275ae625de8: d41a 1a00 

  0x00000275ae625dec: ;   {other}
  0x00000275ae625dec: 0f1f 8400 | dc1b 000d | 85c0 0f84 | 0f1b 0000 | 4c8b 4424 | 2044 8b5c | 2430 448b | 5424 3841 
  0x00000275ae625e0c: 8b6a 1485 | ed0f 84b1 | fdff ff44 | 8b55 0849 | bb00 0000 | bb75 0200 | 004d 03da | 4d8b 5338 
  0x00000275ae625e2c: ;   {metadata('java/lang/NamedPackage')}
  0x00000275ae625e2c: 49bb e8c0 | 01bb 7502 | 0000 4d3b | d30f 85a5 | 3400 004c | 8b54 2458 | 458b 5210 

  0x00000275ae625e48: ; implicit exception: dispatches to 0x00000275ae62acf0
  0x00000275ae625e48: 418b 4a14 | 85c9 0f85 | ca00 0000 | 458b 4a10 | 4585 c90f | 8543 2700 | 0048 8b44 | 2478 c5f8 
  0x00000275ae625e68: 7748 81c4 | d000 0000 

  0x00000275ae625e70: ;   {poll_return}
  0x00000275ae625e70: 5d49 3ba7 | 5004 0000 | 0f87 0a54 | 0000 c345 | 8b5a 0c45 | 8b42 084d | 63cb 498b | ea49 c1e1 
  0x00000275ae625e90: 0241 81fb | 0000 0400 | 0f87 682d | 0000 498b | bfb8 0100 | 0049 8d49 | 1748 83e1 | f848 8bd7 
  0x00000275ae625eb0: 4803 d149 | 3b97 c801 | 0000 0f83 | 462d 0000 | 4989 97b8 | 0100 000f | 0d8a 0001 | 0000 48c7 
  0x00000275ae625ed0: 0701 0000 | 0044 8947 | 0844 895f | 0c0f 0d8a | 4001 0000 | 0f0d 8a80 | 0100 0049 | 8d4a 1048 
  0x00000275ae625ef0: 8bd7 4883 | c210 4983 | c107 49c1 | e903 4d8b | c1c5 f877 | 49ba 6074 | d7ad 7502 | 0000 41ff 
  0x00000275ae625f10: ;   {other}
  0x00000275ae625f10: d20f 1f84 | 0000 0000 | 00e9 56f0 | ffff 448b | 410c 448b | 4908 488b | e949 63f8 | 48c1 e702 
  0x00000275ae625f30: 4181 f800 | 0004 000f | 87bb 2d00 | 0049 8b9f | b801 0000 | 4c8d 5717 | 4983 e2f8 | 4c8b db4d 
  0x00000275ae625f50: 03da 4d3b | 9fc8 0100 | 000f 8399 | 2d00 004d | 899f b801 | 0000 410f | 0d8b 0001 | 0000 48c7 
  0x00000275ae625f70: 0301 0000 | 0044 894b | 0844 8943 | 0c41 0f0d | 8b40 0100 | 0041 0f0d | 8b80 0100 | 0048 8d49 
  0x00000275ae625f90: 1048 8bd3 | 4883 c210 | 4883 c707 | 48c1 ef03 | 4c8b c7c5 | f877 49ba | 6074 d7ad | 7502 0000 
  0x00000275ae625fb0: ;   {other}
  0x00000275ae625fb0: 41ff d20f | 1f84 0000 | 0000 0048 | 8b54 2478 | 4c8b c390 

  0x00000275ae625fc4: ;   {optimized virtual_call}
  0x00000275ae625fc4: c5f8 77e8 

  0x00000275ae625fc8: ; ImmutableOopMap {[120]=Oop }
                      ;*invokevirtual setSigners {reexecute=0 rethrow=0 return_oop=0}
                      ; - java.lang.ClassLoader::setSigners@2
                      ; - java.lang.ClassLoader::postDefineClass@35
                      ; - java.lang.ClassLoader::defineClass@37
  0x00000275ae625fc8: b487 76ff 

  0x00000275ae625fcc: ;   {other}
  0x00000275ae625fcc: 0f1f 8400 | bc1d 000e | e988 feff | ff89 5c24 | 6444 8954 | 2460 488b | ac24 a000 | 0000 4c8b 
  0x00000275ae625fec: 5424 204c | 8954 2450 | 4489 6c24 | 444c 8b54 | 2458 4c89 | 5424 484c | 8b94 2488 | 0000 004c 
  0x00000275ae62600c: 8954 2420 | 41ff c048 | 8bd5 6690 

  0x00000275ae626018: ;   {optimized virtual_call}
  0x00000275ae626018: c5f8 77e8 

  0x00000275ae62601c: ; ImmutableOopMap {rbp=Oop [32]=Oop [40]=Oop [48]=Oop [68]=NarrowOop [72]=Oop [80]=Oop [96]=NarrowOop [136]=Oop [160]=Oop }
                      ;*invokevirtual newCapacity {reexecute=0 rethrow=0 return_oop=0}
                      ; - java.lang.AbstractStringBuilder::ensureCapacityInternal@24
                      ; - java.lang.AbstractStringBuilder::append@7
                      ; - java.lang.StringBuilder::append@2
                      ; - java.net.URLStreamHandler::toExternalForm@16
                      ; - java.net.URL::toExternalForm@5
                      ; - java.net.URL::toString@1
                      ; - java.lang.ClassLoader::defineClassSourceLocation@22
                      ; - java.lang.ClassLoader::defineClass@12
  0x00000275ae62601c: 6087 76ff 

  0x00000275ae626020: ;   {other}
  0x00000275ae626020: 0f1f 8400 | 101e 000f | 440f be5d | 10c4 6221 | f7c0 448b | 5424 604d | 8bda 4c89 | 9c24 9000 
  0x00000275ae626040: 0000 4d8d | 5a10 443b | 4424 640f | 843f 1300 | 0041 81f8 | 0000 1000 | 0f87 5a39 | 0000 4d63 
  0x00000275ae626060: c88b 4c24 | 6441 3bc8 | 8be9 410f | 4fe8 3bcd | 0f82 633c | 0000 443b | c50f 825a | 3c00 0049 
  0x00000275ae626080: 83c1 1749 | 8bf9 4883 | e7f8 4181 | f800 0010 | 000f 87a2 | 2c00 0049 | 8b9f b801 | 0000 4c8b 
  0x00000275ae6260a0: d34c 03d7 | 4d3b 97c8 | 0100 000f | 8388 2c00 | 004d 8997 | b801 0000 | 410f 0d8a | 0001 0000 
  0x00000275ae6260c0: 48c7 0301 | 0000 0041 | 0f0d 8a40 

  0x00000275ae6260cc: ;   {metadata({type array byte})}
  0x00000275ae6260cc: 0100 00c7 | 4308 1823 | 0000 4489 | 430c 410f | 0d8a 8001 | 0000 4c8b | d349 83c2 | 1049 c1e9 
  0x00000275ae6260ec: 0385 ed0f | 84cb 3800 | 0041 3be8 | 0f8c f520 | 0000 4883 | c7f0 48c1 | ef03 498b | cb49 8bd2 
  0x00000275ae62610c: 4c8b c7c5 | f877 49ba | 6074 d7ad | 7502 0000 

  0x00000275ae62611c: ;   {other}
  0x00000275ae62611c: 41ff d20f | 1f84 0000 | 0000 004c | 8b94 24a0 | 0000 004d | 8bda 4c8b | d34c 8b84 | 24a0 0000 
  0x00000275ae62613c: 0045 8950 | 1449 c1eb | 0949 b800 | 0060 b575 | 0200 0047 | 8824 184c | 8b5c 2420 | 4c89 9c24 
  0x00000275ae62615c: 8800 0000 | 4c8b 5c24 | 484c 895c | 2458 448b | 6c24 444c | 8b5c 2450 | 4c89 5c24 | 20e9 68f0 
  0x00000275ae62617c: ffff 894c | 2464 896c | 2460 488b | ac24 a000 | 0000 4c8b | 5424 204c | 8954 2450 | 4489 6c24 
  0x00000275ae62619c: 444c 8b54 | 2458 4c89 | 5424 484c | 8b94 2488 | 0000 004c | 8954 2420 | 488b d590 

  0x00000275ae6261b8: ;   {optimized virtual_call}
  0x00000275ae6261b8: c5f8 77e8 

  0x00000275ae6261bc: ; ImmutableOopMap {rbp=Oop [32]=Oop [40]=Oop [48]=Oop [68]=NarrowOop [72]=Oop [80]=Oop [96]=NarrowOop [136]=Oop [160]=Oop }
                      ;*invokevirtual newCapacity {reexecute=0 rethrow=0 return_oop=0}
                      ; - java.lang.AbstractStringBuilder::ensureCapacityInternal@24
                      ; - java.lang.AbstractStringBuilder::append@21
                      ; - java.lang.StringBuilder::append@2
                      ; - java.net.URLStreamHandler::toExternalForm@59
                      ; - java.net.URL::toExternalForm@5
                      ; - java.net.URL::toString@1
                      ; - java.lang.ClassLoader::defineClassSourceLocation@22
                      ; - java.lang.ClassLoader::defineClass@12
  0x00000275ae6261bc: c085 76ff 

  0x00000275ae6261c0: ;   {other}
  0x00000275ae6261c0: 0f1f 8400 | b01f 0010 | 440f be55 | 10c4 6229 | f7d8 448b | 5424 604d | 8bc2 4c89 | 8424 9000 
  0x00000275ae6261e0: 0000 4d8d | 4a10 443b | 5c24 640f | 8435 1200 | 0041 81fb | 0000 1000 | 0f87 2e38 | 0000 4963 
  0x00000275ae626200: cb8b 5c24 | 6441 3bdb | 8beb 410f | 4feb 3bdd | 0f82 2e3b | 0000 443b | dd0f 8225 | 3b00 0048 
  0x00000275ae626220: 83c1 174c | 8bc1 4983 | e0f8 4181 | fb00 0010 | 000f 8759 | 2b00 0049 | 8b9f b801 | 0000 4c8b 
  0x00000275ae626240: d34d 03d0 | 4d3b 97c8 | 0100 000f | 833f 2b00 | 004d 8997 | b801 0000 | 410f 0d8a | 0001 0000 
  0x00000275ae626260: 48c7 0301 | 0000 0041 | 0f0d 8a40 

  0x00000275ae62626c: ;   {metadata({type array byte})}
  0x00000275ae62626c: 0100 00c7 | 4308 1823 | 0000 4489 | 5b0c 410f | 0d8a 8001 | 0000 4c8b | d349 83c2 | 1048 c1e9 
  0x00000275ae62628c: 0385 ed0f | 849f 3700 | 0041 3beb | 0f8c f31f | 0000 4983 | c0f0 49c1 | e803 498b | c949 8bd2 
  0x00000275ae6262ac: c5f8 7749 | ba60 74d7 | ad75 0200 | 0041 ffd2 

  0x00000275ae6262bc: ;   {other}
  0x00000275ae6262bc: 0f1f 8400 | 0000 0000 | 4c8b 9424 | a000 0000 | 488b eb4c | 8b9c 24a0 | 0000 0041 | 896b 1449 
  0x00000275ae6262dc: c1ea 0949 | bb00 0060 | b575 0200 | 0047 8824 | 134c 8b54 | 2420 4c89 | 9424 8800 | 0000 4c8b 
  0x00000275ae6262fc: 5424 484c | 8954 2458 | 448b 6c24 | 444c 8b54 | 2450 4c89 | 5424 20e9 | 4def ffff | 4889 bc24 
  0x00000275ae62631c: 8000 0000 | 895c 247c | 4489 5c24 | 7889 4c24 | 7489 6c24 | 704c 8974 | 2468 4c8b | 9424 a000 
  0x00000275ae62633c: 0000 4c89 | 5424 604c | 8b54 2420 | 4c89 5424 | 5044 896c | 2444 4c8b | 5424 584c | 8954 2448 
  0x00000275ae62635c: 4c8b 9424 | 8800 0000 | 4c89 5424 | 2048 8b54 | 2460 4889 

  0x00000275ae626370: ;   {oop([B{0x0000000080001ac8})}
  0x00000275ae626370: 5424 5848 | bdc8 1a00 | 8000 0000 | 0066 6690 

  0x00000275ae626380: ;   {optimized virtual_call}
  0x00000275ae626380: c5f8 77e8 

  0x00000275ae626384: ; ImmutableOopMap {rbp=Oop [104]=Derived_oop_rbp [32]=Oop [40]=Oop [48]=Oop [68]=NarrowOop [72]=Oop [80]=Oop [88]=Oop [96]=Oop [112]=NarrowOop [116]=NarrowOop [128]=Oop [160]=Oop }
                      ;*invokevirtual newCapacity {reexecute=0 rethrow=0 return_oop=0}
                      ; - java.lang.AbstractStringBuilder::ensureCapacityInternal@24
                      ; - java.lang.AbstractStringBuilder::append@21
                      ; - java.lang.StringBuilder::append@2
                      ; - java.net.URLStreamHandler::toExternalForm@77
                      ; - java.net.URL::toExternalForm@5
                      ; - java.net.URL::toString@1
                      ; - java.lang.ClassLoader::defineClassSourceLocation@22
                      ; - java.lang.ClassLoader::defineClass@12
  0x00000275ae626384: b8c7 d3ff 

  0x00000275ae626388: ;   {other}
  0x00000275ae626388: 0f1f 8400 | 7821 0011 | 4c8b 5424 | 5845 0fbe | 5a10 c462 | 21f7 d08b | 4c24 744c | 8bd9 4c89 
  0x00000275ae6263a8: 9c24 b000 | 0000 4c8d | 4910 443b | 5424 780f | 84ff 1000 | 0041 81fa | 0000 1000 | 0f87 d336 
  0x00000275ae6263c8: 0000 4963 | da44 8b44 | 2478 453b | c245 8bd8 | 418b fb41 | 0f4f fa89 | 7c24 7444 | 3bc7 0f82 
  0x00000275ae6263e8: c039 0000 | 443b d70f | 82b7 3900 | 0048 83c3 | 1748 8bcb | 4883 e1f8 | 4181 fa00 | 0010 000f 
  0x00000275ae626408: 87df 2900 | 0049 8b97 | b801 0000 | 4c8b da4c | 03d9 4d3b | 9fc8 0100 | 000f 83c5 | 2900 004d 
  0x00000275ae626428: 899f b801 | 0000 410f | 0d8b 0001 | 0000 48c7 | 0201 0000 | 0041 0f0d | 8b40 0100 

  0x00000275ae626444: ;   {metadata({type array byte})}
  0x00000275ae626444: 00c7 4208 | 1823 0000 | 4489 520c | 410f 0d8b | 8001 0000 | 4c8b c249 | 83c0 1048 | c1eb 0344 
  0x00000275ae626464: 8b5c 2474 | 4585 db0f | 8434 3600 | 0045 3bda | 0f8c b21e | 0000 488b | fa48 83c1 | f048 c1e9 
  0x00000275ae626484: 034c 8bd9 | 498b c949 | 8bd0 4d8b | c3c5 f877 | 49ba 6074 | d7ad 7502 | 0000 41ff 

  0x00000275ae6264a0: ;   {other}
  0x00000275ae6264a0: d20f 1f84 | 0000 0000 | 0048 8bd7 | 4c8b 5424 | 584d 8bda | 4c8b d24c | 8b44 2458 | 4589 5014 
  0x00000275ae6264c0: 49c1 eb09 | 49ba 0000 | 60b5 7502 | 0000 4788 | 241a 4c8b | 5424 204c | 8994 2488 | 0000 004c 
  0x00000275ae6264e0: 8b54 2448 | 4c89 5424 | 5844 8b6c | 2444 4c8b | 5424 504c | 8954 2420 | 4c8b 7424 | 688b 6c24 
  0x00000275ae626500: 708b 5c24 | 7c48 8bbc | 2480 0000 | 00e9 f9ed | ffff 894c | 2474 896c | 2470 4c89 | 7424 684c 
  0x00000275ae626520: 8b9c 24a0 | 0000 004c | 895c 2460 | 4c8b 5c24 | 204c 895c | 2450 4489 | 6c24 444c | 8b5c 2458 
  0x00000275ae626540: 4c89 5c24 | 484c 8b9c | 2488 0000 | 004c 895c | 2420 488b | 5424 6044 | 8bc3 4889 

  0x00000275ae62655c: ;   {oop([B{0x0000000080001ac8})}
  0x00000275ae62655c: 5424 5848 | bdc8 1a00 | 8000 0000 | 0066 6690 

  0x00000275ae62656c: ;   {optimized virtual_call}
  0x00000275ae62656c: c5f8 77e8 

  0x00000275ae626570: ; ImmutableOopMap {rbp=Oop [104]=Derived_oop_rbp [32]=Oop [40]=Oop [48]=Oop [68]=NarrowOop [72]=Oop [80]=Oop [88]=Oop [96]=Oop [112]=NarrowOop [136]=Oop [160]=Oop }
                      ;*invokevirtual newCapacity {reexecute=0 rethrow=0 return_oop=0}
                      ; - java.lang.AbstractStringBuilder::ensureCapacityInternal@24
                      ; - java.lang.AbstractStringBuilder::append@21
                      ; - java.lang.StringBuilder::append@2
                      ; - java.net.URLStreamHandler::toExternalForm@113
                      ; - java.net.URL::toExternalForm@5
                      ; - java.net.URL::toString@1
                      ; - java.lang.ClassLoader::defineClassSourceLocation@22
                      ; - java.lang.ClassLoader::defineClass@12
  0x00000275ae626570: 0c82 76ff 

  0x00000275ae626574: ;   {other}
  0x00000275ae626574: 0f1f 8400 | 6423 0012 | 4c8b 5424 | 5845 0fbe | 5210 c462 | 29f7 d044 | 8b5c 2470 | 4d8b c34c 
  0x00000275ae626594: 8984 2498 | 0000 0049 | 8d73 1044 | 3b54 2474 | 0f84 ce0f | 0000 4181 | fa00 0010 | 000f 875a 
  0x00000275ae6265b4: 3500 0049 | 63ca 448b | 4c24 7445 | 3bca 458b | c145 0f4f | c244 8944 | 2464 453b | c80f 8235 
  0x00000275ae6265d4: 3800 0045 | 3bd0 0f82 | 2c38 0000 | 4883 c117 | 4c8b c149 | 83e0 f841 | 81fa 0000 | 1000 0f87 
  0x00000275ae6265f4: 5528 0000 | 498b 9fb8 | 0100 004c | 8bdb 4d03 | d84d 3b9f | c801 0000 | 0f83 3b28 | 0000 4d89 
  0x00000275ae626614: 9fb8 0100 | 0041 0f0d | 8b00 0100 | 0048 c703 | 0100 0000 | 410f 0d8b | 4001 0000 

  0x00000275ae626630: ;   {metadata({type array byte})}
  0x00000275ae626630: c743 0818 | 2300 0044 | 8953 0c41 | 0f0d 8b80 | 0100 004c | 8bcb 4983 | c110 48c1 | e903 448b 
  0x00000275ae626650: 5c24 6445 | 85db 0f84 | bd34 0000 | 458b da44 | 8b54 2464 | 453b d30f | 8c66 1d00 | 0049 83c0 
  0x00000275ae626670: f049 c1e8 | 0348 8bce | 498b d1c5 | f877 49ba | 6074 d7ad | 7502 0000 

  0x00000275ae626688: ;   {other}
  0x00000275ae626688: 41ff d20f | 1f84 0000 | 0000 004c | 8b54 2458 | 488b eb4c | 8b5c 2458 | 4189 6b14 | 49c1 ea09 
  0x00000275ae6266a8: 49bb 0000 | 60b5 7502 | 0000 4788 | 2413 4c8b | 5424 204c | 8994 2488 | 0000 004c | 8b54 2448 
  0x00000275ae6266c8: 4c89 5424 | 5844 8b6c | 2444 4c8b | 5424 504c | 8954 2420 | 4c8b 7424 | 68e9 f1ec | ffff 4489 
  0x00000275ae6266e8: 5424 6889 | 6c24 444c | 8974 2460 | 4c8b 9424 | a000 0000 | 4c89 5424 | 504c 8b54 | 2458 4c89 
  0x00000275ae626708: 5424 484c | 8b94 2488 | 0000 004c | 8954 2420 | 488b 5424 

  0x00000275ae62671c: ;   {oop([B{0x0000000080001ac8})}
  0x00000275ae62671c: 5048 bdc8 | 1a00 8000 | 0000 0090 

  0x00000275ae626728: ;   {optimized virtual_call}
  0x00000275ae626728: c5f8 77e8 

  0x00000275ae62672c: ; ImmutableOopMap {rbp=Oop [96]=Derived_oop_rbp [32]=Oop [40]=Oop [48]=Oop [68]=NarrowOop [72]=Oop [80]=Oop [136]=Oop [160]=Oop }
                      ;*invokevirtual newCapacity {reexecute=0 rethrow=0 return_oop=0}
                      ; - java.lang.AbstractStringBuilder::ensureCapacityInternal@24
                      ; - java.lang.AbstractStringBuilder::append@21
                      ; - java.lang.StringBuilder::append@2
                      ; - java.net.URLStreamHandler::toExternalForm@149
                      ; - java.net.URL::toExternalForm@5
                      ; - java.net.URL::toString@1
                      ; - java.lang.ClassLoader::defineClassSourceLocation@22
                      ; - java.lang.ClassLoader::defineClass@12
  0x00000275ae62672c: 5080 76ff 

  0x00000275ae626730: ;   {other}
  0x00000275ae626730: 0f1f 8400 | 2025 0013 | 4c8b 5424 | 5045 0fbe | 5210 c462 | 29f7 d044 | 8b4c 2444 | 4d8b d94c 
  0x00000275ae626750: 899c 2488 | 0000 0049 | 8d71 1044 | 3b54 2468 | 0f84 ab0e | 0000 4181 | fa00 0010 | 000f 870f 
  0x00000275ae626770: 3400 0049 | 63ca 448b | 5c24 6845 | 3bda 418b | db41 0f4f | da89 9c24 | 9000 0000 | 443b db0f 
  0x00000275ae626790: 82d3 3600 | 0044 3bd3 | 0f82 ca36 | 0000 4883 | c117 4c8b | c149 83e0 | f841 81fa | 0000 1000 
  0x00000275ae6267b0: 0f87 ed26 | 0000 498b | 9fb8 0100 | 004c 8bdb | 4d03 d84d | 3b9f c801 | 0000 0f83 | d326 0000 
  0x00000275ae6267d0: 4d89 9fb8 | 0100 0041 | 0f0d 8b00 | 0100 0048 | c703 0100 | 0000 410f | 0d8b 4001 

  0x00000275ae6267ec: ;   {metadata({type array byte})}
  0x00000275ae6267ec: 0000 c743 | 0818 2300 | 0044 8953 | 0c41 0f0d | 8b80 0100 | 004c 8bcb | 4983 c110 | 48c1 e903 
  0x00000275ae62680c: 448b 9c24 | 9000 0000 | 4585 db0f | 846d 3300 | 0045 3bda | 0f8c 481c | 0000 4983 | c0f0 49c1 
  0x00000275ae62682c: e803 488b | ce49 8bd1 | c5f8 7749 | ba60 74d7 | ad75 0200 | 0041 ffd2 

  0x00000275ae626844: ;   {other}
  0x00000275ae626844: 0f1f 8400 | 0000 0000 | 4c8b 5424 | 5048 8beb | 4c8b 5c24 | 5041 896b | 1449 c1ea | 0949 bb00 
  0x00000275ae626864: 0060 b575 | 0200 0047 | 8824 134c | 8b54 2420 | 4c89 9424 | 8800 0000 | 4c8b 5424 | 484c 8954 
  0x00000275ae626884: 2458 4c8b | 7424 60e9 | cdeb ffff | 4889 4c24 | 7089 5c24 | 6c44 894c | 2468 4c89 | 4424 6048 
  0x00000275ae6268a4: 8bac 24a0 | 0000 004c | 8974 2450 | 4489 6c24 | 444c 8b54 | 2458 4c89 | 5424 484c | 8b94 2488 
  0x00000275ae6268c4: 0000 004c | 8954 2420 | 488b d544 | 8bc3 6690 

  0x00000275ae6268d4: ;   {optimized virtual_call}
  0x00000275ae6268d4: c5f8 77e8 

  0x00000275ae6268d8: ; ImmutableOopMap {rbp=Oop [32]=Oop [40]=Oop [48]=Oop [68]=NarrowOop [72]=Oop [80]=Oop [96]=Oop [104]=NarrowOop [112]=Oop [136]=Oop [160]=Oop }
                      ;*invokevirtual newCapacity {reexecute=0 rethrow=0 return_oop=0}
                      ; - java.lang.AbstractStringBuilder::ensureCapacityInternal@24
                      ; - java.lang.AbstractStringBuilder::append@21
                      ; - java.lang.StringBuilder::append@2
                      ; - java.net.URLStreamHandler::toExternalForm@11
                      ; - java.net.URL::toExternalForm@5
                      ; - java.net.URL::toString@1
                      ; - java.lang.ClassLoader::defineClassSourceLocation@22
                      ; - java.lang.ClassLoader::defineClass@12
  0x00000275ae6268d8: a47e 76ff 

  0x00000275ae6268dc: ;   {other}
  0x00000275ae6268dc: 0f1f 8400 | cc26 0014 | 440f be55 | 104c 8b5c | 2460 4983 | c310 c462 | 29f7 d041 | 83fa 100f 
  0x00000275ae6268fc: 84a9 0d00 | 0041 81fa | 0000 1000 | 0f87 5a33 | 0000 4963 | ca41 b910 | 0000 0045 | 3bca 41b8 
  0x00000275ae62691c: 1000 0000 | 450f 4fc2 | 4183 f810 | 0f87 c532 | 0000 453b | d00f 82bc | 3200 0048 | 83c1 1748 
  0x00000275ae62693c: 8bf9 4883 | e7f8 4181 | fa00 0010 | 000f 87a5 | 2500 0049 | 8b9f b801 | 0000 4c8b | cb4c 03cf 
  0x00000275ae62695c: 4d3b 8fc8 | 0100 000f | 838b 2500 | 004d 898f | b801 0000 | 410f 0d89 | 0001 0000 | 48c7 0301 
  0x00000275ae62697c: 0000 0041 | 0f0d 8940 

  0x00000275ae626984: ;   {metadata({type array byte})}
  0x00000275ae626984: 0100 00c7 | 4308 1823 | 0000 4489 | 530c 410f | 0d89 8001 | 0000 4c8b | cb49 83c1 | 1048 c1e9 
  0x00000275ae6269a4: 0345 85c0 | 0f84 c232 | 0000 453b | c20f 8c52 | 1b00 0048 | 83c7 f048 | c1ef 0349 | 8bcb 498b 
  0x00000275ae6269c4: d14c 8bc7 | c5f8 7749 | ba60 74d7 | ad75 0200 | 0041 ffd2 

  0x00000275ae6269d8: ;   {other}
  0x00000275ae6269d8: 0f1f 8400 | 0000 0000 | 4c8b d344 | 8955 144c | 8bd5 49c1 | ea09 49bb | 0000 60b5 | 7502 0000 
  0x00000275ae6269f8: 4788 2413 | 4c8b 5424 | 204c 8994 | 2488 0000 | 004c 8b54 | 2448 4c89 | 5424 5844 | 8b6c 2444 
  0x00000275ae626a18: 4c8b 5424 | 5044 8b4c | 2468 8b5c | 246c 488b | 4c24 704d | 8bf2 e9d3 | e6ff ff44 | 8bd7 e991 
  0x00000275ae626a38: edff ff44 | 8d57 ffe9 | 88ed ffff | 41ff c545 | 3be8 7c37 | 4533 ede9 | ec02 0000 | 453b c10f 
  0x00000275ae626a58: 8564 3600 | 0045 8d50 | ff45 3bd0 | 0f83 8a34 | 0000 4585 | c90f 8681 | 3400 0041 | 8d49 ff41 
  0x00000275ae626a78: 3bc9 0f83 | a834 0000 | 4533 ed43 | 8b54 ae10 

  0x00000275ae626a88: ; implicit exception: dispatches to 0x00000275ae62ad0c
  0x00000275ae626a88: 448b 5208 | 418b 6b10 | 3bd5 74b0 

  0x00000275ae626a94: ; implicit exception: dispatches to 0x00000275ae62ad94
                      ;   {metadata('sun/security/x509/X509CertImpl')}
  0x00000275ae626a94: 8b5d 0841 | 81fa 98bf | 0501 0f85 | 543d 0000 | 488b cd4c | 8bd2 418b | 7a20 c5f9 

  0x00000275ae626ab0: ;   {metadata('sun/security/x509/X509CertImpl')}
  0x00000275ae626ab0: 6ec7 81fb | 98bf 0501 | 0f85 c63d | 0000 448b | 5120 488b | ef49 8bf2 | 488b fd48 | 3bfe 0f84 
  0x00000275ae626ad0: cb00 0000 | 4885 ff0f | 84c9 0000 | 0048 85f6 | 0f84 c000 | 0000 8b4f | 0c3b 4e0c | 0f85 b400 
  0x00000275ae626af0: 0000 85c9 | 0f84 a500 | 0000 488d | 7f10 488d | 7610 8bc1 | 83e0 1f83 | e1e0 0f84 | 4b00 0000 
  0x00000275ae626b10: 488d 3c0f | 488d 340e | 48f7 d9c5 | fe6f 0c0f | c5fe 6f14 | 0ec5 f5ef | cac4 e27d | 17c9 0f85 
  0x00000275ae626b30: 7200 0000 | 4883 c120 | 75e1 85c0 | 0f84 5d00 | 0000 c5fe | 6f4c 07e0 | c5fe 6f54 | 06e0 c5f5 
  0x00000275ae626b50: efca c4e2 | 7d17 c975 | 4deb 448b | c883 e1fc | 7419 488d | 3c0f 488d | 340e 48f7 | d98b 1c0f 
  0x00000275ae626b70: 3b1c 0e75 | 3148 83c1 | 0475 f2a8 | 0274 120f | b71f 0fb7 | 0e3b d975 | 1d48 8d7f | 0248 8d76 
  0x00000275ae626b90: 02a8 0174 | 0a0f b61f | 0fb6 0e3b | d975 07b8 | 0100 0000 | eb02 33c0 | c5f5 efc9 | c5ed efd2 
  0x00000275ae626bb0: ;   {no_reloc}
  0x00000275ae626bb0: 85c0 0f85 | 8cfe ffff | 41ba 0100 | 0000 453b | d10f 8d2a | 0100 0066 | 0f1f 8400 | 0000 0000 
  0x00000275ae626bd0: 438b 7c93 | 103b d70f | 8467 feff | ff8b 5f08 

  0x00000275ae626be0: ;   {metadata('sun/security/x509/X509CertImpl')}
  0x00000275ae626be0: 488b cf81 | fb98 bf05 | 010f 8598 | 3c00 008b | 4920 488b | f148 8bfd | 483b fe0f | 84cb 0000 
  0x00000275ae626c00: 0048 85ff | 0f84 c900 | 0000 4885 | f60f 84c0 | 0000 008b | 4f0c 3b4e | 0c0f 85b4 | 0000 0085 
  0x00000275ae626c20: c90f 84a5 | 0000 0048 | 8d7f 1048 | 8d76 108b | c183 e01f | 83e1 e00f | 844b 0000 | 0048 8d3c 
  0x00000275ae626c40: 0f48 8d34 | 0e48 f7d9 | c5fe 6f0c | 0fc5 fe6f | 140e c5f5 | efca c4e2 | 7d17 c90f | 8572 0000 
  0x00000275ae626c60: 0048 83c1 | 2075 e185 | c00f 845d | 0000 00c5 | fe6f 4c07 | e0c5 fe6f | 5406 e0c5 | f5ef cac4 
  0x00000275ae626c80: e27d 17c9 | 754d eb44 | 8bc8 83e1 | fc74 1948 | 8d3c 0f48 | 8d34 0e48 | f7d9 8b1c | 0f3b 1c0e 
  0x00000275ae626ca0: 7531 4883 | c104 75f2 | a802 7412 | 0fb7 1f0f | b70e 3bd9 | 751d 488d | 7f02 488d | 7602 a801 
  0x00000275ae626cc0: 740a 0fb6 | 1f0f b60e | 3bd9 7507 | b801 0000 | 00eb 0233 | c0c5 f5ef | c9c5 edef | d285 c00f 
  0x00000275ae626ce0: ;   {no_reloc}
  0x00000275ae626ce0: 855f fdff | ff41 ffc2 | 453b d10f | 8cdf feff | ff48 8b6c | 2428 488b | 4c24 5848 | 894c 2440 
  0x00000275ae626d00: 4c89 5c24 | 484c 8974 | 2458 4489 | 4424 6044 | 896c 2464 | 4489 5424 | 6844 894c | 246c ba45 
  0x00000275ae626d20: ffff ff90 

  0x00000275ae626d24: ;   {runtime_call UncommonTrapBlob}
  0x00000275ae626d24: c5f8 77e8 

  0x00000275ae626d28: ; ImmutableOopMap {rbp=Oop [32]=Oop [48]=Oop [64]=Oop [72]=Oop [88]=Oop [136]=Oop }
                      ;*if_icmpge {reexecute=1 rethrow=0 return_oop=0}
                      ; - (reexecute) java.lang.ClassLoader::compareCerts@67
                      ; - java.lang.ClassLoader::checkCerts@80
                      ; - java.lang.ClassLoader::preDefineClass@113
                      ; - java.lang.ClassLoader::defineClass@4
  0x00000275ae626d28: d4cc 76ff 

  0x00000275ae626d2c: ;   {other}
  0x00000275ae626d2c: 0f1f 8400 | 1c2b 0015 | 41ff c545 | 3be9 0f8d | a4e2 ffff | 478b 54ab | 1041 8b4a | 0841 8b6e 
  0x00000275ae626d4c: 1044 3bd5 | 74e2 8b7d 

  0x00000275ae626d54: ;   {metadata('sun/security/x509/X509CertImpl')}
  0x00000275ae626d54: 0881 f998 | bf05 010f | 85df 3a00 | 0048 8bdd | 498b ca8b | 4920 c5f9 

  0x00000275ae626d6c: ;   {metadata('sun/security/x509/X509CertImpl')}
  0x00000275ae626d6c: 6ec1 81ff | 98bf 0501 | 0f85 6e3b | 0000 8b4b | 20c5 f97e | c748 8bef | 488b f148 | 8bfd 483b 
  0x00000275ae626d8c: fe0f 84cb | 0000 0048 | 85ff 0f84 | c900 0000 | 4885 f60f | 84c0 0000 | 008b 4f0c | 3b4e 0c0f 
  0x00000275ae626dac: 85b4 0000 | 0085 c90f | 84a5 0000 | 0048 8d7f | 1048 8d76 | 108b c183 | e01f 83e1 | e00f 844b 
  0x00000275ae626dcc: 0000 0048 | 8d3c 0f48 | 8d34 0e48 | f7d9 c5fe | 6f14 0fc5 | fe6f 0c0e | c5ed efd1 | c4e2 7d17 
  0x00000275ae626dec: d20f 8572 | 0000 0048 | 83c1 2075 | e185 c00f | 845d 0000 | 00c5 fe6f | 5407 e0c5 | fe6f 4c06 
  0x00000275ae626e0c: e0c5 edef | d1c4 e27d | 17d2 754d | eb44 8bc8 | 83e1 fc74 | 1948 8d3c | 0f48 8d34 | 0e48 f7d9 
  0x00000275ae626e2c: 8b1c 0f3b | 1c0e 7531 | 4883 c104 | 75f2 a802 | 7412 0fb7 | 1f0f b70e | 3bd9 751d | 488d 7f02 
  0x00000275ae626e4c: 488d 7602 | a801 740a | 0fb6 1f0f | b60e 3bd9 | 7507 b801 | 0000 00eb | 0233 c0c5 | edef d2c5 
  0x00000275ae626e6c: ;   {no_reloc}
  0x00000275ae626e6c: f5ef c985 | c00f 85bd | feff ffbb | 0100 0000 | 413b d80f | 8d63 3200 | 00ba 0100 | 0000 660f 
  0x00000275ae626e8c: 1f44 0000 | 418b 7c96 | 1044 3bd7 | 0f84 96fe | ffff 8b4f | 0848 8bdf 

  0x00000275ae626ea4: ;   {metadata('sun/security/x509/X509CertImpl')}
  0x00000275ae626ea4: 81f9 98bf | 0501 0f85 | 3a3a 0000 | 8b4b 2048 | 8bf1 488b | fd48 3bfe | 0f84 cb00 | 0000 4885 
  0x00000275ae626ec4: ff0f 84c9 | 0000 0048 | 85f6 0f84 | c000 0000 | 8b4f 0c3b | 4e0c 0f85 | b400 0000 | 85c9 0f84 
  0x00000275ae626ee4: a500 0000 | 488d 7f10 | 488d 7610 | 8bc1 83e0 | 1f83 e1e0 | 0f84 4b00 | 0000 488d | 3c0f 488d 
  0x00000275ae626f04: 340e 48f7 | d9c5 fe6f | 0c0f c5fe | 6f14 0ec5 | f5ef cac4 | e27d 17c9 | 0f85 7200 | 0000 4883 
  0x00000275ae626f24: c120 75e1 | 85c0 0f84 | 5d00 0000 | c5fe 6f4c | 07e0 c5fe | 6f54 06e0 | c5f5 efca | c4e2 7d17 
  0x00000275ae626f44: c975 4deb | 448b c883 | e1fc 7419 | 488d 3c0f | 488d 340e | 48f7 d98b | 1c0f 3b1c | 0e75 3148 
  0x00000275ae626f64: 83c1 0475 | f2a8 0274 | 120f b71f | 0fb7 0e3b | d975 1d48 | 8d7f 0248 | 8d76 02a8 | 0174 0a0f 
  0x00000275ae626f84: b61f 0fb6 | 0e3b d975 | 07b8 0100 | 0000 eb02 | 33c0 c5f5 | efc9 c5ed | efd2 85c0 

  0x00000275ae626fa0: ;   {no_reloc}
  0x00000275ae626fa0: 0f85 8efd | ffff ffc2 | 413b d00f | 8cdf feff | ffe9 3731 | 0000 498b | dde9 82df | ffff 448b 
  0x00000275ae626fc0: 5e34 4d8b | d34c 8954 | 2458 e961 | dcff ff33 | dbe9 bce6 | ffff 498b | d24d 8bc6 | 6690 c5f8 
  0x00000275ae626fe0: 7748 b8f8 | 9d04 bc75 

  0x00000275ae626fe8: ;   {virtual_call}
  0x00000275ae626fe8: 0200 00e8 

  0x00000275ae626fec: ; ImmutableOopMap {[40]=Oop [48]=Oop [88]=Oop [136]=Oop }
                      ;*invokevirtual toExternalForm {reexecute=0 rethrow=0 return_oop=1}
                      ; - java.net.URL::toExternalForm@5
                      ; - java.net.URL::toString@1
                      ; - java.lang.ClassLoader::defineClassSourceLocation@22
                      ; - java.lang.ClassLoader::defineClass@12
  0x00000275ae626fec: 1042 0400 

  0x00000275ae626ff0: ;   {other}
  0x00000275ae626ff0: 0f1f 8400 | e02d 0016 | 488b d8e9 | 92e6 ffff | 4533 db44 | 895c 2440 | e9d7 dfff | ff48 8bd0 
  0x00000275ae627010: 488b e890 

  0x00000275ae627014: ;   {optimized virtual_call}
  0x00000275ae627014: c5f8 77e8 

  0x00000275ae627018: ; ImmutableOopMap {rbp=Oop [40]=Oop [88]=Oop [120]=Oop }
                      ;*invokevirtual initClassName {reexecute=0 rethrow=0 return_oop=1}
                      ; - java.lang.Class::getName@14
                      ; - java.lang.Class::getPackageName@40
                      ; - java.lang.ClassLoader::postDefineClass@2
                      ; - java.lang.ClassLoader::defineClass@37
  0x00000275ae627018: 2432 ceff 

  0x00000275ae62701c: ;   {other}
  0x00000275ae62701c: 0f1f 8400 | 0c2e 0017 | 488b c848 | 85c0 0f85 | cbe6 ffff | baf6 ffff | ff66 6690 

  0x00000275ae627038: ;   {runtime_call UncommonTrapBlob}
  0x00000275ae627038: c5f8 77e8 

  0x00000275ae62703c: ; ImmutableOopMap {}
                      ;*invokevirtual lastIndexOf {reexecute=0 rethrow=0 return_oop=0}
                      ; - java.lang.Class::getPackageName@47
                      ; - java.lang.ClassLoader::postDefineClass@2
                      ; - java.lang.ClassLoader::defineClass@37
  0x00000275ae62703c: c0c9 76ff 

  0x00000275ae627040: ;   {other}
  0x00000275ae627040: 0f1f 8400 | 302e 0018 | 488b 5424 | 2066 6690 

  0x00000275ae627050: ;   {optimized virtual_call}
  0x00000275ae627050: c5f8 77e8 

  0x00000275ae627054: ; ImmutableOopMap {[32]=Oop [40]=Oop [48]=NarrowOop [56]=Oop [88]=Oop [120]=Oop }
                      ;*invokevirtual intern {reexecute=0 rethrow=0 return_oop=1}
                      ; - java.lang.NamedPackage::<init>@47
                      ; - java.lang.ClassLoader::getNamedPackage@22
                      ; - java.lang.ClassLoader::postDefineClass@9
                      ; - java.lang.ClassLoader::defineClass@37
  0x00000275ae627054: 2877 76ff 

  0x00000275ae627058: ;   {other}
  0x00000275ae627058: 0f1f 8400 | 482e 0019 | 4c8b 4424 | 388b 4c24 | 3041 8948 | 104c 8bd0 | 4589 500c | 4d8b d049 
  0x00000275ae627078: c1ea 0949 | bb00 0060 | b575 0200 | 0047 8824 | 134c 8b54 | 2428 458b | 5a38 4585 | db0f 8425 
  0x00000275ae627098: 2e00 0049 | 8bd3 4c8b | 4424 204c | 8b4c 2438 

  0x00000275ae6270a8: ;   {optimized virtual_call}
  0x00000275ae6270a8: c5f8 77e8 

  0x00000275ae6270ac: ; ImmutableOopMap {[40]=Oop [48]=NarrowOop [56]=Oop [88]=Oop [120]=Oop }
                      ;*invokevirtual putIfAbsent {reexecute=0 rethrow=0 return_oop=1}
                      ; - java.lang.ClassLoader::getNamedPackage@32
                      ; - java.lang.ClassLoader::postDefineClass@9
                      ; - java.lang.ClassLoader::defineClass@37
  0x00000275ae6270ac: d076 76ff 

  0x00000275ae6270b0: ;   {other}
  0x00000275ae6270b0: 0f1f 8400 | a02e 001a | 4885 c00f | 847e edff | ff44 8b58 | 0849 ba00 | 0000 bb75 | 0200 004d 
  0x00000275ae6270d0: 03d3 4d8b 

  0x00000275ae6270d4: ;   {metadata('java/lang/NamedPackage')}
  0x00000275ae6270d4: 5238 49bb | e8c0 01bb | 7502 0000 | 4d3b d30f | 84f3 2d00 | 00ba deff | ffff 488b | e866 6690 
  0x00000275ae6270f4: ;   {runtime_call UncommonTrapBlob}
  0x00000275ae6270f4: c5f8 77e8 

  0x00000275ae6270f8: ; ImmutableOopMap {rbp=Oop }
                      ;*checkcast {reexecute=0 rethrow=0 return_oop=0}
                      ; - java.lang.ClassLoader::getNamedPackage@35
                      ; - java.lang.ClassLoader::postDefineClass@9
                      ; - java.lang.ClassLoader::defineClass@37
  0x00000275ae6270f8: 04c9 76ff 

  0x00000275ae6270fc: ;   {other}
  0x00000275ae6270fc: 0f1f 8400 | ec2e 001b | 4533 ed48 | 8bf2 e90e | dbff ff48 | 8bd9 e9c9 | e8ff ff41 | 8bca e90e 
  0x00000275ae62711c: dcff ff33 | c989 4c24 | 40e9 f2db | ffff 448b | d7e9 9ae6 | ffff bbff | ffff ffe9 | 09da ffff 
  0x00000275ae62713c: 4c89 5c24 | 604c 8b54 | 2420 4c89 | 5424 5044 | 896c 2444 | 4c8b 5424 | 584c 8954 | 2448 4c8b 
  0x00000275ae62715c: 5424 284c | 8954 2420 | 498b d390 

  0x00000275ae627168: ;   {optimized virtual_call}
  0x00000275ae627168: c5f8 77e8 

  0x00000275ae62716c: ; ImmutableOopMap {[32]=Oop [48]=Oop [68]=NarrowOop [72]=Oop [80]=Oop [96]=Oop [136]=Oop [160]=Oop }
                      ;*invokevirtual isLatin1 {reexecute=0 rethrow=0 return_oop=0}
                      ; - java.lang.AbstractStringBuilder::append@46
                      ; - java.lang.StringBuilder::append@2
                      ; - java.net.URLStreamHandler::toExternalForm@16
                      ; - java.net.URL::toExternalForm@5
                      ; - java.net.URL::toString@1
                      ; - java.lang.ClassLoader::defineClassSourceLocation@22
                      ; - java.lang.ClassLoader::defineClass@12
  0x00000275ae62716c: 1076 76ff 

  0x00000275ae627170: ;   {other}
  0x00000275ae627170: 0f1f 8400 | 602f 001c | 85c0 0f85 | 4806 0000 | 4c8b 5424 | 6045 8b5a | 1445 8b42 | 0c49 8bd3 
  0x00000275ae627190: 458d 5801 | 4589 5a0c | 41b9 3a00 | 0000 6690 

  0x00000275ae6271a0: ;   {static_call}
  0x00000275ae6271a0: c5f8 77e8 

  0x00000275ae6271a4: ; ImmutableOopMap {[32]=Oop [48]=Oop [68]=NarrowOop [72]=Oop [80]=Oop [96]=Oop [136]=Oop [160]=Oop }
                      ;*invokestatic putCharSB {reexecute=0 rethrow=0 return_oop=0}
                      ; - java.lang.AbstractStringBuilder::append@72
                      ; - java.lang.StringBuilder::append@2
                      ; - java.net.URLStreamHandler::toExternalForm@16
                      ; - java.net.URL::toExternalForm@5
                      ; - java.net.URL::toString@1
                      ; - java.lang.ClassLoader::defineClassSourceLocation@22
                      ; - java.lang.ClassLoader::defineClass@12
  0x00000275ae6271a4: d87b 76ff 

  0x00000275ae6271a8: ;   {other}
  0x00000275ae6271a8: 0f1f 8400 | 982f 001d | 4c8b 5424 | 204c 8954 | 2428 4c8b | 5424 484c | 8954 2458 | 448b 6c24 
  0x00000275ae6271c8: 444c 8b54 | 2450 4c89 | 5424 20e9 | 48e0 ffff | 448b d7e9 | ece5 ffff | 4c8b 9424 | a000 0000 
  0x00000275ae6271e8: 4c89 5424 | 604c 8974 | 2450 4489 | 6c24 444c | 8b54 2458 | 4c89 5424 | 484c 8b54 | 2428 4c89 
  0x00000275ae627208: 5424 2048 | 8b54 2460 

  0x00000275ae627210: ;   {optimized virtual_call}
  0x00000275ae627210: c5f8 77e8 

  0x00000275ae627214: ; ImmutableOopMap {[32]=Oop [48]=Oop [68]=NarrowOop [72]=Oop [80]=Oop [96]=Oop [136]=Oop [160]=Oop }
                      ;*invokevirtual appendNull {reexecute=0 rethrow=0 return_oop=1}
                      ; - java.lang.AbstractStringBuilder::append@5
                      ; - java.lang.StringBuilder::append@2
                      ; - java.net.URLStreamHandler::toExternalForm@11
                      ; - java.net.URL::toExternalForm@5
                      ; - java.net.URL::toString@1
                      ; - java.lang.ClassLoader::defineClassSourceLocation@22
                      ; - java.lang.ClassLoader::defineClass@12
  0x00000275ae627214: 6875 76ff 

  0x00000275ae627218: ;   {other}
  0x00000275ae627218: 0f1f 8400 | 0830 001e | 4c8b 5424 | 204c 8954 | 2428 4c8b | 5424 484c | 8954 2458 | 448b 6c24 
  0x00000275ae627238: 444c 8b54 | 2450 4c89 | 5424 20e9 | 60df ffff | 4c63 c54d | 8d50 1049 | 8bd2 4883 | e2f8 498b 
  0x00000275ae627258: fe48 03fa | 49c1 ea03 | 492b ca48 | 33c0 4883 | f908 7f10 | 48ff c978 | 4f48 8904 | cf48 ffc9 
  0x00000275ae627278: 7df7 eb44 | c5fd efc0 | e90d 0000 | 00c5 fe7f | 07c5 fe7f | 4720 4883 | c740 4883 | e908 7ded 
  0x00000275ae627298: 4883 c104 | 7c0c c5fe | 7f07 4883 | c720 4883 | e904 4883 | c104 7e10 | 48ff c9c5 | f9d6 0748 
  0x00000275ae6272b8: 83c7 0848 | ffc9 7df3 | 498b c949 | 8bd3 c5f8 | 7749 bac0 | 6dd7 ad75 | 0200 0041 

  0x00000275ae6272d4: ;   {other}
  0x00000275ae6272d4: ffd2 0f1f | 8400 0000 | 0000 e93d | dcff ff4c | 63c5 498d | 4810 488b | d148 83e2 | f848 8bfe 
  0x00000275ae6272f4: 4803 fa48 | c1e9 034c | 2bd9 498b | cb48 33c0 | 4883 f908 | 7f10 48ff | c978 4f48 | 8904 cf48 
  0x00000275ae627314: ffc9 7df7 | eb44 c5fd | efc0 e90d | 0000 00c5 | fe7f 07c5 | fe7f 4720 | 4883 c740 | 4883 e908 
  0x00000275ae627334: 7ded 4883 | c104 7c0c | c5fe 7f07 | 4883 c720 | 4883 e904 | 4883 c104 | 7e10 48ff | c9c5 f9d6 
  0x00000275ae627354: 0748 83c7 | 0848 ffc9 | 7df3 498b | c949 8bd2 | c5f8 7749 | bac0 6dd7 | ad75 0200 | 0041 ffd2 
  0x00000275ae627374: ;   {other}
  0x00000275ae627374: 0f1f 8400 | 0000 0000 | e9f5 e2ff 

  0x00000275ae627380: ;   {oop(""{0x0000000080000e88})}
  0x00000275ae627380: ff48 bb88 | 0e00 8000 | 0000 00e9 | b0db ffff | 4c63 4424 | 6444 8b4c | 2464 4181 | f900 0010 
  0x00000275ae6273a0: 000f 87b5 | 2b00 0049 | 8b9f b801 | 0000 498d | 4817 4883 | e1f8 488b | fb48 03f9 | 493b bfc8 
  0x00000275ae6273c0: 0100 000f | 8393 2b00 | 0049 89bf | b801 0000 | 0f0d 8f00 | 0100 0048 | c703 0100 | 0000 0f0d 
  0x00000275ae6273e0: 8f40 0100 

  0x00000275ae6273e4: ;   {metadata({type array byte})}
  0x00000275ae6273e4: 00c7 4308 | 1823 0000 | 4489 4b0c | 0f0d 8f80 | 0100 0048 | 8bd3 4883 | c210 4983 | c007 49c1 
  0x00000275ae627404: e803 498b | cbc5 f877 | 49ba 6074 | d7ad 7502 | 0000 41ff 

  0x00000275ae627418: ;   {other}
  0x00000275ae627418: d20f 1f84 | 0000 0000 | 00e9 01ed | ffff 4c63 | 4424 6444 | 8b5c 2464 | 4181 fb00 | 0010 000f 
  0x00000275ae627438: 875d 2b00 | 0049 8b9f | b801 0000 | 498d 4817 | 4883 e1f8 | 488b fb48 | 03f9 493b | bfc8 0100 
  0x00000275ae627458: 000f 833b | 2b00 0049 | 89bf b801 | 0000 0f0d | 8f00 0100 | 0048 c703 | 0100 0000 | 0f0d 8f40 
  0x00000275ae627478: ;   {metadata({type array byte})}
  0x00000275ae627478: 0100 00c7 | 4308 1823 | 0000 4489 | 5b0c 0f0d | 8f80 0100 | 0048 8bd3 | 4883 c210 | 4983 c007 
  0x00000275ae627498: 49c1 e803 | 498b c9c5 | f877 49ba | 6074 d7ad | 7502 0000 

  0x00000275ae6274ac: ;   {other}
  0x00000275ae6274ac: 41ff d20f | 1f84 0000 | 0000 00e9 | 08ee ffff | 4863 7c24 | 7844 8b5c | 2478 4181 | fb00 0010 
  0x00000275ae6274cc: 000f 8707 | 2b00 0049 | 8b9f b801 | 0000 4c8d | 5717 4983 | e2f8 4c8b | c34d 03c2 | 4d3b 87c8 
  0x00000275ae6274ec: 0100 000f | 83e5 2a00 | 004d 8987 | b801 0000 | 410f 0d88 | 0001 0000 | 48c7 0301 | 0000 0041 
  0x00000275ae62750c: 0f0d 8840 

  0x00000275ae627510: ;   {metadata({type array byte})}
  0x00000275ae627510: 0100 00c7 | 4308 1823 | 0000 4489 | 5b0c 410f | 0d88 8001 | 0000 4c89 | 8c24 8800 | 0000 4889 
  0x00000275ae627530: bc24 9000 | 0000 488b | d348 83c2 | 104c 8b94 | 2490 0000 | 0049 83c2 | 0749 c1ea | 0348 8b8c 
  0x00000275ae627550: 2488 0000 | 004d 8bc2 | c5f8 7749 | ba60 74d7 | ad75 0200 | 0041 ffd2 

  0x00000275ae627568: ;   {other}
  0x00000275ae627568: 0f1f 8400 | 0000 0000 | 488b d3e9 | 34ef ffff | 4c63 5424 | 7444 8b44 | 2474 4181 | f800 0010 
  0x00000275ae627588: 000f 8785 | 2a00 0049 | 8b9f b801 | 0000 4d8d | 4a17 4983 | e1f8 488b | cb49 03c9 | 493b 8fc8 
  0x00000275ae6275a8: 0100 000f | 8363 2a00 | 0049 898f | b801 0000 | 0f0d 8900 | 0100 0048 | c703 0100 | 0000 0f0d 
  0x00000275ae6275c8: 8940 0100 

  0x00000275ae6275cc: ;   {metadata({type array byte})}
  0x00000275ae6275cc: 00c7 4308 | 1823 0000 | 4489 430c | 0f0d 8980 | 0100 0048 | 8bd3 4883 | c210 4983 | c207 49c1 
  0x00000275ae6275ec: ea03 488b | ce4d 8bc2 | c5f8 7749 | ba60 74d7 | ad75 0200 | 0041 ffd2 

  0x00000275ae627604: ;   {other}
  0x00000275ae627604: 0f1f 8400 | 0000 0000 | e982 f0ff | ff4c 635c | 2468 448b | 5424 6841 | 81fa 0000 | 1000 0f87 
  0x00000275ae627624: 2a2a 0000 | 498b 9fb8 | 0100 004d | 8d43 1749 | 83e0 f848 | 8bcb 4903 | c849 3b8f | c801 0000 
  0x00000275ae627644: 0f83 082a | 0000 4989 | 8fb8 0100 | 000f 0d89 | 0001 0000 | 48c7 0301 | 0000 000f | 0d89 4001 
  0x00000275ae627664: ;   {metadata({type array byte})}
  0x00000275ae627664: 0000 c743 | 0818 2300 | 0044 8953 | 0c0f 0d89 | 8001 0000 | 488b d348 | 83c2 1049 | 83c3 0749 
  0x00000275ae627684: c1eb 0348 | 8bce 4d8b | c3c5 f877 | 49ba 6074 | d7ad 7502 | 0000 41ff 

  0x00000275ae62769c: ;   {other}
  0x00000275ae62769c: d20f 1f84 | 0000 0000 | 00e9 a2f1 | ffff 498b | 9fb8 0100 | 004c 8bd3 | 4983 c220 | 4d3b 97c8 
  0x00000275ae6276bc: 0100 000f | 83c9 2900 | 004d 8997 | b801 0000 | 410f 0d8a | 0001 0000 | 48c7 0301 | 0000 0041 
  0x00000275ae6276dc: 0f0d 8a40 

  0x00000275ae6276e0: ;   {metadata({type array byte})}
  0x00000275ae6276e0: 0100 00c7 | 4308 1823 | 0000 410f | 0d8a 8001 | 0000 c743 | 0c10 0000 | 0048 8bd3 | 4883 c210 
  0x00000275ae627700: 41b8 0200 | 0000 498b | cbc5 f877 | 49ba 6074 | d7ad 7502 | 0000 41ff 

  0x00000275ae627718: ;   {other}
  0x00000275ae627718: d20f 1f84 | 0000 0000 | 00e9 baf2 | ffff 33c0 | e971 e3ff | ff4c 63c5 | 4d8d 5010 | 4d8b da49 
  0x00000275ae627738: 83e3 f849 | 8bfd 4903 | fb49 c1ea | 0349 2bca | 4833 c048 | 83f9 087f | 1048 ffc9 | 784f 4889 
  0x00000275ae627758: 04cf 48ff | c97d f7eb | 44c5 fdef | c0e9 0d00 | 0000 c5fe | 7f07 c5fe | 7f47 2048 | 83c7 4048 
  0x00000275ae627778: 83e9 087d | ed48 83c1 | 047c 0cc5 | fe7f 0748 | 83c7 2048 | 83e9 0448 | 83c1 047e | 1048 ffc9 
  0x00000275ae627798: c5f9 d607 | 4883 c708 | 48ff c97d | f348 8bce | 498b d1c5 | f877 49ba | c06d d7ad | 7502 0000 
  0x00000275ae6277b8: ;   {other}
  0x00000275ae6277b8: 41ff d20f | 1f84 0000 | 0000 00e9 | f8e1 ffff | 488b 5424 | 6066 6690 

  0x00000275ae6277d0: ;   {optimized virtual_call}
  0x00000275ae6277d0: c5f8 77e8 

  0x00000275ae6277d4: ; ImmutableOopMap {[32]=Oop [48]=Oop [68]=NarrowOop [72]=Oop [80]=Oop [96]=Oop [136]=Oop [160]=Oop }
                      ;*invokevirtual inflate {reexecute=0 rethrow=0 return_oop=0}
                      ; - java.lang.AbstractStringBuilder::append@53
                      ; - java.lang.StringBuilder::append@2
                      ; - java.net.URLStreamHandler::toExternalForm@16
                      ; - java.net.URL::toExternalForm@5
                      ; - java.net.URL::toString@1
                      ; - java.lang.ClassLoader::defineClassSourceLocation@22
                      ; - java.lang.ClassLoader::defineClass@12
  0x00000275ae6277d4: a86f 76ff 

  0x00000275ae6277d8: ;   {other}
  0x00000275ae6277d8: 0f1f 8400 | c835 001f | e99b f9ff 

  0x00000275ae6277e4: ;   {oop(""{0x0000000080000e88})}
  0x00000275ae6277e4: ff48 bb88 | 0e00 8000 | 0000 00e9 | ece1 ffff | 450f b65a | 1149 8bd0 | 4585 db0f | 84b0 1300 
  0x00000275ae627804: 0044 8b44 | 2440 448b | c948 895c | 2460 894c | 2478 4889 | 5c24 6890 

  0x00000275ae62781c: ;   {static_call}
  0x00000275ae62781c: c5f8 77e8 

  0x00000275ae627820: ; ImmutableOopMap {[40]=Oop [48]=Oop [88]=Oop [96]=Oop [104]=Oop [136]=Oop }
                      ;*invokestatic compress {reexecute=0 rethrow=0 return_oop=1}
                      ; - java.lang.String::<init>@59
                      ; - java.lang.String::<init>@3
                      ; - java.lang.StringBuilder::toString@5
                      ; - java.net.URLStreamHandler::toExternalForm@152
                      ; - java.net.URL::toExternalForm@5
                      ; - java.net.URL::toString@1
                      ; - java.lang.ClassLoader::defineClassSourceLocation@22
                      ; - java.lang.ClassLoader::defineClass@12
  0x00000275ae627820: 5c75 76ff 

  0x00000275ae627824: ;   {other}
  0x00000275ae627824: 0f1f 8400 | 1436 0020 | 4c8b d048 | 8b5c 2460 | 4489 5314 | 4c8b d349 | c1ea 0949 | bb00 0060 
  0x00000275ae627844: b575 0200 | 0047 8824 | 1344 8b58 | 0c44 8b54 | 2478 452b | d341 c1ea | 1f44 8853 | 10e9 2cde 
  0x00000275ae627864: ffff 498b | d04c 8944 | 2450 4c89 | 4424 5890 

  0x00000275ae627874: ;   {optimized virtual_call}
  0x00000275ae627874: c5f8 77e8 

  0x00000275ae627878: ; ImmutableOopMap {rbp=NarrowOop [32]=Oop [40]=Oop [48]=Oop [80]=Oop [88]=Oop [136]=Oop }
                      ;*invokevirtual length {reexecute=0 rethrow=0 return_oop=0}
                      ; - java.lang.String::indexOf@30
                      ; - java.lang.String::indexOf@3
                      ; - java.lang.ClassLoader::checkName@16
                      ; - java.lang.ClassLoader::preDefineClass@1
                      ; - java.lang.ClassLoader::defineClass@4
  0x00000275ae627878: 046f 76ff 

  0x00000275ae62787c: ;   {other}
  0x00000275ae62787c: 0f1f 8400 | 6c36 0021 | 488b d541 | b82f 0000 | 0045 33c9 | 8bf8 488b | 6c24 284c | 8b54 2450 
  0x00000275ae62789c: 4c89 5424 | 4866 6690 

  0x00000275ae6278a4: ;   {static_call}
  0x00000275ae6278a4: c5f8 77e8 

  0x00000275ae6278a8: ; ImmutableOopMap {rbp=Oop [32]=Oop [40]=Oop [48]=Oop [72]=Oop [80]=Oop [136]=Oop }
                      ;*invokestatic indexOf {reexecute=0 rethrow=0 return_oop=0}
                      ; - java.lang.String::indexOf@33
                      ; - java.lang.String::indexOf@3
                      ; - java.lang.ClassLoader::checkName@16
                      ; - java.lang.ClassLoader::preDefineClass@1
                      ; - java.lang.ClassLoader::defineClass@4
  0x00000275ae6278a8: d474 76ff 

  0x00000275ae6278ac: ;   {other}
  0x00000275ae6278ac: 0f1f 8400 | 9c36 0022 | 8bd8 e98a | d2ff ff44 | 0fb7 5d10 | 4183 fb6a | 0f85 46d3 | ffff 440f 
  0x00000275ae6278cc: b75d 1241 | 83fb 610f | 8537 d3ff | ff44 0fb7 | 5d14 4183 | fb76 0f85 | 28d3 ffff | 440f b75d 
  0x00000275ae6278ec: 1641 83fb | 610f 8519 | d3ff ff44 | 0fb7 5d18 | 4183 fb2e | 0f84 dbd2 | ffff e905 | d3ff ff4c 
  0x00000275ae62790c: 8b44 2420 | 448b 5c24 | 3044 8b4c | 2434 448b | 5424 38e9 | cfe1 ffff | 4c8b 4424 | 2041 c640 
  0x00000275ae62792c: 1101 33c0 | 8b4c 2430 | 448b 5c24 | 34e9 60e1 | ffff 498b | 87b8 0100 | 004c 8bd0 | 4983 c218 
  0x00000275ae62794c: 448b 8424 | 9000 0000 | 4d3b 97c8 | 0100 000f | 8327 2800 | 004d 8997 | b801 0000 | 410f 0d8a 
  0x00000275ae62796c: 0001 0000 | 48c7 0001 

  0x00000275ae627974: ;   {metadata('java/util/ArrayList')}
  0x00000275ae627974: 0000 00c7 | 4008 d089 | 0b00 4489 | 600c 4489 

  0x00000275ae627984: ;   {oop(a 'java/lang/Object'[0] {0x0000000080000778})}
  0x00000275ae627984: 6010 c740 | 1478 0700 | 8048 8bc8 | 458b 4b0c | 4585 c90f | 86dd 0000 | 0045 33c9 | eb31 6666 
  0x00000275ae6279a4: 0f1f 8400 | 0000 0000 | 6666 6690 | 4c8b 5424 | 204c 8954 | 2428 488b | 7424 484c | 8b6c 2450 
  0x00000275ae6279c4: 488b 5c24 | 604c 8b44 | 2468 488b | 4c24 7045 | 8b53 0c45 | 3bca 0f83 | 442c 0000 | 478b 548b 
  0x00000275ae6279e4: 1045 8b5a | 1045 8b53 | 1044 894c | 2478 4889 | 4c24 704c | 8944 2468 | 4889 5c24 | 604c 896c 
  0x00000275ae627a04: 2450 4889 | 7424 484c | 8b5c 2428 | 4c89 5c24 | 204d 8bc2 | 488b d190 

  0x00000275ae627a1c: ;   {optimized virtual_call}
  0x00000275ae627a1c: c5f8 77e8 

  0x00000275ae627a20: ; ImmutableOopMap {[32]=Oop [48]=Oop [72]=Oop [80]=Oop [88]=Oop [96]=Oop [104]=Oop [112]=Oop [136]=Oop [144]=NarrowOop }
                      ;*invokevirtual addAll {reexecute=0 rethrow=0 return_oop=0}
                      ; - java.security.CodeSource::getCertificates@57
                      ; - java.lang.ClassLoader::checkCerts@34
                      ; - java.lang.ClassLoader::preDefineClass@113
                      ; - java.lang.ClassLoader::defineClass@4
  0x00000275ae627a20: 5c6d 76ff 

  0x00000275ae627a24: ;   {other}
  0x00000275ae627a24: 0f1f 8400 | 1438 0023 | 4d8b 9758 | 0400 0044 | 8b9c 2490 | 0000 0045 | 8b5b 1044 | 8b4c 2478 
  0x00000275ae627a44: ; ImmutableOopMap {r11=NarrowOop [32]=Oop [48]=Oop [72]=Oop [80]=Oop [88]=Oop [96]=Oop [104]=Oop [112]=Oop [136]=Oop [144]=NarrowOop }
                      ;*goto {reexecute=1 rethrow=0 return_oop=0}
                      ; - (reexecute) java.security.CodeSource::getCertificates@64
                      ; - java.lang.ClassLoader::checkCerts@34
                      ; - java.lang.ClassLoader::preDefineClass@113
                      ; - java.lang.ClassLoader::defineClass@4
                      ;   {poll}
  0x00000275ae627a44: 41ff c141 | 8502 458b | 530c 453b | ca0f 8c59 | ffff ff4c | 8b54 2420 | 4c89 5424 | 2848 8b74 
  0x00000275ae627a64: 2448 4c8b | 6c24 5048 | 8b5c 2460 | 4c8b 4424 | 6848 8b4c | 2470 498b | 87b8 0100 | 004c 8bd0 
  0x00000275ae627a84: 4983 c210 | 4d3b 97c8 | 0100 000f | 835b 2700 | 004d 8997 | b801 0000 | 410f 0d8a | 0001 0000 
  0x00000275ae627aa4: 48c7 0001 | 0000 0041 | 0f0d 8a40 

  0x00000275ae627ab0: ;   {metadata('java/security/cert/Certificate'[])}
  0x00000275ae627ab0: 0100 00c7 | 4008 2029 | 1000 410f | 0d8a 8001 | 0000 4489 | 600c 488b | ac24 8800 | 0000 4c8b 
  0x00000275ae627ad0: 5424 284c | 8954 2420 | 4889 7424 | 484c 896c | 2450 448b | 9c24 9000 | 0000 4489 | 5c24 4448 
  0x00000275ae627af0: 895c 2460 | 4c89 4424 | 6848 894c | 2470 4c8b | c048 8b54 | 2470 6690 

  0x00000275ae627b08: ;   {optimized virtual_call}
  0x00000275ae627b08: c5f8 77e8 

  0x00000275ae627b0c: ; ImmutableOopMap {rbp=Oop [32]=Oop [48]=Oop [68]=NarrowOop [72]=Oop [80]=Oop [88]=Oop [96]=Oop [104]=Oop }
                      ;*invokevirtual toArray {reexecute=0 rethrow=0 return_oop=1}
                      ; - java.security.CodeSource::getCertificates@73
                      ; - java.lang.ClassLoader::checkCerts@34
                      ; - java.lang.ClassLoader::preDefineClass@113
                      ; - java.lang.ClassLoader::defineClass@4
  0x00000275ae627b0c: 706c 76ff 

  0x00000275ae627b10: ;   {other}
  0x00000275ae627b10: 0f1f 8400 | 0039 0025 | 488b c844 

  0x00000275ae627b1c: ;   {metadata('java/security/cert/Certificate'[])}
  0x00000275ae627b1c: 8b58 0841 | 81fb 2029 | 1000 0f85 | 402e 0000 | 448b 490c | 4c8b 5424 | 684d 63d9 | 49c1 ea09 
  0x00000275ae627b3c: 49b8 0000 | 60b5 7502 | 0000 4788 | 2410 49c1 | e302 4c8b | d144 8b44 | 2444 4589 | 5014 4181 
  0x00000275ae627b5c: f900 0004 | 000f 87e6 | 2600 0049 | 8b9f b801 | 0000 4d8d | 5317 4983 | e2f8 4c8b | c34d 03c2 
  0x00000275ae627b7c: 4d3b 87c8 | 0100 000f | 83c4 2600 | 004d 8987 | b801 0000 | 410f 0d88 | 0001 0000 | 48c7 0301 
  0x00000275ae627b9c: 0000 0041 | 0f0d 8840 

  0x00000275ae627ba4: ;   {metadata('java/security/cert/Certificate'[])}
  0x00000275ae627ba4: 0100 00c7 | 4308 2029 | 1000 4489 | 4b0c 410f | 0d88 8001 | 0000 4883 | c110 488b | d348 83c2 
  0x00000275ae627bc4: 1049 83c3 | 0749 c1eb | 034d 8bc3 | c5f8 7749 | ba60 74d7 | ad75 0200 | 0041 ffd2 

  0x00000275ae627be0: ;   {other}
  0x00000275ae627be0: 0f1f 8400 | 0000 0000 | 4c8b d348 | 89ac 2488 | 0000 004c | 8b5c 2420 | 4c89 5c24 | 2848 8b74 
  0x00000275ae627c00: 2448 4c8b | 6c24 5048 | 8b5c 2460 | 498b fae9 | 60d3 ffff | 4c89 7424 | 7044 8954 | 2468 4c89 
  0x00000275ae627c20: 5c24 604c | 8b54 2420 | 4c89 5424 | 5044 896c | 2444 4c8b | 5424 584c | 8954 2448 

  0x00000275ae627c3c: ;   {oop([B{0x0000000080001ac8})}
  0x00000275ae627c3c: 498b d348 | bdc8 1a00 | 8000 0000 | 0066 6690 

  0x00000275ae627c4c: ;   {optimized virtual_call}
  0x00000275ae627c4c: c5f8 77e8 

  0x00000275ae627c50: ; ImmutableOopMap {rbp=Oop [112]=Derived_oop_rbp [40]=Oop [48]=Oop [68]=NarrowOop [72]=Oop [80]=Oop [96]=Oop [136]=Oop [160]=Oop }
                      ;*invokevirtual inflate {reexecute=0 rethrow=0 return_oop=0}
                      ; - java.lang.AbstractStringBuilder::inflateIfNeededFor@18
                      ; - java.lang.AbstractStringBuilder::putStringAt@2
                      ; - java.lang.AbstractStringBuilder::append@30
                      ; - java.lang.StringBuilder::append@2
                      ; - java.net.URLStreamHandler::toExternalForm@59
                      ; - java.net.URL::toExternalForm@5
                      ; - java.net.URL::toString@1
                      ; - java.lang.ClassLoader::defineClassSourceLocation@22
                      ; - java.lang.ClassLoader::defineClass@12
  0x00000275ae627c50: 2c6b 76ff 

  0x00000275ae627c54: ;   {other}
  0x00000275ae627c54: 0f1f 8400 | 443a 0026 | 4c8b 5424 | 6041 8b6a | 1441 807a | 1000 0f85 | 1626 0000 | 85ed 0f84 
  0x00000275ae627c74: 1c14 0000 | 4c8b 5424 | 484c 8954 | 2458 448b | 6c24 444c | 8b54 2450 | 4c89 5424 | 2044 8b54 
  0x00000275ae627c94: 2468 4c8b | 7424 70e9 | 04d6 ffff | 4489 4424 | 7889 5c24 | 7489 6c24 | 704c 8974 | 2468 4c8b 
  0x00000275ae627cb4: 9c24 a000 | 0000 4c89 | 5c24 604c | 8b5c 2420 | 4c89 5c24 | 5044 896c | 2444 4c8b | 5c24 584c 
  0x00000275ae627cd4: 895c 2448 | 4c8b 9c24 | 8800 0000 | 4c89 5c24 | 2048 8b54 | 2460 4889 | bc24 9000 

  0x00000275ae627cf0: ;   {oop([B{0x0000000080001ac8})}
  0x00000275ae627cf0: 0000 48bd | c81a 0080 | 0000 0000 

  0x00000275ae627cfc: ;   {optimized virtual_call}
  0x00000275ae627cfc: c5f8 77e8 

  0x00000275ae627d00: ; ImmutableOopMap {rbp=Oop [104]=Derived_oop_rbp [32]=Oop [40]=Oop [48]=Oop [68]=NarrowOop [72]=Oop [80]=Oop [96]=Oop [112]=NarrowOop [144]=Oop [160]=Oop }
                      ;*invokevirtual inflate {reexecute=0 rethrow=0 return_oop=0}
                      ; - java.lang.AbstractStringBuilder::inflateIfNeededFor@18
                      ; - java.lang.AbstractStringBuilder::putStringAt@2
                      ; - java.lang.AbstractStringBuilder::append@30
                      ; - java.lang.StringBuilder::append@2
                      ; - java.net.URLStreamHandler::toExternalForm@77
                      ; - java.net.URL::toExternalForm@5
                      ; - java.net.URL::toString@1
                      ; - java.lang.ClassLoader::defineClassSourceLocation@22
                      ; - java.lang.ClassLoader::defineClass@12
  0x00000275ae627d00: 7c6a 76ff 

  0x00000275ae627d04: ;   {other}
  0x00000275ae627d04: 0f1f 8400 | f43a 0027 | 8b6c 2470 | 440f be55 | 104c 8b5c | 2460 450f | be5b 104c | 8b44 2420 
  0x00000275ae627d24: 4c89 8424 | 8800 0000 | 4c8b 4424 | 484c 8944 | 2458 448b | 6c24 444c | 8b44 2450 | 4c89 4424 
  0x00000275ae627d44: 204c 8b74 | 2468 8b5c | 2474 448b | 4424 78e9 | dad5 ffff | 4489 5424 | 684c 8974 | 2460 4c89 
  0x00000275ae627d64: 5c24 504c | 8b54 2420 | 4489 6c24 | 444c 8b5c | 2458 4c89 | 5c24 4848 | 8b54 2450 | 4c89 5424 
  0x00000275ae627d84: ;   {oop([B{0x0000000080001ac8})}
  0x00000275ae627d84: 5848 bdc8 | 1a00 8000 | 0000 0090 

  0x00000275ae627d90: ;   {optimized virtual_call}
  0x00000275ae627d90: c5f8 77e8 

  0x00000275ae627d94: ; ImmutableOopMap {rbp=Oop [96]=Derived_oop_rbp [40]=Oop [48]=Oop [68]=NarrowOop [72]=Oop [80]=Oop [88]=Oop [136]=Oop [160]=Oop }
                      ;*invokevirtual inflate {reexecute=0 rethrow=0 return_oop=0}
                      ; - java.lang.AbstractStringBuilder::inflateIfNeededFor@18
                      ; - java.lang.AbstractStringBuilder::putStringAt@2
                      ; - java.lang.AbstractStringBuilder::append@30
                      ; - java.lang.StringBuilder::append@2
                      ; - java.net.URLStreamHandler::toExternalForm@113
                      ; - java.net.URL::toExternalForm@5
                      ; - java.net.URL::toString@1
                      ; - java.lang.ClassLoader::defineClassSourceLocation@22
                      ; - java.lang.ClassLoader::defineClass@12
  0x00000275ae627d94: e869 76ff 

  0x00000275ae627d98: ;   {other}
  0x00000275ae627d98: 0f1f 8400 | 883b 0028 | 4c8b 5424 | 5041 8b6a | 1441 807a | 1000 0f85 | b725 0000 | 85ed 0f84 
  0x00000275ae627db8: f812 0000 | 4c8b 5424 | 484c 8954 | 2458 448b | 6c24 444c | 8b74 2460 | 448b 5424 | 68e9 24d6 
  0x00000275ae627dd8: ffff 4489 | 5424 444c | 8974 2460 | 4c89 5c24 | 504c 8b54 | 2458 4c89 | 5424 4849 

  0x00000275ae627df4: ;   {oop([B{0x0000000080001ac8})}
  0x00000275ae627df4: 8bd3 48bd | c81a 0080 | 0000 0000 

  0x00000275ae627e00: ;   {optimized virtual_call}
  0x00000275ae627e00: c5f8 77e8 

  0x00000275ae627e04: ; ImmutableOopMap {rbp=Oop [96]=Derived_oop_rbp [40]=Oop [48]=Oop [72]=Oop [80]=Oop [136]=Oop [160]=Oop }
                      ;*invokevirtual inflate {reexecute=0 rethrow=0 return_oop=0}
                      ; - java.lang.AbstractStringBuilder::inflateIfNeededFor@18
                      ; - java.lang.AbstractStringBuilder::putStringAt@2
                      ; - java.lang.AbstractStringBuilder::append@30
                      ; - java.lang.StringBuilder::append@2
                      ; - java.net.URLStreamHandler::toExternalForm@149
                      ; - java.net.URL::toExternalForm@5
                      ; - java.net.URL::toString@1
                      ; - java.lang.ClassLoader::defineClassSourceLocation@22
                      ; - java.lang.ClassLoader::defineClass@12
  0x00000275ae627e04: 7869 76ff 

  0x00000275ae627e08: ;   {other}
  0x00000275ae627e08: 0f1f 8400 | f83b 0029 | 4c8b 5424 | 5041 8b6a | 1441 807a | 1000 0f85 | 2226 0000 | 85ed 0f84 
  0x00000275ae627e28: a812 0000 | 4c8b 5424 | 484c 8954 | 2458 448b | 5424 44e9 | 44d6 ffff | 897c 2470 | 895c 246c 
  0x00000275ae627e48: 4489 4c24 | 684c 8944 | 2460 4c89 | 7424 5044 | 896c 2444 | 4c8b 5c24 | 584c 895c | 2448 48ff 
  0x00000275ae627e68: 7424 2848 | 8f44 2420 | 4c8b 9c24 | 8800 0000 | 498b eb49 | 8bd0 4889 | 8c24 8800 | 0000 6690 
  0x00000275ae627e88: ;   {optimized virtual_call}
  0x00000275ae627e88: c5f8 77e8 

  0x00000275ae627e8c: ; ImmutableOopMap {rbp=Oop [32]=Oop [48]=Oop [68]=NarrowOop [72]=Oop [80]=Oop [96]=Oop [104]=NarrowOop [136]=Oop [160]=Oop }
                      ;*invokevirtual inflate {reexecute=0 rethrow=0 return_oop=0}
                      ; - java.lang.AbstractStringBuilder::inflateIfNeededFor@18
                      ; - java.lang.AbstractStringBuilder::putStringAt@2
                      ; - java.lang.AbstractStringBuilder::append@30
                      ; - java.lang.StringBuilder::append@2
                      ; - java.net.URLStreamHandler::toExternalForm@11
                      ; - java.net.URL::toExternalForm@5
                      ; - java.net.URL::toString@1
                      ; - java.lang.ClassLoader::defineClassSourceLocation@22
                      ; - java.lang.ClassLoader::defineClass@12
  0x00000275ae627e8c: f068 76ff 

  0x00000275ae627e90: ;   {other}
  0x00000275ae627e90: 0f1f 8400 | 803c 002a | 448b 4c24 | 6845 0fbe | 5110 4c8b | 5c24 6045 | 0fbe 5b10 | 4889 ac24 
  0x00000275ae627eb0: 8800 0000 | 48ff 7424 | 2048 8f44 | 2428 4c8b | 4424 484c | 8944 2458 | 448b 6c24 | 444c 8b44 
  0x00000275ae627ed0: 2450 8b5c | 246c 8b7c | 2470 4d8b | f0e9 4bd2 | ffff 4489 | 5424 6844 | 8944 2464 | 4489 5c24 
  0x00000275ae627ef0: 6044 8b94 | 2490 0000 | 0044 8954 | 2444 4c89 | 6c24 5048 | 8974 2448 | 4c8b 5424 | 284c 8954 
  0x00000275ae627f10: 2420 488b | ac24 8800 

  0x00000275ae627f18: ;   {metadata('java/lang/String')}
  0x00000275ae627f18: 0000 48ba | 78e8 00bb | 7502 0000 

  0x00000275ae627f24: ;   {runtime_call _new_instance_Java}
  0x00000275ae627f24: c5f8 77e8 

  0x00000275ae627f28: ; ImmutableOopMap {rbp=Oop [32]=Oop [48]=Oop [68]=NarrowOop [72]=Oop [80]=Oop [88]=Oop [96]=NarrowOop [136]=Oop [144]=NarrowOop }
                      ;*new {reexecute=0 rethrow=0 return_oop=1}
                      ; - java.lang.StringLatin1::newString@7
                      ; - java.lang.String::substring@41
                      ; - java.lang.ClassLoader::checkCerts@21
                      ; - java.lang.ClassLoader::preDefineClass@113
                      ; - java.lang.ClassLoader::defineClass@4
  0x00000275ae627f28: d479 78ff 

  0x00000275ae627f2c: ;   {other}
  0x00000275ae627f2c: 0f1f 8400 | 1c3d 002b | 4c8b 5424 | 204c 8954 | 2428 488b | 7424 484c | 8b6c 2450 | 448b 5c24 
  0x00000275ae627f4c: 6044 8b44 | 2464 448b | 5424 6848 | 8bd8 e93f | ceff ff4c | 8974 2450 | 4489 6c24 | 444c 8b54 
  0x00000275ae627f6c: 2428 4c89 

  0x00000275ae627f70: ;   {metadata('java/lang/StringBuilder')}
  0x00000275ae627f70: 5424 2048 | ba40 8000 | bb75 0200 | 0066 6690 

  0x00000275ae627f80: ;   {runtime_call _new_instance_Java}
  0x00000275ae627f80: c5f8 77e8 

  0x00000275ae627f84: ; ImmutableOopMap {[32]=Oop [48]=Oop [68]=NarrowOop [80]=Oop [88]=Oop [136]=Oop }
                      ;*new {reexecute=0 rethrow=0 return_oop=1}
                      ; - java.net.URLStreamHandler::toExternalForm@0
                      ; - java.net.URL::toExternalForm@5
                      ; - java.net.URL::toString@1
                      ; - java.lang.ClassLoader::defineClassSourceLocation@22
                      ; - java.lang.ClassLoader::defineClass@12
  0x00000275ae627f84: 7879 78ff 

  0x00000275ae627f88: ;   {other}
  0x00000275ae627f88: 0f1f 8400 | 783d 002c | 4c8b 5424 | 204c 8954 | 2428 448b | 6c24 444c | 8b54 2450 | 4d8b f2e9 
  0x00000275ae627fa8: a6d0 ffff | 4889 4424 | 604c 8974 | 2450 4489 | 6c24 444c | 8b54 2458 | 4c89 5424 | 484c 8b54 
  0x00000275ae627fc8: 2428 4c89 

  0x00000275ae627fcc: ;   {metadata({type array byte})}
  0x00000275ae627fcc: 5424 2048 | ba18 2300 | bb75 0200 | 0041 b810 | 0000 0090 

  0x00000275ae627fe0: ;   {runtime_call _new_array_Java}
  0x00000275ae627fe0: c5f8 77e8 

  0x00000275ae627fe4: ; ImmutableOopMap {[32]=Oop [48]=Oop [68]=NarrowOop [72]=Oop [80]=Oop [96]=Oop [136]=Oop [160]=Oop }
                      ;*newarray {reexecute=0 rethrow=0 return_oop=1}
                      ; - java.lang.AbstractStringBuilder::<init>@12
                      ; - java.lang.StringBuilder::<init>@3
                      ; - java.net.URLStreamHandler::toExternalForm@4
                      ; - java.net.URL::toExternalForm@5
                      ; - java.net.URL::toString@1
                      ; - java.lang.ClassLoader::defineClassSourceLocation@22
                      ; - java.lang.ClassLoader::defineClass@12
  0x00000275ae627fe4: 1876 78ff 

  0x00000275ae627fe8: ;   {other}
  0x00000275ae627fe8: 0f1f 8400 | d83d 002d | 4c8b 5c24 | 204c 895c | 2428 4c8b | 5c24 484c | 895c 2458 | 448b 6c24 
  0x00000275ae628008: 444c 8b5c | 2450 4c8b | c04d 8bf3 | e99a d0ff 

  0x00000275ae628018: ;   {metadata('java/lang/String')}
  0x00000275ae628018: ff48 ba78 | e800 bb75 | 0200 0090 

  0x00000275ae628024: ;   {runtime_call _new_instance_Java}
  0x00000275ae628024: c5f8 77e8 

  0x00000275ae628028: ; ImmutableOopMap {[40]=Oop [48]=Oop [88]=Oop [136]=Oop [160]=Oop }
                      ;*new {reexecute=0 rethrow=0 return_oop=1}
                      ; - java.lang.StringBuilder::toString@0
                      ; - java.net.URLStreamHandler::toExternalForm@152
                      ; - java.net.URL::toExternalForm@5
                      ; - java.net.URL::toString@1
                      ; - java.lang.ClassLoader::defineClassSourceLocation@22
                      ; - java.lang.ClassLoader::defineClass@12
  0x00000275ae628028: d478 78ff 

  0x00000275ae62802c: ;   {other}
  0x00000275ae62802c: 0f1f 8400 | 1c3e 002e | 488b d8e9 | 9ed4 ffff 

  0x00000275ae62803c: ; implicit exception: dispatches to 0x00000275ae62b014
  0x00000275ae62803c: 8b41 0c43 | 8d3c 0085 | ff0f 8c6d | 2600 0044 | 8d14 0045 | 85d2 0f8c | 6026 0000 | 468d 1c17 
  0x00000275ae62805c: 418b 510c | 413b d30f | 824f 2600 | 004c 8bd1 | 488d 7110 | 4d8b d149 | 8d7c 3910 | 8bd0 8bca 
  0x00000275ae62807c: 83e1 0f83 | e2f0 741c | 488d 3416 | 488d 3c57 | 48f7 dac4 | e27d 3004 | 16c5 fe7f | 0457 4883 
  0x00000275ae62809c: c210 75ef | 8bd1 83e1 | 0783 e2f8 | 7427 c4e2 | 7930 06c5 | fa7f 0748 | 83c6 0848 | 83c7 10e9 
  0x00000275ae6280bc: 1100 0000 | c4e2 7930 | 0416 c5fa | 7f04 5748 | 83c2 0875 | ef8b d183 | fa04 7c19 | c5f9 6e06 
  0x00000275ae6280dc: c4e2 7930 | c0c5 f9d6 | 0748 83ea | 0448 83c6 | 0448 83c7 | 0885 d274 | 1848 8d34 | 1648 8d3c 
  0x00000275ae6280fc: 5748 f7da | 0fb6 0c16 | 6689 0c57 | 48ff c275 | f3e9 89d2 | ffff 418b | 690c 448d | 143f 4585 
  0x00000275ae62811c: d20f 8c01 | 2600 004c | 8974 2420 

  0x00000275ae628128: ;   {no_reloc}
  0x00000275ae628128: 448d 046d | 0000 0000 | 4585 c00f | 8ceb 2500 | 0044 8b5e | 0c43 8d0c | 0244 3bd9 | 0f82 da25 
  0x00000275ae628148: 0000 4c8b | de4a 8d7c | 1610 4d8b | d149 8d71 | 108b d58b | ca83 e10f | 83e2 f074 | 1c48 8d34 
  0x00000275ae628168: 1648 8d3c | 5748 f7da | c4e2 7d30 | 0416 c5fe | 7f04 5748 | 83c2 1075 | ef8b d183 | e107 83e2 
  0x00000275ae628188: f874 27c4 | e279 3006 | c5fa 7f07 | 4883 c608 | 4883 c710 | e911 0000 | 00c4 e279 | 3004 16c5 
  0x00000275ae6281a8: fa7f 0457 | 4883 c208 | 75ef 8bd1 | 83fa 047c | 19c5 f96e | 06c4 e279 | 30c0 c5f9 | d607 4883 
  0x00000275ae6281c8: ea04 4883 | c604 4883 | c708 85d2 | 7418 488d | 3416 488d | 3c57 48f7 | da0f b60c | 1666 890c 
  0x00000275ae6281e8: 5748 ffc2 | 75f3 e9a9 | cfff ff4c | 63c5 498d | 4810 488b | d148 83e2 | f848 8bfb | 4803 fa48 
  0x00000275ae628208: c1e9 034c | 2bc9 498b | c948 33c0 | 4883 f908 | 7f10 48ff | c978 4f48 | 8904 cf48 | ffc9 7df7 
  0x00000275ae628228: ;   {no_reloc}
  0x00000275ae628228: eb44 c5fd | efc0 e90d | 0000 00c5 | fe7f 07c5 | fe7f 4720 | 4883 c740 | 4883 e908 | 7ded 4883 
  0x00000275ae628248: c104 7c0c | c5fe 7f07 | 4883 c720 | 4883 e904 | 4883 c104 | 7e10 48ff | c9c5 f9d6 | 0748 83c7 
  0x00000275ae628268: 0848 ffc9 | 7df3 498b | cb49 8bd2 | c5f8 7749 | bac0 6dd7 | ad75 0200 | 0041 ffd2 

  0x00000275ae628284: ;   {other}
  0x00000275ae628284: 0f1f 8400 | 0000 0000 | e996 deff | ff4c 63c5 | 4d8d 5810 | 498b d348 | 83e2 f848 | 8bfb 4803 
  0x00000275ae6282a4: fa49 c1eb | 0349 2bcb | 4833 c048 | 83f9 087f | 1048 ffc9 | 784f 4889 | 04cf 48ff | c97d f7eb 
  0x00000275ae6282c4: 44c5 fdef | c0e9 0d00 | 0000 c5fe | 7f07 c5fe | 7f47 2048 | 83c7 4048 | 83e9 087d | ed48 83c1 
  0x00000275ae6282e4: 047c 0cc5 | fe7f 0748 | 83c7 2048 | 83e9 0448 | 83c1 047e | 1048 ffc9 | c5f9 d607 | 4883 c708 
  0x00000275ae628304: 48ff c97d | f349 8bc9 | 498b d2c5 | f877 49ba | c06d d7ad | 7502 0000 

  0x00000275ae62831c: ;   {other}
  0x00000275ae62831c: 41ff d20f | 1f84 0000 | 0000 00e9 | 98df ffff | 4d8b e84d | 63c3 4d8d | 5010 4d8b | da49 83e3 
  0x00000275ae62833c: f848 8bfa | 4903 fb48 | 8bea 49c1 | ea03 492b | da48 8bcb | 4833 c048 | 83f9 087f | 1048 ffc9 
  0x00000275ae62835c: 784f 4889 | 04cf 48ff | c97d f7eb | 44c5 fdef | c0e9 0d00 | 0000 c5fe | 7f07 c5fe | 7f47 2048 
  0x00000275ae62837c: 83c7 4048 | 83e9 087d | ed48 83c1 | 047c 0cc5 | fe7f 0748 | 83c7 2048 | 83e9 0448 | 83c1 047e 
  0x00000275ae62839c: 1048 ffc9 | c5f9 d607 | 4883 c708 | 48ff c97d | f349 8bc9 | 498b d5c5 | f877 49ba | c06d d7ad 
  0x00000275ae6283bc: 7502 0000 

  0x00000275ae6283c0: ;   {other}
  0x00000275ae6283c0: 41ff d20f | 1f84 0000 | 0000 0048 | 8bd5 e9d9 | e0ff ff4d | 63c2 4d8d | 5010 4d8b | da49 83e3 
  0x00000275ae6283e0: f848 8bfb | 4903 fb49 | c1ea 0349 | 2bca 4833 | c048 83f9 | 087f 1048 | ffc9 784f | 4889 04cf 
  0x00000275ae628400: 48ff c97d | f7eb 44c5 | fdef c0e9 | 0d00 0000 | c5fe 7f07 | c5fe 7f47 | 2048 83c7 | 4048 83e9 
  0x00000275ae628420: 087d ed48 | 83c1 047c | 0cc5 fe7f | 0748 83c7 | 2048 83e9 | 0448 83c1 | 047e 1048 | ffc9 c5f9 
  0x00000275ae628440: d607 4883 | c708 48ff | c97d f348 | 8bce 498b | d1c5 f877 | 49ba c06d | d7ad 7502 | 0000 41ff 
  0x00000275ae628460: ;   {other}
  0x00000275ae628460: d20f 1f84 | 0000 0000 | 00e9 25e2 | ffff 4d63 | c34d 8d50 | 104d 8bda | 4983 e3f8 | 488b fb49 
  0x00000275ae628480: 03fb 49c1 | ea03 492b | ca48 33c0 | 4883 f908 | 7f10 48ff | c978 4f48 | 8904 cf48 | ffc9 7df7 
  0x00000275ae6284a0: eb44 c5fd | efc0 e90d | 0000 00c5 | fe7f 07c5 | fe7f 4720 | 4883 c740 | 4883 e908 | 7ded 4883 
  0x00000275ae6284c0: c104 7c0c | c5fe 7f07 | 4883 c720 | 4883 e904 | 4883 c104 | 7e10 48ff | c9c5 f9d6 | 0748 83c7 
  0x00000275ae6284e0: 0848 ffc9 | 7df3 488b | ce49 8bd1 | c5f8 7749 | bac0 6dd7 | ad75 0200 | 0041 ffd2 

  0x00000275ae6284fc: ;   {other}
  0x00000275ae6284fc: 0f1f 8400 | 0000 0000 | e943 e3ff | ff4d 63c0 | 4d8d 5010 | 498b d248 | 83e2 f848 | 8bfb 4803 
  0x00000275ae62851c: fa49 c1ea | 0349 2bca | 4833 c048 | 83f9 087f | 1048 ffc9 | 784f 4889 | 04cf 48ff | c97d f7eb 
  0x00000275ae62853c: 44c5 fdef | c0e9 0d00 | 0000 c5fe | 7f07 c5fe | 7f47 2048 | 83c7 4048 | 83e9 087d | ed48 83c1 
  0x00000275ae62855c: 047c 0cc5 | fe7f 0748 | 83c7 2048 | 83e9 0448 | 83c1 047e | 1048 ffc9 | c5f9 d607 | 4883 c708 
  0x00000275ae62857c: 48ff c97d | f349 8bcb | 498b d1c5 | f877 49ba | c06d d7ad | 7502 0000 

  0x00000275ae628594: ;   {other}
  0x00000275ae628594: 41ff d20f | 1f84 0000 | 0000 00e9 | 3ce4 ffff | 498b 87b8 | 0100 004c | 8bd8 4983 | c318 498b 
  0x00000275ae6285b4: da4d 3b9f | c801 0000 | 0f83 551f | 0000 4d89 | 9fb8 0100 | 0041 0f0d | 8b00 0100 | 0048 c700 
  0x00000275ae6285d4: 0100 0000 

  0x00000275ae6285d8: ;   {metadata('java/util/ArrayList')}
  0x00000275ae6285d8: c740 08d0 | 890b 0044 | 8960 0c44 | 8960 1041 

  0x00000275ae6285e8: ;   {oop(a 'java/lang/Object'[0] {0x0000000080000778})}
  0x00000275ae6285e8: 8b79 0cc7 | 4014 7807 | 0080 488b | c885 ff0f | 86af 0000 | 0045 33db | eb17 4889 | 6c24 288b 
  0x00000275ae628608: 4c24 2089 | 4c24 4048 | 8b5c 2438 | 488b 4c24 | 4841 8b79 | 0c44 3bdf | 0f83 5e20 | 0000 478b 
  0x00000275ae628628: 4c99 1045 | 8b41 1045 | 8b40 1044 | 895c 2444 | 4889 4c24 | 4848 895c | 2438 4489 | 5424 2444 
  0x00000275ae628648: 8b54 2440 | 4489 5424 | 2048 8b6c | 2428 488b | d166 6690 

  0x00000275ae62865c: ;   {optimized virtual_call}
  0x00000275ae62865c: c5f8 77e8 

  0x00000275ae628660: ; ImmutableOopMap {rbp=Oop [36]=NarrowOop [56]=Oop [72]=Oop [120]=Oop }
                      ;*invokevirtual addAll {reexecute=0 rethrow=0 return_oop=0}
                      ; - java.security.CodeSource::getCertificates@57
                      ; - java.lang.ClassLoader::postDefineClass@24
                      ; - java.lang.ClassLoader::defineClass@37
  0x00000275ae628660: 1c61 76ff 

  0x00000275ae628664: ;   {other}
  0x00000275ae628664: 0f1f 8400 | 5444 002f | 498b 8f58 | 0400 0044 | 8b54 2424 | 458b 4a10 | 448b 5c24 

  0x00000275ae628680: ; ImmutableOopMap {r10=NarrowOop r9=NarrowOop rbp=Oop [56]=Oop [72]=Oop [120]=Oop }
                      ;*goto {reexecute=1 rethrow=0 return_oop=0}
                      ; - (reexecute) java.security.CodeSource::getCertificates@64
                      ; - java.lang.ClassLoader::postDefineClass@24
                      ; - java.lang.ClassLoader::defineClass@37
  0x00000275ae628680: 4441 ffc3 

  0x00000275ae628684: ;   {poll}
  0x00000275ae628684: 8501 458b | 410c 453b | d80f 8c6f | ffff ff48 | 896c 2428 | 448b 5c24 | 2044 895c | 2440 488b 
  0x00000275ae6286a4: 5c24 3848 | 8b4c 2448 | 498b 87b8 | 0100 004c | 8bd8 4983 | c310 4d3b | 9fc8 0100 | 000f 83ac 
  0x00000275ae6286c4: 1e00 004d | 899f b801 | 0000 410f | 0d8b 0001 | 0000 48c7 | 0001 0000 | 0041 0f0d | 8b40 0100 
  0x00000275ae6286e4: ;   {metadata('java/security/cert/Certificate'[])}
  0x00000275ae6286e4: 00c7 4008 | 2029 1000 | 410f 0d8b | 8001 0000 | 4489 600c | 4c8b 5c24 | 284c 895c | 2420 4c8b 
  0x00000275ae628704: 5c24 784c | 895c 2430 | 4489 5424 | 3848 8beb | 4889 4c24 | 484c 8bc0 | 488b 5424 | 4866 6690 
  0x00000275ae628724: ;   {optimized virtual_call}
  0x00000275ae628724: c5f8 77e8 

  0x00000275ae628728: ; ImmutableOopMap {rbp=Oop [32]=Oop [48]=Oop [56]=NarrowOop }
                      ;*invokevirtual toArray {reexecute=0 rethrow=0 return_oop=1}
                      ; - java.security.CodeSource::getCertificates@73
                      ; - java.lang.ClassLoader::postDefineClass@24
                      ; - java.lang.ClassLoader::defineClass@37
  0x00000275ae628728: 5460 76ff 

  0x00000275ae62872c: ;   {other}
  0x00000275ae62872c: 0f1f 8400 | 1c45 0031 | 4c8b d044 

  0x00000275ae628738: ;   {metadata('java/security/cert/Certificate'[])}
  0x00000275ae628738: 8b40 0841 | 81f8 2029 | 1000 0f85 | f821 0000 | 4c89 5424 | 4045 8b52 | 0c4c 8bc5 | 4963 ea49 
  0x00000275ae628758: c1e8 0949 | bb00 0060 | b575 0200 | 0047 8824 | 0348 c1e5 | 024c 8b5c | 2440 4d8b | c344 8b4c 
  0x00000275ae628778: 2438 4589 | 4114 4181 | fa00 0004 | 000f 872e | 1e00 0049 | 8b9f b801 | 0000 4c8d | 5d17 4983 
  0x00000275ae628798: e3f8 4c8b | c34d 03c3 | 4d3b 87c8 | 0100 000f | 830c 1e00 | 004d 8987 | b801 0000 | 410f 0d88 
  0x00000275ae6287b8: 0001 0000 | 48c7 0301 | 0000 0041 | 0f0d 8840 

  0x00000275ae6287c8: ;   {metadata('java/security/cert/Certificate'[])}
  0x00000275ae6287c8: 0100 00c7 | 4308 2029 | 1000 4489 | 530c 410f | 0d88 8001 | 0000 488b | 4c24 4048 | 83c1 1048 
  0x00000275ae6287e8: 8bd3 4883 | c210 4883 | c507 48c1 | ed03 4c8b | c5c5 f877 | 49ba 6074 | d7ad 7502 | 0000 41ff 
  0x00000275ae628808: ;   {other}
  0x00000275ae628808: d20f 1f84 | 0000 0000 | 004c 8b5c | 2430 4c89 | 5c24 78e9 | 9bd7 ffff | 4889 bc24 | 8000 0000 
  0x00000275ae628828: 4889 4c24 | 784c 894c | 2470 4889 | 5c24 6844 | 8954 2460 | 448b 9424 | 9000 0000 | 4489 5424 
  0x00000275ae628848: 444c 896c | 2450 4889 | 7424 484c | 8b94 2488 | 0000 004c | 8954 2420 

  0x00000275ae628860: ;   {metadata({type array byte})}
  0x00000275ae628860: 48ba 1823 | 00bb 7502 | 0000 448b | 4424 6090 

  0x00000275ae628870: ;   {runtime_call _new_array_nozero_Java}
  0x00000275ae628870: c5f8 77e8 

  0x00000275ae628874: ; ImmutableOopMap {[32]=Oop [40]=Oop [48]=Oop [68]=NarrowOop [72]=Oop [80]=Oop [88]=Oop [104]=Oop [152]=Oop [112]=Derived_oop_[152] }
                      ;*newarray {reexecute=0 rethrow=0 return_oop=1}
                      ; - java.util.Arrays::copyOfRangeByte@10
                      ; - java.util.Arrays::copyOfRange@13
                      ; - java.lang.StringLatin1::newString@16
                      ; - java.lang.String::substring@41
                      ; - java.lang.ClassLoader::checkCerts@21
                      ; - java.lang.ClassLoader::preDefineClass@113
                      ; - java.lang.ClassLoader::defineClass@4
  0x00000275ae628874: 086a 78ff 

  0x00000275ae628878: ;   {other}
  0x00000275ae628878: 0f1f 8400 | 6846 0032 | 4c8b 5424 | 204c 8994 | 2488 0000 | 0048 8b74 | 2448 4c8b | 6c24 5044 
  0x00000275ae628898: 8b5c 2444 | 4489 9c24 | 9000 0000 | 448b 5424 | 6048 8b5c | 2468 4c8b | 4c24 7048 | 8b4c 2478 
  0x00000275ae6288b8: 488b bc24 | 8000 0000 | 4c8b f0e9 | 13c6 ffff | 4889 7c24 | 704c 895c | 2468 4c89 | 4c24 6089 
  0x00000275ae6288d8: 4c24 4448 | 895c 2450 | 4c8b 5424 | 584c 8954 

  0x00000275ae6288e8: ;   {metadata({type array byte})}
  0x00000275ae6288e8: 2448 48ba | 1823 00bb | 7502 0000 | 448b c190 

  0x00000275ae6288f8: ;   {runtime_call _new_array_nozero_Java}
  0x00000275ae6288f8: c5f8 77e8 

  0x00000275ae6288fc: ; ImmutableOopMap {[40]=Oop [48]=Oop [72]=Oop [80]=Oop [120]=Oop [96]=Derived_oop_[120] [136]=Oop }
                      ;*newarray {reexecute=0 rethrow=0 return_oop=1}
                      ; - java.util.Arrays::copyOfRangeByte@10
                      ; - java.util.Arrays::copyOfRange@13
                      ; - java.lang.String::<init>@32
                      ; - java.lang.String::<init>@3
                      ; - java.lang.StringBuilder::toString@5
                      ; - java.net.URLStreamHandler::toExternalForm@152
                      ; - java.net.URL::toExternalForm@5
                      ; - java.net.URL::toString@1
                      ; - java.lang.ClassLoader::defineClassSourceLocation@22
                      ; - java.lang.ClassLoader::defineClass@12
  0x00000275ae6288fc: 8069 78ff 

  0x00000275ae628900: ;   {other}
  0x00000275ae628900: 0f1f 8400 | f046 0033 | 4c8b 5c24 | 484c 895c | 2458 4c8b | 4424 508b | 5424 444c | 8b4c 2460 
  0x00000275ae628920: 4c8b 5c24 | 6848 8b7c | 2470 488b | f049 8bd8 | 8bca e9fb | ccff ff44 | 8954 2448 | 4489 5c24 
  0x00000275ae628940: 4444 894c | 2424 4c8b | 5424 784c | 8954 2438 | 4c8b 5424 | 584c 8954 | 2430 448b | 5424 4044 
  0x00000275ae628960: 8954 2420 | 488b 6c24 

  0x00000275ae628968: ;   {metadata('java/lang/String')}
  0x00000275ae628968: 2848 ba78 | e800 bb75 | 0200 0090 

  0x00000275ae628974: ;   {runtime_call _new_instance_Java}
  0x00000275ae628974: c5f8 77e8 

  0x00000275ae628978: ; ImmutableOopMap {rbp=Oop [36]=NarrowOop [48]=Oop [56]=Oop [120]=Oop }
                      ;*new {reexecute=0 rethrow=0 return_oop=1}
                      ; - java.lang.StringLatin1::newString@7
                      ; - java.lang.String::substring@41
                      ; - java.lang.Class::getPackageName@62
                      ; - java.lang.ClassLoader::postDefineClass@2
                      ; - java.lang.ClassLoader::defineClass@37
  0x00000275ae628978: 846f 78ff 

  0x00000275ae62897c: ;   {other}
  0x00000275ae62897c: 0f1f 8400 | 6c47 0034 | 4889 6c24 | 2844 8b5c | 2420 4489 | 5c24 404c | 8b54 2430 | 4c89 5424 
  0x00000275ae62899c: 5844 8b4c | 2424 448b | 5c24 4444 | 8b54 2448 | 488b d8e9 | 86ce ffff | 4c89 5c24 | 7048 894c 
  0x00000275ae6289bc: 2468 4889 | 7424 6048 | 895c 2450 | 4489 5424 | 344c 8b54 | 2478 4c89 | 5424 484c | 8b54 2458 
  0x00000275ae6289dc: 4c89 5424 | 3844 8b54 | 2440 4489 | 5424 304c | 8b54 2428 | 4c89 5424 

  0x00000275ae6289f4: ;   {metadata({type array byte})}
  0x00000275ae6289f4: 2048 ba18 | 2300 bb75 | 0200 0044 | 8b44 2434 | 4c8b 5424 | 484c 8954 | 2440 6690 

  0x00000275ae628a10: ;   {runtime_call _new_array_nozero_Java}
  0x00000275ae628a10: c5f8 77e8 

  0x00000275ae628a14: ; ImmutableOopMap {[32]=Oop [56]=Oop [64]=Oop [72]=Oop [80]=Oop [120]=Oop [136]=Oop [96]=Derived_oop_[136] }
                      ;*newarray {reexecute=0 rethrow=0 return_oop=1}
                      ; - java.util.Arrays::copyOfRangeByte@10
                      ; - java.util.Arrays::copyOfRange@13
                      ; - java.lang.StringLatin1::newString@16
                      ; - java.lang.String::substring@41
                      ; - java.lang.Class::getPackageName@62
                      ; - java.lang.ClassLoader::postDefineClass@2
                      ; - java.lang.ClassLoader::defineClass@37
  0x00000275ae628a14: 6868 78ff 

  0x00000275ae628a18: ;   {other}
  0x00000275ae628a18: 0f1f 8400 | 0848 0035 | 4c8b 5424 | 204c 8954 | 2428 448b | 5c24 3044 | 895c 2440 | 4c8b 5424 
  0x00000275ae628a38: 384c 8954 | 2458 448b | 5424 3448 | 8b5c 2450 | 488b 7424 | 6048 8b4c | 2468 4c8b | 5c24 704c 
  0x00000275ae628a58: 8be8 e91c | cfff ff44 | 895c 2430 | 4c89 4424 

  0x00000275ae628a68: ;   {metadata('java/lang/NamedPackage')}
  0x00000275ae628a68: 2048 bae8 | c001 bb75 | 0200 0090 

  0x00000275ae628a74: ;   {runtime_call _new_instance_Java}
  0x00000275ae628a74: c5f8 77e8 

  0x00000275ae628a78: ; ImmutableOopMap {[32]=Oop [40]=Oop [48]=NarrowOop [88]=Oop [120]=Oop }
                      ;*new {reexecute=0 rethrow=0 return_oop=1}
                      ; - java.lang.ClassLoader::getNamedPackage@16
                      ; - java.lang.ClassLoader::postDefineClass@9
                      ; - java.lang.ClassLoader::defineClass@37
  0x00000275ae628a78: 846e 78ff 

  0x00000275ae628a7c: ;   {other}
  0x00000275ae628a7c: 0f1f 8400 | 6c48 0036 | e989 d1ff | ff4c 8954 | 2478 4c89 | 4c24 7048 | 895c 2468 | 4489 5c24 
  0x00000275ae628a9c: 6044 8b9c | 2490 0000 | 0044 895c | 2444 4c89 | 6c24 5048 | 8974 2448 | 4c8b 9424 | 8800 0000 
  0x00000275ae628abc: 4c89 5424 

  0x00000275ae628ac0: ;   {metadata({type array byte})}
  0x00000275ae628ac0: 2048 ba18 | 2300 bb75 | 0200 0090 

  0x00000275ae628acc: ;   {runtime_call _new_array_nozero_Java}
  0x00000275ae628acc: c5f8 77e8 

  0x00000275ae628ad0: ; ImmutableOopMap {rbp=Oop [112]=Derived_oop_rbp [32]=Oop [40]=Oop [48]=Oop [68]=NarrowOop [72]=Oop [80]=Oop [88]=Oop [96]=NarrowOop [104]=Oop [136]=Oop [144]=NarrowOop }
                      ;*invokevirtual clone {reexecute=1 rethrow=0 return_oop=1}
                      ; - (reexecute) java.util.Arrays::copyOfRange@18
                      ; - java.lang.StringLatin1::newString@16
                      ; - java.lang.String::substring@41
                      ; - java.lang.ClassLoader::checkCerts@21
                      ; - java.lang.ClassLoader::preDefineClass@113
                      ; - java.lang.ClassLoader::defineClass@4
  0x00000275ae628ad0: ac67 78ff 

  0x00000275ae628ad4: ;   {other}
  0x00000275ae628ad4: 0f1f 8400 | c448 0037 | 488b 7424 | 484c 8b6c | 2450 488b | 5c24 684c | 8b4c 2470 | 4c8b 5424 
  0x00000275ae628af4: 7848 8bf8 | e911 c3ff | ff48 8974 | 2468 4c89 | 4c24 6044 | 8bd2 4489 | 4424 4448 | 895c 2450 
  0x00000275ae628b14: 4c8b 5c24 | 584c 895c | 2448 4c8b | 5c24 284c | 895c 2420 

  0x00000275ae628b28: ;   {metadata({type array byte})}
  0x00000275ae628b28: 48ba 1823 | 00bb 7502 | 0000 458b | c266 6690 

  0x00000275ae628b38: ;   {runtime_call _new_array_nozero_Java}
  0x00000275ae628b38: c5f8 77e8 

  0x00000275ae628b3c: ; ImmutableOopMap {[32]=Oop [48]=Oop [68]=NarrowOop [72]=Oop [80]=Oop [120]=Oop [96]=Derived_oop_[120] [136]=Oop }
                      ;*invokevirtual clone {reexecute=1 rethrow=0 return_oop=1}
                      ; - (reexecute) java.util.Arrays::copyOfRange@18
                      ; - java.lang.String::<init>@32
                      ; - java.lang.String::<init>@3
                      ; - java.lang.StringBuilder::toString@5
                      ; - java.net.URLStreamHandler::toExternalForm@152
                      ; - java.net.URL::toExternalForm@5
                      ; - java.net.URL::toString@1
                      ; - java.lang.ClassLoader::defineClassSourceLocation@22
                      ; - java.lang.ClassLoader::defineClass@12
  0x00000275ae628b3c: 4067 78ff 

  0x00000275ae628b40: ;   {other}
  0x00000275ae628b40: 0f1f 8400 | 3049 0038 | 4c8b 5c24 | 204c 895c | 2428 4c8b | 5c24 484c | 895c 2458 | 4c8b 5c24 
  0x00000275ae628b60: 504c 8b4c | 2460 488b | 7424 6848 | 8bf8 498b | dbe9 f8c9 

  0x00000275ae628b74: ;   {metadata('java/lang/InternalError')}
  0x00000275ae628b74: ffff 48ba | 3807 01bb | 7502 0000 

  0x00000275ae628b80: ;   {runtime_call _new_instance_Java}
  0x00000275ae628b80: c5f8 77e8 

  0x00000275ae628b84: ; ImmutableOopMap {[32]=Oop [40]=Oop [48]=NarrowOop [56]=Oop [72]=Oop [88]=Oop [120]=Oop }
                      ;*new {reexecute=0 rethrow=0 return_oop=1}
                      ; - java.lang.NamedPackage::<init>@18
                      ; - java.lang.ClassLoader::getNamedPackage@22
                      ; - java.lang.ClassLoader::postDefineClass@9
                      ; - java.lang.ClassLoader::defineClass@37
  0x00000275ae628b84: 786d 78ff 

  0x00000275ae628b88: ;   {other}
  0x00000275ae628b88: 0f1f 8400 | 7849 0039 | e917 d1ff 

  0x00000275ae628b94: ;   {metadata('java/lang/StringBuilder')}
  0x00000275ae628b94: ff48 ba40 | 8000 bb75 | 0200 0090 

  0x00000275ae628ba0: ;   {runtime_call _new_instance_Java}
  0x00000275ae628ba0: c5f8 77e8 

  0x00000275ae628ba4: ; ImmutableOopMap {[32]=Oop [40]=Oop [48]=NarrowOop [56]=Oop [72]=Oop [88]=Oop [104]=Oop [120]=Oop }
                      ;*new {reexecute=0 rethrow=0 return_oop=1}
                      ; - java.lang.NamedPackage::<init>@22
                      ; - java.lang.ClassLoader::getNamedPackage@22
                      ; - java.lang.ClassLoader::postDefineClass@9
                      ; - java.lang.ClassLoader::defineClass@37
  0x00000275ae628ba4: 586d 78ff 

  0x00000275ae628ba8: ;   {other}
  0x00000275ae628ba8: 0f1f 8400 | 9849 003a | e93c d1ff | ffc6 4310 | 01d1 e144 | 8b44 2440 | 448b c948 | 895c 2460 
  0x00000275ae628bc8: 4889 5c24 | 6866 6690 

  0x00000275ae628bd0: ;   {static_call}
  0x00000275ae628bd0: c5f8 77e8 

  0x00000275ae628bd4: ; ImmutableOopMap {[40]=Oop [48]=Oop [88]=Oop [96]=Oop [104]=Oop [136]=Oop }
                      ;*invokestatic copyOfRange {reexecute=0 rethrow=0 return_oop=1}
                      ; - java.lang.String::<init>@91
                      ; - java.lang.String::<init>@3
                      ; - java.lang.StringBuilder::toString@5
                      ; - java.net.URLStreamHandler::toExternalForm@152
                      ; - java.net.URL::toExternalForm@5
                      ; - java.net.URL::toString@1
                      ; - java.lang.ClassLoader::defineClassSourceLocation@22
                      ; - java.lang.ClassLoader::defineClass@12
  0x00000275ae628bd4: a861 76ff 

  0x00000275ae628bd8: ;   {other}
  0x00000275ae628bd8: 0f1f 8400 | c849 003b | 4c8b d048 | 8b5c 2460 | 4489 5314 | 4c8b d349 | c1ea 0949 | bb00 0060 
  0x00000275ae628bf8: b575 0200 | 0047 8824 | 13e9 8cca | ffff 4c89 | 4c24 6844 | 8954 2444 | 4889 5c24 | 604c 896c 
  0x00000275ae628c18: 2450 4889 | 7424 4848 | ba00 0000 | bb75 0200 | 0049 03d0 | 458b c390 

  0x00000275ae628c30: ;   {runtime_call _new_array_Java}
  0x00000275ae628c30: c5f8 77e8 

  0x00000275ae628c34: ; ImmutableOopMap {rbp=Oop [40]=Oop [48]=Oop [68]=NarrowOop [72]=Oop [80]=Oop [88]=Oop [96]=Oop [136]=Oop }
                      ;*invokevirtual clone {reexecute=1 rethrow=0 return_oop=1}
                      ; - (reexecute) java.security.CodeSource::getCertificates@11
                      ; - java.lang.ClassLoader::checkCerts@34
                      ; - java.lang.ClassLoader::preDefineClass@113
                      ; - java.lang.ClassLoader::defineClass@4
  0x00000275ae628c34: c869 78ff 

  0x00000275ae628c38: ;   {other}
  0x00000275ae628c38: 0f1f 8400 | 284a 003c | 488b 7424 | 484c 8b6c | 2450 488b | 5c24 6044 | 8b54 2444 | 4c8b 4c24 
  0x00000275ae628c58: 6848 8bf8 | e98a d2ff | ff48 8944 | 2460 4889 | 7424 5048 | 895c 2448 | 458b d344 | 894c 2444 
  0x00000275ae628c78: 4c8b 5c24 | 784c 895c | 2438 4c8b | 5c24 584c | 895c 2430 | 4c8b 5c24 | 284c 895c 

  0x00000275ae628c94: ;   {metadata({type array byte})}
  0x00000275ae628c94: 2420 48ba | 1823 00bb | 7502 0000 | 458b c24c | 8b54 2438 | 4c89 5424 | 2866 6690 

  0x00000275ae628cb0: ;   {runtime_call _new_array_nozero_Java}
  0x00000275ae628cb0: c5f8 77e8 

  0x00000275ae628cb4: ; ImmutableOopMap {[32]=Oop [40]=Oop [48]=Oop [56]=Oop [68]=NarrowOop [72]=Oop [136]=Oop [80]=Derived_oop_[136] }
                      ;*invokevirtual clone {reexecute=1 rethrow=0 return_oop=1}
                      ; - (reexecute) java.util.Arrays::copyOfRange@18
                      ; - java.lang.StringLatin1::newString@16
                      ; - java.lang.String::substring@41
                      ; - java.lang.Class::getPackageName@62
                      ; - java.lang.ClassLoader::postDefineClass@2
                      ; - java.lang.ClassLoader::defineClass@37
  0x00000275ae628cb4: c865 78ff 

  0x00000275ae628cb8: ;   {other}
  0x00000275ae628cb8: 0f1f 8400 | a84a 003d | 4c8b d04c | 8b5c 2420 | 4c89 5c24 | 284c 8b5c | 2430 4c89 | 5c24 584c 
  0x00000275ae628cd8: 8b5c 2438 | 4c89 5c24 | 7848 8b5c | 2448 488b | 7424 5048 | 8b44 2460 | 498b fae9 | bdcb ffff 
  0x00000275ae628cf8: 4889 7c24 | 4089 4c24 | 384c 8b54 | 2428 4c89 | 5424 2048 | ba00 0000 | bb75 0200 | 0049 03d1 
  0x00000275ae628d18: ;   {runtime_call _new_array_Java}
  0x00000275ae628d18: c5f8 77e8 

  0x00000275ae628d1c: ; ImmutableOopMap {rbp=Oop [32]=Oop [56]=NarrowOop [120]=Oop }
                      ;*invokevirtual clone {reexecute=1 rethrow=0 return_oop=1}
                      ; - (reexecute) java.security.CodeSource::getCertificates@11
                      ; - java.lang.ClassLoader::postDefineClass@24
                      ; - java.lang.ClassLoader::defineClass@37
  0x00000275ae628d1c: e068 78ff 

  0x00000275ae628d20: ;   {other}
  0x00000275ae628d20: 0f1f 8400 | 104b 003e | 8b4c 2438 | 488b 7c24 | 4048 8bd8 | e954 d2ff | ff48 897c | 2478 4c89 
  0x00000275ae628d40: 4c24 704c | 895c 2468 | 4489 4424 | 604c 8b94 | 24a0 0000 | 004c 8954 

  0x00000275ae628d58: ;   {metadata({type array byte})}
  0x00000275ae628d58: 2458 48ba | 1823 00bb | 7502 0000 

  0x00000275ae628d64: ;   {runtime_call _new_array_nozero_Java}
  0x00000275ae628d64: c5f8 77e8 

  0x00000275ae628d68: ; ImmutableOopMap {[32]=Oop [40]=Oop [48]=Oop [68]=NarrowOop [72]=Oop [80]=Oop [88]=Oop [144]=Oop [104]=Derived_oop_[144] [160]=Oop }
                      ;*newarray {reexecute=0 rethrow=0 return_oop=1}
                      ; - java.util.Arrays::copyOf@15
                      ; - java.lang.AbstractStringBuilder::ensureCapacityInternal@32
                      ; - java.lang.AbstractStringBuilder::append@7
                      ; - java.lang.StringBuilder::append@2
                      ; - java.net.URLStreamHandler::toExternalForm@16
                      ; - java.net.URL::toExternalForm@5
                      ; - java.net.URL::toString@1
                      ; - java.lang.ClassLoader::defineClassSourceLocation@22
                      ; - java.lang.ClassLoader::defineClass@12
  0x00000275ae628d68: 1465 78ff 

  0x00000275ae628d6c: ;   {other}
  0x00000275ae628d6c: 0f1f 8400 | 5c4b 003f | 448b 4424 | 604c 8b5c | 2468 4c8b | 4c24 7048 | 8b7c 2478 | 488b d8e9 
  0x00000275ae628d8c: 52d3 ffff | 4c89 4424 | 7848 894c | 2470 4c89 | 4c24 6844 | 895c 2460 | 4c8b 9424 | a000 0000 
  0x00000275ae628dac: 4c89 5424 

  0x00000275ae628db0: ;   {metadata({type array byte})}
  0x00000275ae628db0: 5848 ba18 | 2300 bb75 | 0200 0045 | 8bc3 6690 

  0x00000275ae628dc0: ;   {runtime_call _new_array_nozero_Java}
  0x00000275ae628dc0: c5f8 77e8 

  0x00000275ae628dc4: ; ImmutableOopMap {[32]=Oop [40]=Oop [48]=Oop [68]=NarrowOop [72]=Oop [80]=Oop [88]=Oop [144]=Oop [104]=Derived_oop_[144] [160]=Oop }
                      ;*newarray {reexecute=0 rethrow=0 return_oop=1}
                      ; - java.util.Arrays::copyOf@15
                      ; - java.lang.AbstractStringBuilder::ensureCapacityInternal@32
                      ; - java.lang.AbstractStringBuilder::append@21
                      ; - java.lang.StringBuilder::append@2
                      ; - java.net.URLStreamHandler::toExternalForm@59
                      ; - java.net.URL::toExternalForm@5
                      ; - java.net.URL::toString@1
                      ; - java.lang.ClassLoader::defineClassSourceLocation@22
                      ; - java.lang.ClassLoader::defineClass@12
  0x00000275ae628dc4: b864 78ff 

  0x00000275ae628dc8: ;   {other}
  0x00000275ae628dc8: 0f1f 8400 | b84b 0040 | 448b 5c24 | 604c 8b4c | 2468 488b | 4c24 704c | 8b44 2478 | 488b d8e9 
  0x00000275ae628de8: 96d4 ffff | 4889 8c24 | 9800 0000 | 4889 9c24 | 9000 0000 | 4c89 8c24 | 8800 0000 | 4489 5424 
  0x00000275ae628e08: ;   {metadata({type array byte})}
  0x00000275ae628e08: 6048 ba18 | 2300 bb75 | 0200 0044 | 8b44 2460 

  0x00000275ae628e18: ;   {runtime_call _new_array_nozero_Java}
  0x00000275ae628e18: c5f8 77e8 

  0x00000275ae628e1c: ; ImmutableOopMap {rbp=Oop [104]=Derived_oop_rbp [32]=Oop [40]=Oop [48]=Oop [68]=NarrowOop [72]=Oop [80]=Oop [88]=Oop [112]=NarrowOop [128]=Oop [160]=Oop [176]=Oop [136]=Derived_oop_[176] }
                      ;*newarray {reexecute=0 rethrow=0 return_oop=1}
                      ; - java.util.Arrays::copyOf@15
                      ; - java.lang.AbstractStringBuilder::ensureCapacityInternal@32
                      ; - java.lang.AbstractStringBuilder::append@21
                      ; - java.lang.StringBuilder::append@2
                      ; - java.net.URLStreamHandler::toExternalForm@77
                      ; - java.net.URL::toExternalForm@5
                      ; - java.net.URL::toString@1
                      ; - java.lang.ClassLoader::defineClassSourceLocation@22
                      ; - java.lang.ClassLoader::defineClass@12
  0x00000275ae628e1c: 6064 78ff 

  0x00000275ae628e20: ;   {other}
  0x00000275ae628e20: 0f1f 8400 | 104c 0041 | 448b 5424 | 604c 8b8c | 2488 0000 | 0048 8b9c | 2490 0000 | 0048 8b8c 
  0x00000275ae628e40: 2498 0000 | 0048 8bd0 | e90b d6ff | ff4c 8984 | 2480 0000 | 0048 894c | 2478 4889 | 7424 7044 
  0x00000275ae628e60: 8954 2460 

  0x00000275ae628e64: ;   {metadata({type array byte})}
  0x00000275ae628e64: 48ba 1823 | 00bb 7502 | 0000 448b | 4424 6090 

  0x00000275ae628e74: ;   {runtime_call _new_array_nozero_Java}
  0x00000275ae628e74: c5f8 77e8 

  0x00000275ae628e78: ; ImmutableOopMap {rbp=Oop [104]=Derived_oop_rbp [32]=Oop [40]=Oop [48]=Oop [68]=NarrowOop [72]=Oop [80]=Oop [88]=Oop [152]=Oop [112]=Derived_oop_[152] [160]=Oop }
                      ;*newarray {reexecute=0 rethrow=0 return_oop=1}
                      ; - java.util.Arrays::copyOf@15
                      ; - java.lang.AbstractStringBuilder::ensureCapacityInternal@32
                      ; - java.lang.AbstractStringBuilder::append@21
                      ; - java.lang.StringBuilder::append@2
                      ; - java.net.URLStreamHandler::toExternalForm@113
                      ; - java.net.URL::toExternalForm@5
                      ; - java.net.URL::toString@1
                      ; - java.lang.ClassLoader::defineClassSourceLocation@22
                      ; - java.lang.ClassLoader::defineClass@12
  0x00000275ae628e78: 0464 78ff 

  0x00000275ae628e7c: ;   {other}
  0x00000275ae628e7c: 0f1f 8400 | 6c4c 0042 | 448b 5424 | 6048 8b74 | 2470 488b | 4c24 784c | 8b84 2480 | 0000 0048 
  0x00000275ae628e9c: 8bd8 e9a0 | d7ff ff4c | 8944 2470 | 4889 4c24 | 6848 8974 | 2458 4489 

  0x00000275ae628eb4: ;   {metadata({type array byte})}
  0x00000275ae628eb4: 5424 4448 | ba18 2300 | bb75 0200 | 0044 8b44 | 2444 6690 

  0x00000275ae628ec8: ;   {runtime_call _new_array_nozero_Java}
  0x00000275ae628ec8: c5f8 77e8 

  0x00000275ae628ecc: ; ImmutableOopMap {rbp=Oop [96]=Derived_oop_rbp [32]=Oop [40]=Oop [48]=Oop [72]=Oop [80]=Oop [136]=Oop [88]=Derived_oop_[136] [160]=Oop }
                      ;*newarray {reexecute=0 rethrow=0 return_oop=1}
                      ; - java.util.Arrays::copyOf@15
                      ; - java.lang.AbstractStringBuilder::ensureCapacityInternal@32
                      ; - java.lang.AbstractStringBuilder::append@21
                      ; - java.lang.StringBuilder::append@2
                      ; - java.net.URLStreamHandler::toExternalForm@149
                      ; - java.net.URL::toExternalForm@5
                      ; - java.net.URL::toString@1
                      ; - java.lang.ClassLoader::defineClassSourceLocation@22
                      ; - java.lang.ClassLoader::defineClass@12
  0x00000275ae628ecc: b063 78ff 

  0x00000275ae628ed0: ;   {other}
  0x00000275ae628ed0: 0f1f 8400 | c04c 0043 | 448b 5424 | 4448 8b74 | 2458 488b | 4c24 684c | 8b44 2470 | 488b d8e9 
  0x00000275ae628ef0: 0dd9 ffff | 4889 bc24 | 8800 0000 | 4889 8c24 | 8000 0000 | 4489 5424 | 5c4c 895c | 2478 4489 
  0x00000275ae628f10: ;   {metadata({type array byte})}
  0x00000275ae628f10: 4424 5848 | ba18 2300 | bb75 0200 | 0045 8bc2 

  0x00000275ae628f20: ;   {runtime_call _new_array_nozero_Java}
  0x00000275ae628f20: c5f8 77e8 

  0x00000275ae628f24: ; ImmutableOopMap {rbp=Oop [32]=Oop [40]=Oop [48]=Oop [68]=NarrowOop [72]=Oop [80]=Oop [96]=Oop [120]=Derived_oop_[96] [104]=NarrowOop [112]=Oop [160]=Oop }
                      ;*newarray {reexecute=0 rethrow=0 return_oop=1}
                      ; - java.util.Arrays::copyOf@15
                      ; - java.lang.AbstractStringBuilder::ensureCapacityInternal@32
                      ; - java.lang.AbstractStringBuilder::append@21
                      ; - java.lang.StringBuilder::append@2
                      ; - java.net.URLStreamHandler::toExternalForm@11
                      ; - java.net.URL::toExternalForm@5
                      ; - java.net.URL::toString@1
                      ; - java.lang.ClassLoader::defineClassSourceLocation@22
                      ; - java.lang.ClassLoader::defineClass@12
  0x00000275ae628f24: 5863 78ff 

  0x00000275ae628f28: ;   {other}
  0x00000275ae628f28: 0f1f 8400 | 184d 0044 | 448b 4424 | 584c 8b5c | 2478 448b | 5424 5c48 | 8b8c 2480 | 0000 0048 
  0x00000275ae628f48: 8bbc 2488 | 0000 0048 | 8bd8 e943 | daff ffba | f6ff ffff | 488b e890 

  0x00000275ae628f60: ;   {runtime_call UncommonTrapBlob}
  0x00000275ae628f60: c5f8 77e8 

  0x00000275ae628f64: ; ImmutableOopMap {rbp=Oop }
                      ;*invokevirtual get {reexecute=0 rethrow=0 return_oop=0}
                      ; - java.lang.ClassLoader::getNamedPackage@5
                      ; - java.lang.ClassLoader::postDefineClass@9
                      ; - java.lang.ClassLoader::defineClass@37
  0x00000275ae628f64: 98aa 76ff 

  0x00000275ae628f68: ;   {other}
  0x00000275ae628f68: 0f1f 8400 | 584d 0045 | baf6 ffff | ff48 8beb | 4889 7c24 | 2066 6690 

  0x00000275ae628f80: ;   {runtime_call UncommonTrapBlob}
  0x00000275ae628f80: c5f8 77e8 

  0x00000275ae628f84: ; ImmutableOopMap {rbp=Oop [32]=Oop }
                      ;*invokevirtual putIfAbsent {reexecute=0 rethrow=0 return_oop=0}
                      ; - java.lang.ClassLoader::checkCerts@62
                      ; - java.lang.ClassLoader::preDefineClass@113
                      ; - java.lang.ClassLoader::defineClass@4
  0x00000275ae628f84: 78aa 76ff 

  0x00000275ae628f88: ;   {other}
  0x00000275ae628f88: 0f1f 8400 | 784d 0046 | 4533 d245 | 85c9 410f | 96c2 ba45 | ffff ff48 | 8b6c 2428 | 4c89 4424 
  0x00000275ae628fa8: 4844 8954 | 2450 6690 

  0x00000275ae628fb0: ;   {runtime_call UncommonTrapBlob}
  0x00000275ae628fb0: c5f8 77e8 

  0x00000275ae628fb4: ; ImmutableOopMap {rbp=Oop [32]=Oop [48]=Oop [72]=Oop [136]=Oop }
                      ;*ifeq {reexecute=1 rethrow=0 return_oop=0}
                      ; - (reexecute) java.lang.ClassLoader::checkName@8
                      ; - java.lang.ClassLoader::preDefineClass@1
                      ; - java.lang.ClassLoader::defineClass@4
  0x00000275ae628fb4: 48aa 76ff 

  0x00000275ae628fb8: ;   {other}
  0x00000275ae628fb8: 0f1f 8400 | a84d 0047 | 498b d345 | 33c0 488b | 6c24 284c | 8954 2448 

  0x00000275ae628fd0: ;   {static_call}
  0x00000275ae628fd0: c5f8 77e8 

  0x00000275ae628fd4: ; ImmutableOopMap {rbp=Oop [32]=Oop [40]=Oop [48]=Oop [72]=Oop [136]=Oop }
                      ;*invokestatic charAt {reexecute=0 rethrow=0 return_oop=0}
                      ; - java.lang.String::charAt@21
                      ; - java.lang.ClassLoader::checkName@25
                      ; - java.lang.ClassLoader::preDefineClass@1
                      ; - java.lang.ClassLoader::defineClass@4
  0x00000275ae628fd4: a85d 76ff 

  0x00000275ae628fd8: ;   {other}
  0x00000275ae628fd8: 0f1f 8400 | c84d 0048 | 448b d0e9 | 8ebb ffff | bae4 ffff | ff4c 8954 | 2440 4489 | 5c24 5890 
  0x00000275ae628ff8: ;   {runtime_call UncommonTrapBlob}
  0x00000275ae628ff8: c5f8 77e8 

  0x00000275ae628ffc: ; ImmutableOopMap {[32]=Oop [40]=Oop [48]=Oop [64]=Oop [88]=NarrowOop }
                      ;*invokestatic checkIndex {reexecute=0 rethrow=0 return_oop=0}
                      ; - java.lang.String::checkIndex@5
                      ; - java.lang.StringLatin1::charAt@3
                      ; - java.lang.String::charAt@12
                      ; - java.lang.ClassLoader::checkName@25
                      ; - java.lang.ClassLoader::preDefineClass@1
                      ; - java.lang.ClassLoader::defineClass@4
  0x00000275ae628ffc: 00aa 76ff 

  0x00000275ae629000: ;   {other}
  0x00000275ae629000: 0f1f 8400 | f04d 0049 | bace ffff | ff4c 8944 | 2450 4c89 | 4424 5844 | 895c 2460 

  0x00000275ae62901c: ;   {runtime_call UncommonTrapBlob}
  0x00000275ae62901c: c5f8 77e8 

  0x00000275ae629020: ; ImmutableOopMap {rbp=NarrowOop [32]=Oop [40]=Oop [48]=Oop [80]=Oop [88]=Oop }
                      ;*invokestatic indexOfChar {reexecute=0 rethrow=0 return_oop=0}
                      ; - java.lang.StringLatin1::indexOf@33
                      ; - java.lang.String::indexOf@17
                      ; - java.lang.String::indexOf@3
                      ; - java.lang.ClassLoader::checkName@16
                      ; - java.lang.ClassLoader::preDefineClass@1
                      ; - java.lang.ClassLoader::defineClass@4
  0x00000275ae629020: dca9 76ff 

  0x00000275ae629024: ;   {other}
  0x00000275ae629024: 0f1f 8400 | 144e 004a | ba76 ffff | ff41 8beb | 4489 5424 | 244c 8b54 | 2458 4c89 | 5424 4848 
  0x00000275ae629044: 8974 2450 | 4c89 6c24 | 5866 6690 

  0x00000275ae629050: ;   {runtime_call UncommonTrapBlob}
  0x00000275ae629050: c5f8 77e8 

  0x00000275ae629054: ; ImmutableOopMap {rbp=NarrowOop [40]=Oop [48]=Oop [72]=Oop [80]=Oop [88]=Oop [136]=Oop [144]=NarrowOop }
                      ;*iflt {reexecute=1 rethrow=0 return_oop=0}
                      ; - (reexecute) java.lang.StringLatin1::lastIndexOf@19
                      ; - java.lang.String::lastIndexOf@13
                      ; - java.lang.String::lastIndexOf@8
                      ; - java.lang.ClassLoader::checkCerts@3
                      ; - java.lang.ClassLoader::preDefineClass@113
                      ; - java.lang.ClassLoader::defineClass@4
  0x00000275ae629054: a8a9 76ff 

  0x00000275ae629058: ;   {other}
  0x00000275ae629058: 0f1f 8400 | 484e 004b | ba6e ffff | ff41 8beb | 4489 5424 | 244c 8b54 | 2458 4c89 | 5424 4848 
  0x00000275ae629078: 8974 2450 | 4c89 6c24 | 5866 6690 

  0x00000275ae629084: ;   {runtime_call UncommonTrapBlob}
  0x00000275ae629084: c5f8 77e8 

  0x00000275ae629088: ; ImmutableOopMap {rbp=NarrowOop [40]=Oop [48]=Oop [72]=Oop [80]=Oop [88]=Oop [136]=Oop [144]=NarrowOop }
                      ;*iflt {reexecute=1 rethrow=0 return_oop=0}
                      ; - (reexecute) java.lang.StringLatin1::lastIndexOf@19
                      ; - java.lang.String::lastIndexOf@13
                      ; - java.lang.String::lastIndexOf@8
                      ; - java.lang.ClassLoader::checkCerts@3
                      ; - java.lang.ClassLoader::preDefineClass@113
                      ; - java.lang.ClassLoader::defineClass@4
  0x00000275ae629088: 74a9 76ff 

  0x00000275ae62908c: ;   {other}
  0x00000275ae62908c: 0f1f 8400 | 7c4e 004c | 448b 5424 | 68ba f6ff | ffff 418b | ea66 6690 

  0x00000275ae6290a4: ;   {runtime_call UncommonTrapBlob}
  0x00000275ae6290a4: c5f8 77e8 

  0x00000275ae6290a8: ; ImmutableOopMap {}
                      ;*invokestatic arraycopy {reexecute=0 rethrow=0 return_oop=0}
                      ; - java.lang.String::getBytes@22
                      ; - java.lang.AbstractStringBuilder::putStringAt@15
                      ; - java.lang.AbstractStringBuilder::append@30
                      ; - java.lang.StringBuilder::append@2
                      ; - java.net.URLStreamHandler::toExternalForm@59
                      ; - java.net.URL::toExternalForm@5
                      ; - java.net.URL::toString@1
                      ; - java.lang.ClassLoader::defineClassSourceLocation@22
                      ; - java.lang.ClassLoader::defineClass@12
  0x00000275ae6290a8: 54a9 76ff 

  0x00000275ae6290ac: ;   {other}
  0x00000275ae6290ac: 0f1f 8400 | 9c4e 004d | 448b 5424 | 68ba f6ff | ffff 418b | ea66 6690 

  0x00000275ae6290c4: ;   {runtime_call UncommonTrapBlob}
  0x00000275ae6290c4: c5f8 77e8 

  0x00000275ae6290c8: ; ImmutableOopMap {}
                      ;*invokestatic arraycopy {reexecute=0 rethrow=0 return_oop=0}
                      ; - java.lang.String::getBytes@22
                      ; - java.lang.AbstractStringBuilder::putStringAt@15
                      ; - java.lang.AbstractStringBuilder::append@30
                      ; - java.lang.StringBuilder::append@2
                      ; - java.net.URLStreamHandler::toExternalForm@113
                      ; - java.net.URL::toExternalForm@5
                      ; - java.net.URL::toString@1
                      ; - java.lang.ClassLoader::defineClassSourceLocation@22
                      ; - java.lang.ClassLoader::defineClass@12
  0x00000275ae6290c8: 34a9 76ff 

  0x00000275ae6290cc: ;   {other}
  0x00000275ae6290cc: 0f1f 8400 | bc4e 004e | 448b 5424 | 44ba f6ff | ffff 418b | ea66 6690 

  0x00000275ae6290e4: ;   {runtime_call UncommonTrapBlob}
  0x00000275ae6290e4: c5f8 77e8 

  0x00000275ae6290e8: ; ImmutableOopMap {}
                      ;*invokestatic arraycopy {reexecute=0 rethrow=0 return_oop=0}
                      ; - java.lang.String::getBytes@22
                      ; - java.lang.AbstractStringBuilder::putStringAt@15
                      ; - java.lang.AbstractStringBuilder::append@30
                      ; - java.lang.StringBuilder::append@2
                      ; - java.net.URLStreamHandler::toExternalForm@149
                      ; - java.net.URL::toExternalForm@5
                      ; - java.net.URL::toString@1
                      ; - java.lang.ClassLoader::defineClassSourceLocation@22
                      ; - java.lang.ClassLoader::defineClass@12
  0x00000275ae6290e8: 14a9 76ff 

  0x00000275ae6290ec: ;   {other}
  0x00000275ae6290ec: 0f1f 8400 | dc4e 004f | bae4 ffff | ff4c 8b5c | 2428 4c89 | 5c24 204c | 8b5c 2458 | 4c89 5c24 
  0x00000275ae62910c: 4044 896c | 2448 4c89 | 4424 5844 | 8954 244c 

  0x00000275ae62911c: ;   {runtime_call UncommonTrapBlob}
  0x00000275ae62911c: c5f8 77e8 

  0x00000275ae629120: ; ImmutableOopMap {[32]=Oop [48]=Oop [64]=Oop [72]=NarrowOop [76]=NarrowOop [88]=Oop [136]=Oop [160]=Oop }
                      ;*bastore {reexecute=0 rethrow=0 return_oop=0}
                      ; - java.lang.AbstractStringBuilder::append@41
                      ; - java.lang.StringBuilder::append@2
                      ; - java.net.URLStreamHandler::toExternalForm@16
                      ; - java.net.URL::toExternalForm@5
                      ; - java.net.URL::toString@1
                      ; - java.lang.ClassLoader::defineClassSourceLocation@22
                      ; - java.lang.ClassLoader::defineClass@12
  0x00000275ae629120: dca8 76ff 

  0x00000275ae629124: ;   {other}
  0x00000275ae629124: 0f1f 8400 | 144f 0050 | bacc ffff | ff48 ff74 | 2428 488f | 4424 204c | 8b5c 2458 | 4c89 5c24 
  0x00000275ae629144: 4044 896c | 2448 4c8b | 9c24 a000 | 0000 4c89 | 5c24 5844 | 8954 244c 

  0x00000275ae62915c: ;   {runtime_call UncommonTrapBlob}
  0x00000275ae62915c: c5f8 77e8 

  0x00000275ae629160: ; ImmutableOopMap {rbp=NarrowOop [32]=Oop [48]=Oop [64]=Oop [72]=NarrowOop [88]=Oop [136]=Oop [160]=Oop }
                      ;*invokestatic arraycopy {reexecute=0 rethrow=0 return_oop=0}
                      ; - java.lang.String::getBytes@22
                      ; - java.lang.AbstractStringBuilder::putStringAt@15
                      ; - java.lang.AbstractStringBuilder::append@30
                      ; - java.lang.StringBuilder::append@2
                      ; - java.net.URLStreamHandler::toExternalForm@59
                      ; - java.net.URL::toExternalForm@5
                      ; - java.net.URL::toString@1
                      ; - java.lang.ClassLoader::defineClassSourceLocation@22
                      ; - java.lang.ClassLoader::defineClass@12
  0x00000275ae629160: 9ca8 76ff 

  0x00000275ae629164: ;   {other}
  0x00000275ae629164: 0f1f 8400 | 544f 0051 | bacc ffff | ff48 ff74 | 2428 488f | 4424 204c | 8b5c 2458 | 4c89 5c24 
  0x00000275ae629184: 4044 896c | 2448 4c8b | 9c24 a000 | 0000 4c89 | 5c24 5844 | 8954 244c 

  0x00000275ae62919c: ;   {runtime_call UncommonTrapBlob}
  0x00000275ae62919c: c5f8 77e8 

  0x00000275ae6291a0: ; ImmutableOopMap {rbp=NarrowOop [32]=Oop [48]=Oop [64]=Oop [72]=NarrowOop [88]=Oop [136]=Oop [160]=Oop }
                      ;*invokestatic arraycopy {reexecute=0 rethrow=0 return_oop=0}
                      ; - java.lang.String::getBytes@22
                      ; - java.lang.AbstractStringBuilder::putStringAt@15
                      ; - java.lang.AbstractStringBuilder::append@30
                      ; - java.lang.StringBuilder::append@2
                      ; - java.net.URLStreamHandler::toExternalForm@113
                      ; - java.net.URL::toExternalForm@5
                      ; - java.net.URL::toString@1
                      ; - java.lang.ClassLoader::defineClassSourceLocation@22
                      ; - java.lang.ClassLoader::defineClass@12
  0x00000275ae6291a0: 5ca8 76ff 

  0x00000275ae6291a4: ;   {other}
  0x00000275ae6291a4: 0f1f 8400 | 944f 0052 | bacc ffff | ff4c 8b5c | 2428 4c89 | 5c24 204c | 8b5c 2458 | 4c89 5c24 
  0x00000275ae6291c4: 404c 8b9c | 24a0 0000 | 004c 895c | 2450 4489 | 5424 5890 

  0x00000275ae6291d8: ;   {runtime_call UncommonTrapBlob}
  0x00000275ae6291d8: c5f8 77e8 

  0x00000275ae6291dc: ; ImmutableOopMap {rbp=NarrowOop [32]=Oop [48]=Oop [64]=Oop [80]=Oop [136]=Oop [160]=Oop }
                      ;*invokestatic arraycopy {reexecute=0 rethrow=0 return_oop=0}
                      ; - java.lang.String::getBytes@22
                      ; - java.lang.AbstractStringBuilder::putStringAt@15
                      ; - java.lang.AbstractStringBuilder::append@30
                      ; - java.lang.StringBuilder::append@2
                      ; - java.net.URLStreamHandler::toExternalForm@149
                      ; - java.net.URL::toExternalForm@5
                      ; - java.net.URL::toString@1
                      ; - java.lang.ClassLoader::defineClassSourceLocation@22
                      ; - java.lang.ClassLoader::defineClass@12
  0x00000275ae6291dc: 20a8 76ff 

  0x00000275ae6291e0: ;   {other}
  0x00000275ae6291e0: 0f1f 8400 | d04f 0053 | bacc ffff | ff4c 8b5c | 2428 4c89 | 5c24 204c | 8b5c 2458 | 4c89 5c24 
  0x00000275ae629200: 4044 896c | 2448 4c8b | 9c24 a000 | 0000 4c89 | 5c24 5889 | 5c24 4c89 | 4c24 6044 | 894c 2464 
  0x00000275ae629220: 4489 5424 | 6866 6690 

  0x00000275ae629228: ;   {runtime_call UncommonTrapBlob}
  0x00000275ae629228: c5f8 77e8 

  0x00000275ae62922c: ; ImmutableOopMap {[32]=Oop [48]=Oop [64]=Oop [72]=NarrowOop [88]=Oop [96]=NarrowOop [100]=NarrowOop [136]=Oop [160]=Oop }
                      ;*invokestatic arraycopy {reexecute=0 rethrow=0 return_oop=0}
                      ; - java.lang.String::getBytes@22
                      ; - java.lang.AbstractStringBuilder::putStringAt@15
                      ; - java.lang.AbstractStringBuilder::append@30
                      ; - java.lang.StringBuilder::append@2
                      ; - java.net.URLStreamHandler::toExternalForm@77
                      ; - java.net.URL::toExternalForm@5
                      ; - java.net.URL::toString@1
                      ; - java.lang.ClassLoader::defineClassSourceLocation@22
                      ; - java.lang.ClassLoader::defineClass@12
  0x00000275ae62922c: d0a7 76ff 

  0x00000275ae629230: ;   {other}
  0x00000275ae629230: 0f1f 8400 | 2050 0054 | bacc ffff | ff4c 8b54 | 2428 4c89 | 5424 204c | 8b54 2458 | 4c89 5424 
  0x00000275ae629250: 4044 896c | 2448 4c8b | 9424 a000 | 0000 4c89 | 5424 5889 | 5c24 4c44 | 894c 2460 | 8974 2464 
  0x00000275ae629270: 4489 4424 | 6866 6690 

  0x00000275ae629278: ;   {runtime_call UncommonTrapBlob}
  0x00000275ae629278: c5f8 77e8 

  0x00000275ae62927c: ; ImmutableOopMap {[32]=Oop [48]=Oop [64]=Oop [72]=NarrowOop [88]=Oop [96]=NarrowOop [100]=NarrowOop [136]=Oop [160]=Oop }
                      ;*invokestatic arraycopy {reexecute=0 rethrow=0 return_oop=0}
                      ; - java.lang.String::getBytes@22
                      ; - java.lang.AbstractStringBuilder::putStringAt@15
                      ; - java.lang.AbstractStringBuilder::append@30
                      ; - java.lang.StringBuilder::append@2
                      ; - java.net.URLStreamHandler::toExternalForm@11
                      ; - java.net.URL::toExternalForm@5
                      ; - java.net.URL::toString@1
                      ; - java.lang.ClassLoader::defineClassSourceLocation@22
                      ; - java.lang.ClassLoader::defineClass@12
  0x00000275ae62927c: 80a7 76ff 

  0x00000275ae629280: ;   {other}
  0x00000275ae629280: 0f1f 8400 | 7050 0055 | bae4 ffff | ff4c 8b94 | 2488 0000 | 004c 8954 | 2440 6690 

  0x00000275ae62929c: ;   {runtime_call UncommonTrapBlob}
  0x00000275ae62929c: c5f8 77e8 

  0x00000275ae6292a0: ; ImmutableOopMap {rbp=NarrowOop [32]=Oop [40]=Oop [48]=Oop [64]=Oop }
                      ;*baload {reexecute=0 rethrow=0 return_oop=0}
                      ; - jdk.internal.util.ArraysSupport::mismatch@82
                      ; - java.lang.String::startsWith@70
                      ; - java.lang.String::startsWith@3
                      ; - java.lang.ClassLoader::preDefineClass@43
                      ; - java.lang.ClassLoader::defineClass@4
  0x00000275ae6292a0: 5ca7 76ff 

  0x00000275ae6292a4: ;   {other}
  0x00000275ae6292a4: 0f1f 8400 | 9450 0056 | 4585 db44 | 8b54 2440 | 410f 96c2 | 458b daba | 45ff ffff | 4c8b 5424 
  0x00000275ae6292c4: 284c 8954 | 2420 4489 | 6c24 4844 | 895c 244c 

  0x00000275ae6292d4: ;   {runtime_call UncommonTrapBlob}
  0x00000275ae6292d4: c5f8 77e8 

  0x00000275ae6292d8: ; ImmutableOopMap {rbp=NarrowOop [32]=Oop [48]=Oop [72]=NarrowOop [88]=Oop [136]=Oop [160]=Oop }
                      ;*ifne {reexecute=1 rethrow=0 return_oop=0}
                      ; - (reexecute) java.net.URLStreamHandler::toExternalForm@32
                      ; - java.net.URL::toExternalForm@5
                      ; - java.net.URL::toString@1
                      ; - java.lang.ClassLoader::defineClassSourceLocation@22
                      ; - java.lang.ClassLoader::defineClass@12
  0x00000275ae6292d8: 24a7 76ff 

  0x00000275ae6292dc: ;   {other}
  0x00000275ae6292dc: 0f1f 8400 | cc50 0057 | bade ffff | ff66 6690 

  0x00000275ae6292ec: ;   {runtime_call UncommonTrapBlob}
  0x00000275ae6292ec: c5f8 77e8 

  0x00000275ae6292f0: ; ImmutableOopMap {rbp=NarrowOop }
                      ;*checkcast {reexecute=0 rethrow=0 return_oop=0}
                      ; - java.lang.ClassLoader::getNamedPackage@8
                      ; - java.lang.ClassLoader::postDefineClass@9
                      ; - java.lang.ClassLoader::defineClass@37
  0x00000275ae6292f0: 0ca7 76ff 

  0x00000275ae6292f4: ;   {other}
  0x00000275ae6292f4: 0f1f 8400 | e450 0058 | 4889 ac24 | 9800 0000 | 4963 cae9 | 4fbb ffff | 4883 c1fe | 498b fb48 
  0x00000275ae629314: 33c0 4883 | f908 7f10 | 48ff c978 | 4f48 8904 | cf48 ffc9 | 7df7 eb44 | c5fd efc0 | e90d 0000 
  0x00000275ae629334: 00c5 fe7f | 07c5 fe7f | 4720 4883 | c740 4883 | e908 7ded | 4883 c104 | 7c0c c5fe | 7f07 4883 
  0x00000275ae629354: c720 4883 | e904 4883 | c104 7e10 | 48ff c9c5 | f9d6 0748 | 83c7 0848 | ffc9 7df3 | e9ab bbff 
  0x00000275ae629374: ff4c 63d9 | e93d c2ff | ff49 83c3 | fe49 8bcb | 498b fa48 | 33c0 4883 | f908 7f10 | 48ff c978 
  0x00000275ae629394: 4f48 8904 | cf48 ffc9 | 7df7 eb44 | c5fd efc0 | e90d 0000 | 00c5 fe7f | 07c5 fe7f | 4720 4883 
  0x00000275ae6293b4: c740 4883 | e908 7ded | 4883 c104 | 7c0c c5fe | 7f07 4883 | c720 4883 | e904 4883 | c104 7e10 
  0x00000275ae6293d4: 48ff c9c5 | f9d6 0748 | 83c7 0848 | ffc9 7df3 | e98d c2ff | ffba ccff | ffff 418b 

  0x00000275ae6293f0: ;   {no_reloc}
  0x00000275ae6293f0: eb44 8954 | 2424 4c8b | 5424 584c | 8954 2448 | 4889 7424 | 504c 896c | 2458 4889 | 5c24 7090 
  0x00000275ae629410: ;   {runtime_call UncommonTrapBlob}
  0x00000275ae629410: c5f8 77e8 

  0x00000275ae629414: ; ImmutableOopMap {rbp=NarrowOop [40]=Oop [48]=Oop [72]=Oop [80]=Oop [88]=Oop [112]=Oop [136]=Oop [144]=NarrowOop }
                      ;*newarray {reexecute=1 rethrow=0 return_oop=0}
                      ; - (reexecute) java.util.Arrays::copyOfRangeByte@10
                      ; - java.util.Arrays::copyOfRange@13
                      ; - java.lang.StringLatin1::newString@16
                      ; - java.lang.String::substring@41
                      ; - java.lang.ClassLoader::checkCerts@21
                      ; - java.lang.ClassLoader::preDefineClass@113
                      ; - java.lang.ClassLoader::defineClass@4
  0x00000275ae629414: e8a5 76ff 

  0x00000275ae629418: ;   {other}
  0x00000275ae629418: 0f1f 8400 | 0852 0059 | bacc ffff | ff48 8b6c | 2428 4c8b | 5424 304c | 8954 2428 | 448b 5424 
  0x00000275ae629438: 3844 8954 | 2430 448b | 5c24 3c44 | 895c 2434 | 4c8b 5424 | 584c 8954 | 2438 4889 | 5c24 4844 
  0x00000275ae629458: 8944 2450 | 894c 2458 

  0x00000275ae629460: ;   {runtime_call UncommonTrapBlob}
  0x00000275ae629460: c5f8 77e8 

  0x00000275ae629464: ; ImmutableOopMap {rbp=Oop [40]=Oop [56]=Oop [72]=Oop [80]=NarrowOop [136]=Oop }
                      ;*newarray {reexecute=1 rethrow=0 return_oop=0}
                      ; - (reexecute) java.util.Arrays::copyOfRangeByte@10
                      ; - java.util.Arrays::copyOfRange@13
                      ; - java.lang.String::<init>@32
                      ; - java.lang.String::<init>@3
                      ; - java.lang.StringBuilder::toString@5
                      ; - java.net.URLStreamHandler::toExternalForm@152
                      ; - java.net.URL::toExternalForm@5
                      ; - java.net.URL::toString@1
                      ; - java.lang.ClassLoader::defineClassSourceLocation@22
                      ; - java.lang.ClassLoader::defineClass@12
  0x00000275ae629464: 98a5 76ff 

  0x00000275ae629468: ;   {other}
  0x00000275ae629468: 0f1f 8400 | 5852 005a | ba45 ffff | ff48 8b6c | 2428 4c8b | 9424 8800 | 0000 4c89 | 5424 4889 
  0x00000275ae629488: 5c24 5090 

  0x00000275ae62948c: ;   {runtime_call UncommonTrapBlob}
  0x00000275ae62948c: c5f8 77e8 

  0x00000275ae629490: ; ImmutableOopMap {rbp=Oop [32]=Oop [48]=Oop [72]=Oop [136]=Oop }
                      ;*if_icmpne {reexecute=1 rethrow=0 return_oop=0}
                      ; - (reexecute) java.lang.ClassLoader::checkName@20
                      ; - java.lang.ClassLoader::preDefineClass@1
                      ; - java.lang.ClassLoader::defineClass@4
  0x00000275ae629490: 6ca5 76ff 

  0x00000275ae629494: ;   {other}
  0x00000275ae629494: 0f1f 8400 | 8452 005b | 4533 d285 | c941 0f94 | c2ba 45ff | ffff 4c8b | 5c24 284c | 895c 2420 
  0x00000275ae6294b4: 4c8b 5c24 | 584c 895c | 2440 4889 | 7424 484c | 896c 2460 | 4489 5424 | 5c66 6690 

  0x00000275ae6294d0: ;   {runtime_call UncommonTrapBlob}
  0x00000275ae6294d0: c5f8 77e8 

  0x00000275ae6294d4: ; ImmutableOopMap {[32]=Oop [48]=Oop [64]=Oop [72]=Oop [96]=Oop [136]=Oop [144]=NarrowOop }
                      ;*ifeq {reexecute=1 rethrow=0 return_oop=0}
                      ; - (reexecute) java.lang.String::lastIndexOf@4
                      ; - java.lang.String::lastIndexOf@8
                      ; - java.lang.ClassLoader::checkCerts@3
                      ; - java.lang.ClassLoader::preDefineClass@113
                      ; - java.lang.ClassLoader::defineClass@4
  0x00000275ae6294d4: 28a5 76ff 

  0x00000275ae6294d8: ;   {other}
  0x00000275ae6294d8: 0f1f 8400 | c852 005c | ba45 ffff | ff44 8954 | 2420 4489 | 5424 244c | 8b54 2458 | 4c89 5424 
  0x00000275ae6294f8: 4848 8974 | 2450 4c89 | 6c24 6844 | 894c 2470 

  0x00000275ae629508: ;   {runtime_call UncommonTrapBlob}
  0x00000275ae629508: c5f8 77e8 

  0x00000275ae62950c: ; ImmutableOopMap {[40]=Oop [48]=Oop [72]=Oop [80]=Oop [104]=Oop [136]=Oop [144]=NarrowOop }
                      ;*if_icmpgt {reexecute=1 rethrow=0 return_oop=0}
                      ; - (reexecute) jdk.internal.util.Preconditions::checkFromToIndex@6
                      ; - java.lang.String::checkBoundsBeginEnd@6
                      ; - java.lang.String::substring@8
                      ; - java.lang.ClassLoader::checkCerts@21
                      ; - java.lang.ClassLoader::preDefineClass@113
                      ; - java.lang.ClassLoader::defineClass@4
  0x00000275ae62950c: f0a4 76ff 

  0x00000275ae629510: ;   {other}
  0x00000275ae629510: 0f1f 8400 | 0053 005d | ba45 ffff | ff4c 8944 | 2440 4489 | 5c24 4844 | 8954 244c 

  0x00000275ae62952c: ;   {runtime_call UncommonTrapBlob}
  0x00000275ae62952c: c5f8 77e8 

  0x00000275ae629530: ; ImmutableOopMap {[40]=Oop [64]=Oop [72]=NarrowOop [88]=Oop [120]=Oop }
                      ;*ifle {reexecute=1 rethrow=0 return_oop=0}
                      ; - (reexecute) java.util.concurrent.ConcurrentHashMap::get@23
                      ; - java.lang.ClassLoader::getNamedPackage@5
                      ; - java.lang.ClassLoader::postDefineClass@9
                      ; - java.lang.ClassLoader::defineClass@37
  0x00000275ae629530: cca4 76ff 

  0x00000275ae629534: ;   {other}
  0x00000275ae629534: 0f1f 8400 | 2453 005e | ba45 ffff | ff48 8b6c | 2428 4c8b | 9c24 8800 | 0000 4c89 | 5c24 4844 
  0x00000275ae629554: 8954 2450 

  0x00000275ae629558: ;   {runtime_call UncommonTrapBlob}
  0x00000275ae629558: c5f8 77e8 

  0x00000275ae62955c: ; ImmutableOopMap {rbp=Oop [32]=Oop [48]=Oop [72]=Oop [136]=Oop }
                      ;*if_icmpne {reexecute=1 rethrow=0 return_oop=0}
                      ; - (reexecute) java.lang.ClassLoader::checkName@30
                      ; - java.lang.ClassLoader::preDefineClass@1
                      ; - java.lang.ClassLoader::defineClass@4
  0x00000275ae62955c: a0a4 76ff 

  0x00000275ae629560: ;   {other}
  0x00000275ae629560: 0f1f 8400 | 5053 005f | ba45 ffff | ff41 8bea | 4c8b 5424 | 284c 8954 | 2420 4c8b | 5424 584c 
  0x00000275ae629580: 8954 2440 | 4889 7424 | 484c 896c | 2450 6690 

  0x00000275ae629590: ;   {runtime_call UncommonTrapBlob}
  0x00000275ae629590: c5f8 77e8 

  0x00000275ae629594: ; ImmutableOopMap {[32]=Oop [48]=Oop [64]=Oop [72]=Oop [80]=Oop [136]=Oop [144]=NarrowOop }
                      ;*if_icmpne {reexecute=1 rethrow=0 return_oop=0}
                      ; - (reexecute) java.lang.ClassLoader::checkCerts@9
                      ; - java.lang.ClassLoader::preDefineClass@113
                      ; - java.lang.ClassLoader::defineClass@4
  0x00000275ae629594: 68a4 76ff 

  0x00000275ae629598: ;   {other}
  0x00000275ae629598: 0f1f 8400 | 8853 0060 | ba45 ffff | ff44 8954 | 2420 4489 | 5424 244c | 8b54 2458 | 4c89 5424 
  0x00000275ae6295b8: 4848 8974 | 2450 4c89 | 6c24 6844 | 894c 2470 | 4489 4c24 | 7466 6690 

  0x00000275ae6295d0: ;   {runtime_call UncommonTrapBlob}
  0x00000275ae6295d0: c5f8 77e8 

  0x00000275ae6295d4: ; ImmutableOopMap {[40]=Oop [48]=Oop [72]=Oop [80]=Oop [104]=Oop [136]=Oop [144]=NarrowOop }
                      ;*if_icmple {reexecute=1 rethrow=0 return_oop=0}
                      ; - (reexecute) jdk.internal.util.Preconditions::checkFromToIndex@11
                      ; - java.lang.String::checkBoundsBeginEnd@6
                      ; - java.lang.String::substring@8
                      ; - java.lang.ClassLoader::checkCerts@21
                      ; - java.lang.ClassLoader::preDefineClass@113
                      ; - java.lang.ClassLoader::defineClass@4
  0x00000275ae6295d4: 28a4 76ff 

  0x00000275ae6295d8: ;   {other}
  0x00000275ae6295d8: 0f1f 8400 | c853 0061 | ba76 ffff | ff41 8be9 | 897c 2424 | 4c8b 5424 | 784c 8954 | 2430 4c8b 
  0x00000275ae6295f8: 5424 584c | 8954 2440 | 4889 4c24 | 5866 6690 

  0x00000275ae629608: ;   {runtime_call UncommonTrapBlob}
  0x00000275ae629608: c5f8 77e8 

  0x00000275ae62960c: ; ImmutableOopMap {rbp=NarrowOop [40]=Oop [48]=Oop [64]=Oop [88]=Oop }
                      ;*iflt {reexecute=1 rethrow=0 return_oop=0}
                      ; - (reexecute) java.lang.StringLatin1::lastIndexOf@19
                      ; - java.lang.String::lastIndexOf@13
                      ; - java.lang.String::lastIndexOf@8
                      ; - java.lang.Class::getPackageName@47
                      ; - java.lang.ClassLoader::postDefineClass@2
                      ; - java.lang.ClassLoader::defineClass@37
  0x00000275ae62960c: f0a3 76ff 

  0x00000275ae629610: ;   {other}
  0x00000275ae629610: 0f1f 8400 | 0054 0062 | ba45 ffff | ff48 8944 | 2430 4889 | 4424 4090 

  0x00000275ae629628: ;   {runtime_call UncommonTrapBlob}
  0x00000275ae629628: c5f8 77e8 

  0x00000275ae62962c: ; ImmutableOopMap {[40]=Oop [48]=Oop [64]=Oop [88]=Oop }
                      ;*ifeq {reexecute=1 rethrow=0 return_oop=0}
                      ; - (reexecute) java.lang.Class::getPackageName@13
                      ; - java.lang.ClassLoader::postDefineClass@2
                      ; - java.lang.ClassLoader::defineClass@37
  0x00000275ae62962c: d0a3 76ff 

  0x00000275ae629630: ;   {other}
  0x00000275ae629630: 0f1f 8400 | 2054 0063 | ba6e ffff | ff41 8be9 | 897c 2424 | 4c8b 5424 | 784c 8954 | 2430 4c8b 
  0x00000275ae629650: 5424 584c | 8954 2440 | 4889 4c24 | 5866 6690 

  0x00000275ae629660: ;   {runtime_call UncommonTrapBlob}
  0x00000275ae629660: c5f8 77e8 

  0x00000275ae629664: ; ImmutableOopMap {rbp=NarrowOop [40]=Oop [48]=Oop [64]=Oop [88]=Oop }
                      ;*iflt {reexecute=1 rethrow=0 return_oop=0}
                      ; - (reexecute) java.lang.StringLatin1::lastIndexOf@19
                      ; - java.lang.String::lastIndexOf@13
                      ; - java.lang.String::lastIndexOf@8
                      ; - java.lang.Class::getPackageName@47
                      ; - java.lang.ClassLoader::postDefineClass@2
                      ; - java.lang.ClassLoader::defineClass@37
  0x00000275ae629664: 98a3 76ff 

  0x00000275ae629668: ;   {other}
  0x00000275ae629668: 0f1f 8400 | 5854 0064 | ba45 ffff | ff4c 8b54 | 2428 4c89 | 5424 2044 | 896c 2448 

  0x00000275ae629684: ;   {runtime_call UncommonTrapBlob}
  0x00000275ae629684: c5f8 77e8 

  0x00000275ae629688: ; ImmutableOopMap {rbp=NarrowOop [32]=Oop [48]=Oop [72]=NarrowOop [88]=Oop [136]=Oop [160]=Oop }
                      ;*ifnull {reexecute=1 rethrow=0 return_oop=0}
                      ; - (reexecute) java.net.URLStreamHandler::toExternalForm@86
                      ; - java.net.URL::toExternalForm@5
                      ; - java.net.URL::toString@1
                      ; - java.lang.ClassLoader::defineClassSourceLocation@22
                      ; - java.lang.ClassLoader::defineClass@12
  0x00000275ae629688: 74a3 76ff 

  0x00000275ae62968c: ;   {other}
  0x00000275ae62968c: 0f1f 8400 | 7c54 0065 | ba45 ffff | ff4c 8b54 | 2428 4c89 | 5424 2090 

  0x00000275ae6296a4: ;   {runtime_call UncommonTrapBlob}
  0x00000275ae6296a4: c5f8 77e8 

  0x00000275ae6296a8: ; ImmutableOopMap {rbp=NarrowOop [32]=Oop [48]=Oop [88]=Oop [136]=Oop [160]=Oop }
                      ;*ifnull {reexecute=1 rethrow=0 return_oop=0}
                      ; - (reexecute) java.net.URLStreamHandler::toExternalForm@122
                      ; - java.net.URL::toExternalForm@5
                      ; - java.net.URL::toString@1
                      ; - java.lang.ClassLoader::defineClassSourceLocation@22
                      ; - java.lang.ClassLoader::defineClass@12
  0x00000275ae6296a8: 54a3 76ff 

  0x00000275ae6296ac: ;   {other}
  0x00000275ae6296ac: 0f1f 8400 | 9c54 0066 | ba45 ffff | ff48 8b6c | 2428 4489 | 4c24 4890 

  0x00000275ae6296c4: ;   {runtime_call UncommonTrapBlob}
  0x00000275ae6296c4: c5f8 77e8 

  0x00000275ae6296c8: ; ImmutableOopMap {rbp=Oop [32]=Oop [48]=Oop [88]=Oop [136]=Oop }
                      ;*ifne {reexecute=1 rethrow=0 return_oop=0}
                      ; - (reexecute) java.lang.ClassLoader::compareCerts@7
                      ; - java.lang.ClassLoader::checkCerts@80
                      ; - java.lang.ClassLoader::preDefineClass@113
                      ; - java.lang.ClassLoader::defineClass@4
  0x00000275ae6296c8: 34a3 76ff 

  0x00000275ae6296cc: ;   {other}
  0x00000275ae6296cc: 0f1f 8400 | bc54 0067 | 4963 cae9 | 1ec2 ffff | 4883 c1fe | 498b f948 | 33c0 4883 | f908 7f10 
  0x00000275ae6296ec: 48ff c978 | 4f48 8904 | cf48 ffc9 | 7df7 eb44 | c5fd efc0 | e90d 0000 | 00c5 fe7f | 07c5 fe7f 
  0x00000275ae62970c: 4720 4883 | c740 4883 | e908 7ded | 4883 c104 | 7c0c c5fe | 7f07 4883 | c720 4883 | e904 4883 
  0x00000275ae62972c: c104 7e10 | 48ff c9c5 | f9d6 0748 | 83c7 0848 | ffc9 7df3 | e97b c2ff | ffba 45ff | ffff 488b 
  0x00000275ae62974c: 6c24 284c | 8b54 2430 | 4c89 5424 | 2844 8b54 | 2438 4489 | 5424 3044 | 8b5c 243c | 4489 5c24 
  0x00000275ae62976c: 344c 8b54 | 2458 4c89 | 5424 3848 | 895c 2448 | 4489 4424 | 5089 4c24 | 5889 4c24 | 5c66 6690 
  0x00000275ae62978c: ;   {runtime_call UncommonTrapBlob}
  0x00000275ae62978c: c5f8 77e8 

  0x00000275ae629790: ; ImmutableOopMap {rbp=Oop [40]=Oop [56]=Oop [72]=Oop [80]=NarrowOop [136]=Oop }
                      ;*if_icmpge {reexecute=1 rethrow=0 return_oop=0}
                      ; - (reexecute) java.util.Arrays::checkLength@2
                      ; - java.util.Arrays::copyOfRangeByte@2
                      ; - java.util.Arrays::copyOfRange@13
                      ; - java.lang.String::<init>@32
                      ; - java.lang.String::<init>@3
                      ; - java.lang.StringBuilder::toString@5
                      ; - java.net.URLStreamHandler::toExternalForm@152
                      ; - java.net.URL::toExternalForm@5
                      ; - java.net.URL::toString@1
                      ; - java.lang.ClassLoader::defineClassSourceLocation@22
                      ; - java.lang.ClassLoader::defineClass@12
  0x00000275ae629790: 6ca2 76ff 

  0x00000275ae629794: ;   {other}
  0x00000275ae629794: 0f1f 8400 | 8455 0068 | bacc ffff | ff41 8be9 | 4489 5424 | 244c 8b54 | 2478 4c89 | 5424 304c 
  0x00000275ae6297b4: 8b54 2458 | 4c89 5424 | 4048 895c | 2460 6690 

  0x00000275ae6297c4: ;   {runtime_call UncommonTrapBlob}
  0x00000275ae6297c4: c5f8 77e8 

  0x00000275ae6297c8: ; ImmutableOopMap {rbp=NarrowOop [40]=Oop [48]=Oop [64]=Oop [96]=Oop }
                      ;*newarray {reexecute=1 rethrow=0 return_oop=0}
                      ; - (reexecute) java.util.Arrays::copyOfRangeByte@10
                      ; - java.util.Arrays::copyOfRange@13
                      ; - java.lang.StringLatin1::newString@16
                      ; - java.lang.String::substring@41
                      ; - java.lang.Class::getPackageName@62
                      ; - java.lang.ClassLoader::postDefineClass@2
                      ; - java.lang.ClassLoader::defineClass@37
  0x00000275ae6297c8: 34a2 76ff 

  0x00000275ae6297cc: ;   {other}
  0x00000275ae6297cc: 0f1f 8400 | bc55 0069 | baf6 ffff | ff66 6690 

  0x00000275ae6297dc: ;   {runtime_call UncommonTrapBlob}
  0x00000275ae6297dc: c5f8 77e8 

  0x00000275ae6297e0: ; ImmutableOopMap {}
                      ;*invokevirtual isNamed {reexecute=0 rethrow=0 return_oop=0}
                      ; - java.lang.NamedPackage::<init>@12
                      ; - java.lang.ClassLoader::getNamedPackage@22
                      ; - java.lang.ClassLoader::postDefineClass@9
                      ; - java.lang.ClassLoader::defineClass@37
  0x00000275ae6297e0: 1ca2 76ff 

  0x00000275ae6297e4: ;   {other}
  0x00000275ae6297e4: 0f1f 8400 | d455 006a | baf6 ffff | ff66 6690 

  0x00000275ae6297f4: ;   {runtime_call UncommonTrapBlob}
  0x00000275ae6297f4: c5f8 77e8 

  0x00000275ae6297f8: ; ImmutableOopMap {[48]=NarrowOop }
                      ;*invokevirtual append {reexecute=0 rethrow=0 return_oop=0}
                      ; - java.lang.NamedPackage::<init>@35
                      ; - java.lang.ClassLoader::getNamedPackage@22
                      ; - java.lang.ClassLoader::postDefineClass@9
                      ; - java.lang.ClassLoader::defineClass@37
  0x00000275ae6297f8: 04a2 76ff 

  0x00000275ae6297fc: ;   {other}
  0x00000275ae6297fc: 0f1f 8400 | ec55 006b | baf6 ffff | ff66 6690 

  0x00000275ae62980c: ;   {runtime_call UncommonTrapBlob}
  0x00000275ae62980c: c5f8 77e8 

  0x00000275ae629810: ; ImmutableOopMap {}
                      ;*invokevirtual toString {reexecute=0 rethrow=0 return_oop=0}
                      ; - java.lang.NamedPackage::<init>@38
                      ; - java.lang.ClassLoader::getNamedPackage@22
                      ; - java.lang.ClassLoader::postDefineClass@9
                      ; - java.lang.ClassLoader::defineClass@37
  0x00000275ae629810: eca1 76ff 

  0x00000275ae629814: ;   {other}
  0x00000275ae629814: 0f1f 8400 | 0456 006c | 4585 d244 | 8b54 2440 | 410f 94c2 | 458b daba | 45ff ffff | 4c8b 5424 
  0x00000275ae629834: 784c 8954 | 2420 4c8b | 5424 584c | 8954 2438 | 4889 4c24 | 5844 895c | 2460 6690 

  0x00000275ae629850: ;   {runtime_call UncommonTrapBlob}
  0x00000275ae629850: c5f8 77e8 

  0x00000275ae629854: ; ImmutableOopMap {[32]=Oop [40]=Oop [56]=Oop [88]=Oop }
                      ;*ifeq {reexecute=1 rethrow=0 return_oop=0}
                      ; - (reexecute) java.lang.String::lastIndexOf@4
                      ; - java.lang.String::lastIndexOf@8
                      ; - java.lang.Class::getPackageName@47
                      ; - java.lang.ClassLoader::postDefineClass@2
                      ; - java.lang.ClassLoader::defineClass@37
  0x00000275ae629854: a8a1 76ff 

  0x00000275ae629858: ;   {other}
  0x00000275ae629858: 0f1f 8400 | 4856 006d | ba45 ffff | ff44 8954 | 2420 4489 | 5424 244c | 8b54 2478 | 4c89 5424 
  0x00000275ae629878: 304c 8b54 | 2458 4c89 | 5424 4048 | 894c 2458 | 4489 4424 | 6466 6690 

  0x00000275ae629890: ;   {runtime_call UncommonTrapBlob}
  0x00000275ae629890: c5f8 77e8 

  0x00000275ae629894: ; ImmutableOopMap {[40]=Oop [48]=Oop [64]=Oop [88]=Oop }
                      ;*if_icmpgt {reexecute=1 rethrow=0 return_oop=0}
                      ; - (reexecute) jdk.internal.util.Preconditions::checkFromToIndex@6
                      ; - java.lang.String::checkBoundsBeginEnd@6
                      ; - java.lang.String::substring@8
                      ; - java.lang.Class::getPackageName@62
                      ; - java.lang.ClassLoader::postDefineClass@2
                      ; - java.lang.ClassLoader::defineClass@37
  0x00000275ae629894: 68a1 76ff 

  0x00000275ae629898: ;   {other}
  0x00000275ae629898: 0f1f 8400 | 8856 006e | ba45 ffff | ff41 8bea | 4c8b 5424 | 784c 8954 | 2420 6690 

  0x00000275ae6298b4: ;   {runtime_call UncommonTrapBlob}
  0x00000275ae6298b4: c5f8 77e8 

  0x00000275ae6298b8: ; ImmutableOopMap {[32]=Oop [40]=Oop [88]=Oop }
                      ;*if_icmpeq {reexecute=1 rethrow=0 return_oop=0}
                      ; - (reexecute) java.lang.Class::getPackageName@55
                      ; - java.lang.ClassLoader::postDefineClass@2
                      ; - java.lang.ClassLoader::defineClass@37
  0x00000275ae6298b8: 44a1 76ff 

  0x00000275ae6298bc: ;   {other}
  0x00000275ae6298bc: 0f1f 8400 | ac56 006f | ba45 ffff | ff44 8954 | 2420 4489 | 5424 244c | 8b54 2478 | 4c89 5424 
  0x00000275ae6298dc: 304c 8b54 | 2458 4c89 | 5424 4048 | 894c 2458 | 4489 4424 | 6444 8944 | 2468 6690 

  0x00000275ae6298f8: ;   {runtime_call UncommonTrapBlob}
  0x00000275ae6298f8: c5f8 77e8 

  0x00000275ae6298fc: ; ImmutableOopMap {[40]=Oop [48]=Oop [64]=Oop [88]=Oop }
                      ;*if_icmple {reexecute=1 rethrow=0 return_oop=0}
                      ; - (reexecute) jdk.internal.util.Preconditions::checkFromToIndex@11
                      ; - java.lang.String::checkBoundsBeginEnd@6
                      ; - java.lang.String::substring@8
                      ; - java.lang.Class::getPackageName@62
                      ; - java.lang.ClassLoader::postDefineClass@2
                      ; - java.lang.ClassLoader::defineClass@37
  0x00000275ae6298fc: 00a1 76ff 

  0x00000275ae629900: ;   {other}
  0x00000275ae629900: 0f1f 8400 | f056 0070 | ba45 ffff | ff48 8b4c | 2458 4889 | 4c24 3844 | 895c 2450 | 4c89 4424 
  0x00000275ae629920: 5844 8954 | 2454 4489 | 4c24 6090 

  0x00000275ae62992c: ;   {runtime_call UncommonTrapBlob}
  0x00000275ae62992c: c5f8 77e8 

  0x00000275ae629930: ; ImmutableOopMap {[40]=Oop [56]=Oop [80]=NarrowOop [84]=NarrowOop [88]=Oop [120]=Oop }
                      ;*ifge {reexecute=1 rethrow=0 return_oop=0}
                      ; - (reexecute) java.util.concurrent.ConcurrentHashMap::get@86
                      ; - java.lang.ClassLoader::getNamedPackage@5
                      ; - java.lang.ClassLoader::postDefineClass@9
                      ; - java.lang.ClassLoader::defineClass@37
  0x00000275ae629930: cca0 76ff 

  0x00000275ae629934: ;   {other}
  0x00000275ae629934: 0f1f 8400 | 2457 0071 | ba45 ffff | ff48 8b4c | 2458 4889 | 4c24 3844 | 895c 2450 | 4c89 4424 
  0x00000275ae629954: 5844 8954 | 2454 4489 | 4c24 6090 

  0x00000275ae629960: ;   {runtime_call UncommonTrapBlob}
  0x00000275ae629960: c5f8 77e8 

  0x00000275ae629964: ; ImmutableOopMap {rbp=NarrowOop [40]=Oop [56]=Oop [80]=NarrowOop [84]=NarrowOop [88]=Oop [120]=Oop }
                      ;*ifnull {reexecute=1 rethrow=0 return_oop=0}
                      ; - (reexecute) java.util.concurrent.ConcurrentHashMap::get@67
                      ; - java.lang.ClassLoader::getNamedPackage@5
                      ; - java.lang.ClassLoader::postDefineClass@9
                      ; - java.lang.ClassLoader::defineClass@37
  0x00000275ae629964: 98a0 76ff 

  0x00000275ae629968: ;   {other}
  0x00000275ae629968: 0f1f 8400 | 5857 0072 | 4585 c944 | 8b4c 2440 | 410f 94c1 | 458b d1ba | 45ff ffff | 4c8b 4c24 
  0x00000275ae629988: 584c 894c | 2438 4489 | 5c24 4889 | 4c24 4c4c | 8944 2450 | 4c89 4424 | 5844 8954 | 2460 6690 
  0x00000275ae6299a8: ;   {runtime_call UncommonTrapBlob}
  0x00000275ae6299a8: c5f8 77e8 

  0x00000275ae6299ac: ; ImmutableOopMap {[40]=Oop [56]=Oop [72]=NarrowOop [76]=NarrowOop [80]=Oop [88]=Oop [120]=Oop }
                      ;*ifeq {reexecute=1 rethrow=0 return_oop=0}
                      ; - (reexecute) java.lang.String::hashCode@20
                      ; - java.util.concurrent.ConcurrentHashMap::get@1
                      ; - java.lang.ClassLoader::getNamedPackage@5
                      ; - java.lang.ClassLoader::postDefineClass@9
                      ; - java.lang.ClassLoader::defineClass@37
  0x00000275ae6299ac: 50a0 76ff 

  0x00000275ae6299b0: ;   {other}
  0x00000275ae6299b0: 0f1f 8400 | a057 0073 | 4d63 c8e9 | a1c6 ffff | 4983 c1fe | 498b c949 | 8bfa 4833 | c048 83f9 
  0x00000275ae6299d0: 087f 1048 | ffc9 784f | 4889 04cf | 48ff c97d | f7eb 44c5 | fdef c0e9 | 0d00 0000 | c5fe 7f07 
  0x00000275ae6299f0: c5fe 7f47 | 2048 83c7 | 4048 83e9 | 087d ed48 | 83c1 047c | 0cc5 fe7f | 0748 83c7 | 2048 83e9 
  0x00000275ae629a10: 0448 83c1 | 047e 1048 | ffc9 c5f9 | d607 4883 | c708 48ff | c97d f3e9 | fbc6 ffff | 4963 cbe9 
  0x00000275ae629a30: cdc7 ffff | 4883 c1fe | 498b fa48 | 33c0 4883 | f908 7f10 | 48ff c978 | 4f48 8904 | cf48 ffc9 
  0x00000275ae629a50: 7df7 eb44 | c5fd efc0 | e90d 0000 | 00c5 fe7f | 07c5 fe7f | 4720 4883 | c740 4883 | e908 7ded 
  0x00000275ae629a70: 4883 c104 | 7c0c c5fe | 7f07 4883 | c720 4883 | e904 4883 | c104 7e10 | 48ff c9c5 | f9d6 0748 
  0x00000275ae629a90: 83c7 0848 | ffc9 7df3 | e927 c8ff | ff49 63da | e928 c9ff | ff48 83c3 | fe48 8bcb 

  0x00000275ae629aac: ;   {no_reloc}
  0x00000275ae629aac: 498b f848 | 33c0 4883 | f908 7f10 | 48ff c978 | 4f48 8904 | cf48 ffc9 | 7df7 eb44 | c5fd efc0 
  0x00000275ae629acc: e90d 0000 | 00c5 fe7f | 07c5 fe7f | 4720 4883 | c740 4883 | e908 7ded | 4883 c104 | 7c0c c5fe 
  0x00000275ae629aec: 7f07 4883 | c720 4883 | e904 4883 | c104 7e10 | 48ff c9c5 | f9d6 0748 | 83c7 0848 | ffc9 7df3 
  0x00000275ae629b0c: e99b c9ff | ff49 63ca | e9a1 caff | ff48 83c1 | fe49 8bf9 | 4833 c048 | 83f9 087f | 1048 ffc9 
  0x00000275ae629b2c: 784f 4889 | 04cf 48ff | c97d f7eb | 44c5 fdef | c0e9 0d00 | 0000 c5fe | 7f07 c5fe | 7f47 2048 
  0x00000275ae629b4c: 83c7 4048 | 83e9 087d | ed48 83c1 | 047c 0cc5 | fe7f 0748 | 83c7 2048 | 83e9 0448 | 83c1 047e 
  0x00000275ae629b6c: 1048 ffc9 | c5f9 d607 | 4883 c708 | 48ff c97d | f3e9 11cb | ffff 4963 | cae9 eccb | ffff 4883 
  0x00000275ae629b8c: c1fe 498b | f948 33c0 | 4883 f908 | 7f10 48ff | c978 4f48 | 8904 cf48 | ffc9 7df7 | eb44 c5fd 
  0x00000275ae629bac: ;   {no_reloc}
  0x00000275ae629bac: efc0 e90d | 0000 00c5 | fe7f 07c5 | fe7f 4720 | 4883 c740 | 4883 e908 | 7ded 4883 | c104 7c0c 
  0x00000275ae629bcc: c5fe 7f07 | 4883 c720 | 4883 e904 | 4883 c104 | 7e10 48ff | c9c5 f9d6 | 0748 83c7 | 0848 ffc9 
  0x00000275ae629bec: 7df3 e959 | ccff ffba | ccff ffff | 488b 6c24 | 284c 8b5c | 2430 4c89 | 5c24 2844 | 8b44 2438 
  0x00000275ae629c0c: 4489 4424 | 3044 8b5c | 243c 4489 | 5c24 344c | 8b5c 2448 | 4c89 5c24 | 3844 8b44 | 2444 4489 
  0x00000275ae629c2c: 4424 404c | 8b9c 24a0 | 0000 004c | 895c 2448 | 448b 5c24 | 6844 895c | 2444 448b | 4424 6c44 
  0x00000275ae629c4c: 8944 2458 | 4489 5424 | 7066 6690 

  0x00000275ae629c58: ;   {runtime_call UncommonTrapBlob}
  0x00000275ae629c58: c5f8 77e8 

  0x00000275ae629c5c: ; ImmutableOopMap {rbp=Oop [40]=Oop [56]=Oop [64]=NarrowOop [68]=NarrowOop [72]=Oop [96]=Oop [136]=Oop }
                      ;*newarray {reexecute=1 rethrow=0 return_oop=0}
                      ; - (reexecute) java.util.Arrays::copyOf@15
                      ; - java.lang.AbstractStringBuilder::ensureCapacityInternal@32
                      ; - java.lang.AbstractStringBuilder::append@21
                      ; - java.lang.StringBuilder::append@2
                      ; - java.net.URLStreamHandler::toExternalForm@11
                      ; - java.net.URL::toExternalForm@5
                      ; - java.net.URL::toString@1
                      ; - java.lang.ClassLoader::defineClassSourceLocation@22
                      ; - java.lang.ClassLoader::defineClass@12
  0x00000275ae629c5c: a09d 76ff 

  0x00000275ae629c60: ;   {other}
  0x00000275ae629c60: 0f1f 8400 | 505a 0074 | 4963 cae9 | a1cc ffff | 4883 c1fe | 498b f948 | 33c0 4883 | f908 7f10 
  0x00000275ae629c80: 48ff c978 | 4f48 8904 | cf48 ffc9 | 7df7 eb44 | c5fd efc0 | e90d 0000 | 00c5 fe7f | 07c5 fe7f 
  0x00000275ae629ca0: 4720 4883 | c740 4883 | e908 7ded | 4883 c104 | 7c0c c5fe | 7f07 4883 | c720 4883 | e904 4883 
  0x00000275ae629cc0: c104 7e10 | 48ff c9c5 | f9d6 0748 | 83c7 0848 | ffc9 7df3 | e907 cdff | ffba ccff | ffff 488b 
  0x00000275ae629ce0: 6c24 284c | 8b5c 2430 | 4c89 5c24 | 2844 8b4c | 2438 4489 | 4c24 3044 | 8b5c 243c | 4489 5c24 
  0x00000275ae629d00: 344c 8b5c | 2448 4c89 | 5c24 3844 | 8b5c 2444 | 4489 5c24 | 404c 8b9c | 24a0 0000 | 004c 895c 
  0x00000275ae629d20: 2450 4c89 | 5c24 5844 | 8954 2444 | 4489 4424 | 6466 6690 

  0x00000275ae629d34: ;   {runtime_call UncommonTrapBlob}
  0x00000275ae629d34: c5f8 77e8 

  0x00000275ae629d38: ; ImmutableOopMap {rbp=Oop [40]=Oop [56]=Oop [64]=NarrowOop [68]=NarrowOop [80]=Oop [88]=Oop [136]=Oop }
                      ;*newarray {reexecute=1 rethrow=0 return_oop=0}
                      ; - (reexecute) java.util.Arrays::copyOf@15
                      ; - java.lang.AbstractStringBuilder::ensureCapacityInternal@32
                      ; - java.lang.AbstractStringBuilder::append@7
                      ; - java.lang.StringBuilder::append@2
                      ; - java.net.URLStreamHandler::toExternalForm@16
                      ; - java.net.URL::toExternalForm@5
                      ; - java.net.URL::toString@1
                      ; - java.lang.ClassLoader::defineClassSourceLocation@22
                      ; - java.lang.ClassLoader::defineClass@12
  0x00000275ae629d38: c49c 76ff 

  0x00000275ae629d3c: ;   {other}
  0x00000275ae629d3c: 0f1f 8400 | 2c5b 0075 | bacc ffff | ff48 8b6c | 2428 4c8b | 4424 304c | 8944 2428 | 448b 4424 
  0x00000275ae629d5c: 3844 8944 | 2430 448b | 4c24 3c44 | 894c 2434 | 4c8b 4424 | 484c 8944 | 2438 448b | 4c24 4444 
  0x00000275ae629d7c: 894c 2440 | 4c8b 8424 | a000 0000 | 4c89 4424 | 504c 8944 | 2458 4489 | 5424 4444 | 895c 2464 
  0x00000275ae629d9c: ;   {runtime_call UncommonTrapBlob}
  0x00000275ae629d9c: c5f8 77e8 

  0x00000275ae629da0: ; ImmutableOopMap {rbp=Oop [40]=Oop [56]=Oop [64]=NarrowOop [68]=NarrowOop [80]=Oop [88]=Oop [136]=Oop }
                      ;*newarray {reexecute=1 rethrow=0 return_oop=0}
                      ; - (reexecute) java.util.Arrays::copyOf@15
                      ; - java.lang.AbstractStringBuilder::ensureCapacityInternal@32
                      ; - java.lang.AbstractStringBuilder::append@21
                      ; - java.lang.StringBuilder::append@2
                      ; - java.net.URLStreamHandler::toExternalForm@59
                      ; - java.net.URL::toExternalForm@5
                      ; - java.net.URL::toString@1
                      ; - java.lang.ClassLoader::defineClassSourceLocation@22
                      ; - java.lang.ClassLoader::defineClass@12
  0x00000275ae629da0: 5c9c 76ff 

  0x00000275ae629da4: ;   {other}
  0x00000275ae629da4: 0f1f 8400 | 945b 0076 | bacc ffff | ff48 8b6c | 2428 4c8b | 5c24 304c | 895c 2428 | 448b 4424 
  0x00000275ae629dc4: 3844 8944 | 2430 448b | 5c24 3c44 | 895c 2434 | 4c8b 5c24 | 484c 895c | 2438 448b | 5c24 4444 
  0x00000275ae629de4: 895c 2440 | 4c8b 5c24 | 584c 895c | 2450 894c | 245c 4489 | 5424 6c90 

  0x00000275ae629dfc: ;   {runtime_call UncommonTrapBlob}
  0x00000275ae629dfc: c5f8 77e8 

  0x00000275ae629e00: ; ImmutableOopMap {rbp=Oop [32]=Oop [40]=Oop [56]=Oop [64]=NarrowOop [80]=Oop [92]=NarrowOop [96]=Oop [112]=NarrowOop }
                      ;*newarray {reexecute=1 rethrow=0 return_oop=0}
                      ; - (reexecute) java.util.Arrays::copyOf@15
                      ; - java.lang.AbstractStringBuilder::ensureCapacityInternal@32
                      ; - java.lang.AbstractStringBuilder::append@21
                      ; - java.lang.StringBuilder::append@2
                      ; - java.net.URLStreamHandler::toExternalForm@77
                      ; - java.net.URL::toExternalForm@5
                      ; - java.net.URL::toString@1
                      ; - java.lang.ClassLoader::defineClassSourceLocation@22
                      ; - java.lang.ClassLoader::defineClass@12
  0x00000275ae629e00: fc9b 76ff 

  0x00000275ae629e04: ;   {other}
  0x00000275ae629e04: 0f1f 8400 | f45b 0077 | bacc ffff | ff48 8b6c | 2428 4c8b | 4424 304c | 8944 2428 | 448b 4c24 
  0x00000275ae629e24: 3844 894c | 2430 448b | 4c24 3c44 | 894c 2434 | 4c8b 4424 | 484c 8944 | 2438 448b | 4424 4444 
  0x00000275ae629e44: 8944 2440 | 4c8b 4424 | 584c 8944 | 2450 4489 | 5424 6490 

  0x00000275ae629e58: ;   {runtime_call UncommonTrapBlob}
  0x00000275ae629e58: c5f8 77e8 

  0x00000275ae629e5c: ; ImmutableOopMap {rbp=Oop [40]=Oop [56]=Oop [64]=NarrowOop [80]=Oop [88]=Oop [112]=NarrowOop [136]=Oop }
                      ;*newarray {reexecute=1 rethrow=0 return_oop=0}
                      ; - (reexecute) java.util.Arrays::copyOf@15
                      ; - java.lang.AbstractStringBuilder::ensureCapacityInternal@32
                      ; - java.lang.AbstractStringBuilder::append@21
                      ; - java.lang.StringBuilder::append@2
                      ; - java.net.URLStreamHandler::toExternalForm@113
                      ; - java.net.URL::toExternalForm@5
                      ; - java.net.URL::toString@1
                      ; - java.lang.ClassLoader::defineClassSourceLocation@22
                      ; - java.lang.ClassLoader::defineClass@12
  0x00000275ae629e5c: a09b 76ff 

  0x00000275ae629e60: ;   {other}
  0x00000275ae629e60: 0f1f 8400 | 505c 0078 | bacc ffff | ff48 8b6c | 2428 4c8b | 5c24 304c | 895c 2428 | 448b 4424 
  0x00000275ae629e80: 3844 8944 | 2430 448b | 5c24 3c44 | 895c 2434 | 4c8b 5c24 | 484c 895c | 2438 4c8b | 5c24 504c 
  0x00000275ae629ea0: 895c 2448 | 4489 4c24 | 5844 8954 | 2460 6690 

  0x00000275ae629eb0: ;   {runtime_call UncommonTrapBlob}
  0x00000275ae629eb0: c5f8 77e8 

  0x00000275ae629eb4: ; ImmutableOopMap {rbp=Oop [32]=Oop [40]=Oop [56]=Oop [72]=Oop [80]=Oop [88]=NarrowOop }
                      ;*newarray {reexecute=1 rethrow=0 return_oop=0}
                      ; - (reexecute) java.util.Arrays::copyOf@15
                      ; - java.lang.AbstractStringBuilder::ensureCapacityInternal@32
                      ; - java.lang.AbstractStringBuilder::append@21
                      ; - java.lang.StringBuilder::append@2
                      ; - java.net.URLStreamHandler::toExternalForm@149
                      ; - java.net.URL::toExternalForm@5
                      ; - java.net.URL::toString@1
                      ; - java.lang.ClassLoader::defineClassSourceLocation@22
                      ; - java.lang.ClassLoader::defineClass@12
  0x00000275ae629eb4: 489b 76ff 

  0x00000275ae629eb8: ;   {other}
  0x00000275ae629eb8: 0f1f 8400 | a85c 0079 | baf6 ffff | ff48 8b6c | 2420 6690 

  0x00000275ae629ecc: ;   {runtime_call UncommonTrapBlob}
  0x00000275ae629ecc: c5f8 77e8 

  0x00000275ae629ed0: ; ImmutableOopMap {rbp=Oop [56]=Oop }
                      ;*invokevirtual putIfAbsent {reexecute=0 rethrow=0 return_oop=0}
                      ; - java.lang.ClassLoader::getNamedPackage@32
                      ; - java.lang.ClassLoader::postDefineClass@9
                      ; - java.lang.ClassLoader::defineClass@37
  0x00000275ae629ed0: 2c9b 76ff 

  0x00000275ae629ed4: ;   {other}
  0x00000275ae629ed4: 0f1f 8400 | c45c 007a | 488b e8ba | 54ff ffff 

  0x00000275ae629ee4: ;   {runtime_call UncommonTrapBlob}
  0x00000275ae629ee4: c5f8 77e8 

  0x00000275ae629ee8: ; ImmutableOopMap {rbp=Oop [40]=Oop [48]=NarrowOop [56]=Oop [88]=Oop [120]=Oop }
                      ;*ifnull {reexecute=1 rethrow=0 return_oop=0}
                      ; - (reexecute) java.lang.ClassLoader::getNamedPackage@42
                      ; - java.lang.ClassLoader::postDefineClass@9
                      ; - java.lang.ClassLoader::defineClass@37
  0x00000275ae629ee8: 149b 76ff 

  0x00000275ae629eec: ;   {other}
  0x00000275ae629eec: 0f1f 8400 | dc5c 007b | ba76 ffff | ff48 8b6c | 2428 4c8b | 5424 584c | 8954 2440 | 4c89 5c24 
  0x00000275ae629f0c: 484c 8974 | 2458 4489 | 4424 6490 

  0x00000275ae629f18: ;   {runtime_call UncommonTrapBlob}
  0x00000275ae629f18: c5f8 77e8 

  0x00000275ae629f1c: ; ImmutableOopMap {rbp=Oop [32]=Oop [48]=Oop [64]=Oop [72]=Oop [88]=Oop [136]=Oop }
                      ;*if_icmpge {reexecute=1 rethrow=0 return_oop=0}
                      ; - (reexecute) java.lang.ClassLoader::compareCerts@40
                      ; - java.lang.ClassLoader::checkCerts@80
                      ; - java.lang.ClassLoader::preDefineClass@113
                      ; - java.lang.ClassLoader::defineClass@4
  0x00000275ae629f1c: e09a 76ff 

  0x00000275ae629f20: ;   {other}
  0x00000275ae629f20: 0f1f 8400 | 105d 007c | babe ffff | ff48 8b6c | 2428 4c8b | 5424 584c | 8954 2440 | 4c89 5c24 
  0x00000275ae629f40: 484c 8974 | 2458 4489 | 4424 6490 

  0x00000275ae629f4c: ;   {runtime_call UncommonTrapBlob}
  0x00000275ae629f4c: c5f8 77e8 

  0x00000275ae629f50: ; ImmutableOopMap {rbp=Oop [32]=Oop [48]=Oop [64]=Oop [72]=Oop [88]=Oop [136]=Oop }
                      ;*if_icmpge {reexecute=1 rethrow=0 return_oop=0}
                      ; - (reexecute) java.lang.ClassLoader::compareCerts@40
                      ; - java.lang.ClassLoader::checkCerts@80
                      ; - java.lang.ClassLoader::preDefineClass@113
                      ; - java.lang.ClassLoader::defineClass@4
  0x00000275ae629f50: ac9a 76ff 

  0x00000275ae629f54: ;   {other}
  0x00000275ae629f54: 0f1f 8400 | 445d 007d | 4c89 4424 | 684c 895c | 2460 4489 

  0x00000275ae629f68: ;   {metadata({type array byte})}
  0x00000275ae629f68: 5424 5848 | ba18 2300 | bb75 0200 | 0045 8bc1 

  0x00000275ae629f78: ;   {runtime_call _new_array_nozero_Java}
  0x00000275ae629f78: c5f8 77e8 

  0x00000275ae629f7c: ; ImmutableOopMap {rbp=Oop [32]=Oop [40]=Oop [48]=Oop [68]=NarrowOop [72]=Oop [80]=Oop [88]=NarrowOop [136]=Oop [144]=Oop [96]=Derived_oop_[144] [160]=Oop }
                      ;*invokevirtual clone {reexecute=1 rethrow=0 return_oop=1}
                      ; - (reexecute) java.util.Arrays::copyOf@7
                      ; - java.lang.AbstractStringBuilder::ensureCapacityInternal@32
                      ; - java.lang.AbstractStringBuilder::append@7
                      ; - java.lang.StringBuilder::append@2
                      ; - java.net.URLStreamHandler::toExternalForm@16
                      ; - java.net.URL::toExternalForm@5
                      ; - java.net.URL::toString@1
                      ; - java.lang.ClassLoader::defineClassSourceLocation@22
                      ; - java.lang.ClassLoader::defineClass@12
  0x00000275ae629f7c: 0053 78ff 

  0x00000275ae629f80: ;   {other}
  0x00000275ae629f80: 0f1f 8400 | 705d 007e | 4c8b 5c24 | 604c 8b44 | 2468 488b | d8e9 5dd4 | ffff 4c89 | 4424 684c 
  0x00000275ae629fa0: 894c 2460 | 4489 5424 

  0x00000275ae629fa8: ;   {metadata({type array byte})}
  0x00000275ae629fa8: 5848 ba18 | 2300 bb75 | 0200 0045 | 8bc3 6690 

  0x00000275ae629fb8: ;   {runtime_call _new_array_nozero_Java}
  0x00000275ae629fb8: c5f8 77e8 

  0x00000275ae629fbc: ; ImmutableOopMap {rbp=Oop [32]=Oop [40]=Oop [48]=Oop [68]=NarrowOop [72]=Oop [80]=Oop [88]=NarrowOop [136]=Oop [144]=Oop [96]=Derived_oop_[144] [160]=Oop }
                      ;*invokevirtual clone {reexecute=1 rethrow=0 return_oop=1}
                      ; - (reexecute) java.util.Arrays::copyOf@7
                      ; - java.lang.AbstractStringBuilder::ensureCapacityInternal@32
                      ; - java.lang.AbstractStringBuilder::append@21
                      ; - java.lang.StringBuilder::append@2
                      ; - java.net.URLStreamHandler::toExternalForm@59
                      ; - java.net.URL::toExternalForm@5
                      ; - java.net.URL::toString@1
                      ; - java.lang.ClassLoader::defineClassSourceLocation@22
                      ; - java.lang.ClassLoader::defineClass@12
  0x00000275ae629fbc: c052 78ff 

  0x00000275ae629fc0: ;   {other}
  0x00000275ae629fc0: 0f1f 8400 | b05d 007f | 4c8b 4c24 | 604c 8b44 | 2468 488b | d8e9 b3d4 | ffff 4889 | bc24 9000 
  0x00000275ae629fe0: 0000 4c89 | 8c24 8800 | 0000 458b 

  0x00000275ae629fec: ;   {metadata({type array byte})}
  0x00000275ae629fec: d348 ba18 | 2300 bb75 | 0200 0045 | 8bc2 6690 

  0x00000275ae629ffc: ;   {runtime_call _new_array_nozero_Java}
  0x00000275ae629ffc: c5f8 77e8 

  0x00000275ae62a000: ; ImmutableOopMap {rbp=Oop [104]=Derived_oop_rbp [32]=Oop [40]=Oop [48]=Oop [68]=NarrowOop [72]=Oop [80]=Oop [88]=Oop [112]=NarrowOop [116]=NarrowOop [128]=Oop [160]=Oop [176]=Oop [136]=Derived_oop_[176] }
                      ;*invokevirtual clone {reexecute=1 rethrow=0 return_oop=1}
                      ; - (reexecute) java.util.Arrays::copyOf@7
                      ; - java.lang.AbstractStringBuilder::ensureCapacityInternal@32
                      ; - java.lang.AbstractStringBuilder::append@21
                      ; - java.lang.StringBuilder::append@2
                      ; - java.net.URLStreamHandler::toExternalForm@77
                      ; - java.net.URL::toExternalForm@5
                      ; - java.net.URL::toString@1
                      ; - java.lang.ClassLoader::defineClassSourceLocation@22
                      ; - java.lang.ClassLoader::defineClass@12
  0x00000275ae62a000: 7c52 78ff 

  0x00000275ae62a004: ;   {other}
  0x00000275ae62a004: 0f1f 8400 | f45d 0080 | 488b d8e9 | 22d5 ffff | 4c89 5424 | 7848 8974 | 2470 4489 

  0x00000275ae62a020: ;   {metadata({type array byte})}
  0x00000275ae62a020: 5c24 6048 | ba18 2300 | bb75 0200 | 0066 6690 

  0x00000275ae62a030: ;   {runtime_call _new_array_nozero_Java}
  0x00000275ae62a030: c5f8 77e8 

  0x00000275ae62a034: ; ImmutableOopMap {rbp=Oop [104]=Derived_oop_rbp [32]=Oop [40]=Oop [48]=Oop [68]=NarrowOop [72]=Oop [80]=Oop [88]=Oop [96]=NarrowOop [152]=Oop [112]=Derived_oop_[152] [160]=Oop }
                      ;*invokevirtual clone {reexecute=1 rethrow=0 return_oop=1}
                      ; - (reexecute) java.util.Arrays::copyOf@7
                      ; - java.lang.AbstractStringBuilder::ensureCapacityInternal@32
                      ; - java.lang.AbstractStringBuilder::append@21
                      ; - java.lang.StringBuilder::append@2
                      ; - java.net.URLStreamHandler::toExternalForm@113
                      ; - java.net.URL::toExternalForm@5
                      ; - java.net.URL::toString@1
                      ; - java.lang.ClassLoader::defineClassSourceLocation@22
                      ; - java.lang.ClassLoader::defineClass@12
  0x00000275ae62a034: 4852 78ff 

  0x00000275ae62a038: ;   {other}
  0x00000275ae62a038: 0f1f 8400 | 285e 0081 | 488b 7424 | 704c 8b54 | 2478 488b | d8e9 8dd5 | ffff 4c89 | 5c24 6848 
  0x00000275ae62a058: 8974 2458 

  0x00000275ae62a05c: ;   {metadata({type array byte})}
  0x00000275ae62a05c: 458b da48 | ba18 2300 | bb75 0200 | 0045 8bc3 

  0x00000275ae62a06c: ;   {runtime_call _new_array_nozero_Java}
  0x00000275ae62a06c: c5f8 77e8 

  0x00000275ae62a070: ; ImmutableOopMap {rbp=Oop [96]=Derived_oop_rbp [32]=Oop [40]=Oop [48]=Oop [68]=NarrowOop [72]=Oop [80]=Oop [136]=Oop [88]=Derived_oop_[136] [160]=Oop }
                      ;*invokevirtual clone {reexecute=1 rethrow=0 return_oop=1}
                      ; - (reexecute) java.util.Arrays::copyOf@7
                      ; - java.lang.AbstractStringBuilder::ensureCapacityInternal@32
                      ; - java.lang.AbstractStringBuilder::append@21
                      ; - java.lang.StringBuilder::append@2
                      ; - java.net.URLStreamHandler::toExternalForm@149
                      ; - java.net.URL::toExternalForm@5
                      ; - java.net.URL::toString@1
                      ; - java.lang.ClassLoader::defineClassSourceLocation@22
                      ; - java.lang.ClassLoader::defineClass@12
  0x00000275ae62a070: 0c52 78ff 

  0x00000275ae62a074: ;   {other}
  0x00000275ae62a074: 0f1f 8400 | 645e 0082 | 488b 7424 | 584c 8b5c | 2468 488b | d8e9 ead5 | ffff 4c89 

  0x00000275ae62a090: ;   {metadata({type array byte})}
  0x00000275ae62a090: 5c24 5848 | ba18 2300 | bb75 0200 | 0041 b810 | 0000 0090 

  0x00000275ae62a0a4: ;   {runtime_call _new_array_nozero_Java}
  0x00000275ae62a0a4: c5f8 77e8 

  0x00000275ae62a0a8: ; ImmutableOopMap {rbp=Oop [32]=Oop [40]=Oop [48]=Oop [68]=NarrowOop [72]=Oop [80]=Oop [96]=Oop [88]=Derived_oop_[96] [104]=NarrowOop [112]=Oop [136]=Oop [160]=Oop }
                      ;*invokevirtual clone {reexecute=1 rethrow=0 return_oop=1}
                      ; - (reexecute) java.util.Arrays::copyOf@7
                      ; - java.lang.AbstractStringBuilder::ensureCapacityInternal@32
                      ; - java.lang.AbstractStringBuilder::append@21
                      ; - java.lang.StringBuilder::append@2
                      ; - java.net.URLStreamHandler::toExternalForm@11
                      ; - java.net.URL::toExternalForm@5
                      ; - java.net.URL::toString@1
                      ; - java.lang.ClassLoader::defineClassSourceLocation@22
                      ; - java.lang.ClassLoader::defineClass@12
  0x00000275ae62a0a8: d451 78ff 

  0x00000275ae62a0ac: ;   {other}
  0x00000275ae62a0ac: 0f1f 8400 | 9c5e 0083 | 4c8b 5c24 | 5848 8bd8 | e938 d6ff | ffba 45ff | ffff 488b | 6c24 2844 
  0x00000275ae62a0cc: 8944 2448 | 4489 4c24 | 4c66 6690 

  0x00000275ae62a0d8: ;   {runtime_call UncommonTrapBlob}
  0x00000275ae62a0d8: c5f8 77e8 

  0x00000275ae62a0dc: ; ImmutableOopMap {rbp=Oop [32]=Oop [48]=Oop [88]=Oop [136]=Oop }
                      ;*if_icmpeq {reexecute=1 rethrow=0 return_oop=0}
                      ; - (reexecute) java.lang.ClassLoader::compareCerts@20
                      ; - java.lang.ClassLoader::checkCerts@80
                      ; - java.lang.ClassLoader::preDefineClass@113
                      ; - java.lang.ClassLoader::defineClass@4
  0x00000275ae62a0dc: 2099 76ff 

  0x00000275ae62a0e0: ;   {other}
  0x00000275ae62a0e0: 0f1f 8400 | d05e 0084 | ba01 0000 | 0048 8b6c | 2428 4c8b | 5424 584c | 8954 2440 | 4c89 7424 
  0x00000275ae62a100: 484c 895c | 2450 4489 | 4c24 5844 | 896c 245c | 8954 2460 | 4489 4424 | 64ba 45ff | ffff 6690 
  0x00000275ae62a120: ;   {runtime_call UncommonTrapBlob}
  0x00000275ae62a120: c5f8 77e8 

  0x00000275ae62a124: ; ImmutableOopMap {rbp=Oop [32]=Oop [48]=Oop [64]=Oop [72]=Oop [80]=Oop [136]=Oop }
                      ;*if_icmpge {reexecute=1 rethrow=0 return_oop=0}
                      ; - (reexecute) java.lang.ClassLoader::compareCerts@152
                      ; - java.lang.ClassLoader::checkCerts@80
                      ; - java.lang.ClassLoader::preDefineClass@113
                      ; - java.lang.ClassLoader::defineClass@4
  0x00000275ae62a124: d898 76ff 

  0x00000275ae62a128: ;   {other}
  0x00000275ae62a128: 0f1f 8400 | 185f 0085 | ba45 ffff | ff4c 8b54 | 2458 4c89 | 5424 3844 | 895c 2450 | 4c89 4424 
  0x00000275ae62a148: 5848 897c | 2460 4489 | 4c24 5490 

  0x00000275ae62a154: ;   {runtime_call UncommonTrapBlob}
  0x00000275ae62a154: c5f8 77e8 

  0x00000275ae62a158: ; ImmutableOopMap {rbp=NarrowOop [40]=Oop [56]=Oop [80]=NarrowOop [88]=Oop [96]=Oop [120]=Oop }
                      ;*ifnull {reexecute=1 rethrow=0 return_oop=0}
                      ; - (reexecute) java.util.concurrent.ConcurrentHashMap::get@143
                      ; - java.lang.ClassLoader::getNamedPackage@5
                      ; - java.lang.ClassLoader::postDefineClass@9
                      ; - java.lang.ClassLoader::defineClass@37
  0x00000275ae62a158: a498 76ff 

  0x00000275ae62a15c: ;   {other}
  0x00000275ae62a15c: 0f1f 8400 | 4c5f 0086 | ba45 ffff | ff44 8b54 | 2434 4489 | 5424 3089 | 4424 4090 

  0x00000275ae62a178: ;   {runtime_call UncommonTrapBlob}
  0x00000275ae62a178: c5f8 77e8 

  0x00000275ae62a17c: ; ImmutableOopMap {[32]=Oop [48]=NarrowOop [56]=Oop [80]=Oop [96]=Oop [120]=Oop }
                      ;*ifeq {reexecute=1 rethrow=0 return_oop=0}
                      ; - (reexecute) java.util.concurrent.ConcurrentHashMap::get@152
                      ; - java.lang.ClassLoader::getNamedPackage@5
                      ; - java.lang.ClassLoader::postDefineClass@9
                      ; - java.lang.ClassLoader::defineClass@37
  0x00000275ae62a17c: 8098 76ff 

  0x00000275ae62a180: ;   {other}
  0x00000275ae62a180: 0f1f 8400 | 705f 0087 | 4c89 4424 | 7044 895c | 2468 4889 | 5c24 604c | 896c 2450 | 4889 7424 
  0x00000275ae62a1a0: 484c 8b54 | 2428 4c89 

  0x00000275ae62a1a8: ;   {metadata('java/util/ArrayList')}
  0x00000275ae62a1a8: 5424 2048 | bad0 890b | bb75 0200 | 0066 6690 

  0x00000275ae62a1b8: ;   {runtime_call _new_instance_Java}
  0x00000275ae62a1b8: c5f8 77e8 

  0x00000275ae62a1bc: ; ImmutableOopMap {[32]=Oop [48]=Oop [72]=Oop [80]=Oop [88]=Oop [96]=Oop [104]=NarrowOop [112]=Oop [136]=Oop [144]=NarrowOop }
                      ;*new {reexecute=0 rethrow=0 return_oop=1}
                      ; - java.security.CodeSource::getCertificates@25
                      ; - java.lang.ClassLoader::checkCerts@34
                      ; - java.lang.ClassLoader::preDefineClass@113
                      ; - java.lang.ClassLoader::defineClass@4
  0x00000275ae62a1bc: 4057 78ff 

  0x00000275ae62a1c0: ;   {other}
  0x00000275ae62a1c0: 0f1f 8400 | b05f 0088 | 4c8b 5424 | 204c 8954 | 2428 488b | 7424 484c | 8b6c 2450 | 488b 5c24 
  0x00000275ae62a1e0: 6044 8b5c | 2468 4c8b | 4424 70e9 | 96d7 ffff | 4889 4c24 | 704c 8944 | 2468 4889 | 5c24 6044 
  0x00000275ae62a200: 8b94 2490 | 0000 0044 | 8954 2444 | 4c89 6c24 | 5048 8974 | 2448 4c8b | 5424 284c | 8954 2420 
  0x00000275ae62a220: 488b ac24 | 8800 0000 

  0x00000275ae62a228: ;   {metadata('java/security/cert/Certificate'[])}
  0x00000275ae62a228: 48ba 2029 | 10bb 7502 | 0000 448b | 4424 4090 

  0x00000275ae62a238: ;   {runtime_call _new_array_Java}
  0x00000275ae62a238: c5f8 77e8 

  0x00000275ae62a23c: ; ImmutableOopMap {rbp=Oop [32]=Oop [48]=Oop [68]=NarrowOop [72]=Oop [80]=Oop [88]=Oop [96]=Oop [104]=Oop [112]=Oop [136]=Oop }
                      ;*anewarray {reexecute=0 rethrow=0 return_oop=1}
                      ; - java.security.CodeSource::getCertificates@70
                      ; - java.lang.ClassLoader::checkCerts@34
                      ; - java.lang.ClassLoader::preDefineClass@113
                      ; - java.lang.ClassLoader::defineClass@4
  0x00000275ae62a23c: c053 78ff 

  0x00000275ae62a240: ;   {other}
  0x00000275ae62a240: 0f1f 8400 | 3060 0089 | e9b1 d8ff | ff4c 895c | 2468 4889 

  0x00000275ae62a254: ;   {metadata('java/security/cert/Certificate'[])}
  0x00000275ae62a254: 4c24 2848 | ba20 2910 | bb75 0200 | 0045 8bc1 

  0x00000275ae62a264: ;   {runtime_call _new_array_Java}
  0x00000275ae62a264: c5f8 77e8 

  0x00000275ae62a268: ; ImmutableOopMap {rbp=Oop [32]=Oop [40]=Oop [48]=Oop [72]=Oop [80]=Oop [88]=Oop [96]=Oop }
                      ;*invokevirtual clone {reexecute=1 rethrow=0 return_oop=1}
                      ; - (reexecute) java.security.CodeSource::getCertificates@86
                      ; - java.lang.ClassLoader::checkCerts@34
                      ; - java.lang.ClassLoader::preDefineClass@113
                      ; - java.lang.ClassLoader::defineClass@4
  0x00000275ae62a268: 9453 78ff 

  0x00000275ae62a26c: ;   {other}
  0x00000275ae62a26c: 0f1f 8400 | 5c60 008a | 488b 4c24 | 284c 8b5c | 2468 488b | d8e9 34d9 | ffff 448b | 5424 6841 
  0x00000275ae62a28c: d1e2 4585 | d20f 8cd9 | 0400 0044 | 8b45 0c45 | 3bc2 0f82 | cc04 0000 | 4c8b dd4a | 8d7c 1510 
  0x00000275ae62a2ac: 488b 7424 | 708b 5424 | 408b ca83 | e10f 83e2 | f074 1c48 | 8d34 1648 | 8d3c 5748 | f7da c4e2 
  0x00000275ae62a2cc: 7d30 0416 | c5fe 7f04 | 5748 83c2 | 1075 ef8b | d183 e107 | 83e2 f874 | 27c4 e279 | 3006 c5fa 
  0x00000275ae62a2ec: 7f07 4883 | c608 4883 | c710 e911 | 0000 00c4 | e279 3004 | 16c5 fa7f | 0457 4883 | c208 75ef 
  0x00000275ae62a30c: 8bd1 83fa | 047c 19c5 | f96e 06c4 | e279 30c0 | c5f9 d607 | 4883 ea04 | 4883 c604 | 4883 c708 
  0x00000275ae62a32c: 85d2 7418 | 488d 3416 | 488d 3c57 | 48f7 da0f | b60c 1666 | 890c 5748 | ffc2 75f3 | 4c8b 5424 
  0x00000275ae62a34c: 484c 8954 | 2458 448b | 6c24 444c | 8b54 2450 | 4c89 5424 | 204c 8b74 | 2470 e94f 

  0x00000275ae62a368: ;   {no_reloc}
  0x00000275ae62a368: afff ff44 | 8b5c 2468 | 41d1 e345 | 85db 0f8c | 2004 0000 | 448b 550c | 453b d30f | 8213 0400 
  0x00000275ae62a388: 004c 8bd5 | 4a8d 7c1d | 1048 8b74 | 2460 8b54 | 2440 8bca | 83e1 0f83 | e2f0 741c | 488d 3416 
  0x00000275ae62a3a8: 488d 3c57 | 48f7 dac4 | e27d 3004 | 16c5 fe7f | 0457 4883 | c210 75ef | 8bd1 83e1 | 0783 e2f8 
  0x00000275ae62a3c8: 7427 c4e2 | 7930 06c5 | fa7f 0748 | 83c6 0848 | 83c7 10e9 | 1100 0000 | c4e2 7930 | 0416 c5fa 
  0x00000275ae62a3e8: 7f04 5748 | 83c2 0875 | ef8b d183 | fa04 7c19 | c5f9 6e06 | c4e2 7930 | c0c5 f9d6 | 0748 83ea 
  0x00000275ae62a408: 0448 83c6 | 0448 83c7 | 0885 d274 | 1848 8d34 | 1648 8d3c | 5748 f7da | 0fb6 0c16 | 6689 0c57 
  0x00000275ae62a428: 48ff c275 | f34c 8b54 | 2448 4c89 | 5424 5844 | 8b6c 2444 | 4c8b 7424 | 60e9 ceaf | ffff 448b 
  0x00000275ae62a448: 5c24 4441 | d1e3 4585 | db0f 8c65 | 0300 0044 | 8b55 0c45 | 3bd3 0f82 | 5803 0000 | 4c8b d54a 
  0x00000275ae62a468: ;   {no_reloc}
  0x00000275ae62a468: 8d7c 1d10 | 488b 7424 | 608b 5424 | 408b ca83 | e10f 83e2 | f074 1c48 | 8d34 1648 | 8d3c 5748 
  0x00000275ae62a488: f7da c4e2 | 7d30 0416 | c5fe 7f04 | 5748 83c2 | 1075 ef8b | d183 e107 | 83e2 f874 | 27c4 e279 
  0x00000275ae62a4a8: 3006 c5fa | 7f07 4883 | c608 4883 | c710 e911 | 0000 00c4 | e279 3004 | 16c5 fa7f | 0457 4883 
  0x00000275ae62a4c8: c208 75ef | 8bd1 83fa | 047c 19c5 | f96e 06c4 | e279 30c0 | c5f9 d607 | 4883 ea04 | 4883 c604 
  0x00000275ae62a4e8: 4883 c708 | 85d2 7418 | 488d 3416 | 488d 3c57 | 48f7 da0f | b60c 1666 | 890c 5748 | ffc2 75f3 
  0x00000275ae62a508: 4c8b 5424 | 484c 8954 | 2458 e983 | afff ff48 | 895c 2448 | 4489 4c24 | 3844 8954 | 2424 448b 
  0x00000275ae62a528: 5424 4044 | 8954 2420 | 488b 6c24 

  0x00000275ae62a534: ;   {metadata('java/util/ArrayList')}
  0x00000275ae62a534: 2848 bad0 | 890b bb75 | 0200 0090 

  0x00000275ae62a540: ;   {runtime_call _new_instance_Java}
  0x00000275ae62a540: c5f8 77e8 

  0x00000275ae62a544: ; ImmutableOopMap {rbp=Oop [36]=NarrowOop [56]=NarrowOop [72]=Oop [120]=Oop }
                      ;*new {reexecute=0 rethrow=0 return_oop=1}
                      ; - java.security.CodeSource::getCertificates@25
                      ; - java.lang.ClassLoader::postDefineClass@24
                      ; - java.lang.ClassLoader::defineClass@37
  0x00000275ae62a544: b853 78ff 

  0x00000275ae62a548: ;   {other}
  0x00000275ae62a548: 0f1f 8400 | 3863 008b | 4889 6c24 | 2844 8b5c | 2420 4489 | 5c24 4044 | 8b54 2424 | 448b 4c24 
  0x00000275ae62a568: 3848 8b5c | 2448 e974 | e0ff ff48 | 894c 2448 | 488b eb44 | 8954 2438 | 4c8b 5424 | 784c 8954 
  0x00000275ae62a588: 2430 4c8b | 5424 284c | 8954 2420 

  0x00000275ae62a594: ;   {metadata('java/security/cert/Certificate'[])}
  0x00000275ae62a594: 48ba 2029 | 10bb 7502 | 0000 448b | 4424 4090 

  0x00000275ae62a5a4: ;   {runtime_call _new_array_Java}
  0x00000275ae62a5a4: c5f8 77e8 

  0x00000275ae62a5a8: ; ImmutableOopMap {rbp=Oop [32]=Oop [48]=Oop [56]=NarrowOop [72]=Oop [120]=Oop }
                      ;*anewarray {reexecute=0 rethrow=0 return_oop=1}
                      ; - java.security.CodeSource::getCertificates@70
                      ; - java.lang.ClassLoader::postDefineClass@24
                      ; - java.lang.ClassLoader::defineClass@37
  0x00000275ae62a5a8: 5450 78ff 

  0x00000275ae62a5ac: ;   {other}
  0x00000275ae62a5ac: 0f1f 8400 | 9c63 008c | e960 e1ff 

  0x00000275ae62a5b8: ;   {metadata('java/security/cert/Certificate'[])}
  0x00000275ae62a5b8: ff48 ba20 | 2910 bb75 | 0200 0045 | 8bc2 6690 

  0x00000275ae62a5c8: ;   {runtime_call _new_array_Java}
  0x00000275ae62a5c8: c5f8 77e8 

  0x00000275ae62a5cc: ; ImmutableOopMap {[32]=Oop [48]=Oop [64]=Oop }
                      ;*invokevirtual clone {reexecute=1 rethrow=0 return_oop=1}
                      ; - (reexecute) java.security.CodeSource::getCertificates@86
                      ; - java.lang.ClassLoader::postDefineClass@24
                      ; - java.lang.ClassLoader::defineClass@37
  0x00000275ae62a5cc: 3050 78ff 

  0x00000275ae62a5d0: ;   {other}
  0x00000275ae62a5d0: 0f1f 8400 | c063 008d | 488b d8e9 | fee1 ffff | ba37 0100 | 0049 8beb | 4c8b 9424 | 8800 0000 
  0x00000275ae62a5f0: 4c89 5424 | 204c 8b54 | 2430 4c89 | 5424 2844 | 8b54 2438 | 4489 5424 | 3044 8b5c | 243c 4489 
  0x00000275ae62a610: 5c24 3490 

  0x00000275ae62a614: ;   {runtime_call UncommonTrapBlob}
  0x00000275ae62a614: c5f8 77e8 

  0x00000275ae62a618: ; ImmutableOopMap {rbp=Oop [32]=Oop [40]=Oop }
                      ;*new {reexecute=0 rethrow=0 return_oop=0}
                      ; - java.lang.ClassLoader::preDefineClass@56
                      ; - java.lang.ClassLoader::defineClass@4
  0x00000275ae62a618: e493 76ff 

  0x00000275ae62a61c: ;   {other}
  0x00000275ae62a61c: 0f1f 8400 | 0c64 008e | bae4 ffff | ff48 8b6c | 2428 4c8b | 5424 304c | 8954 2428 | 448b 5424 
  0x00000275ae62a63c: 3844 8954 | 2430 448b | 4424 3c44 | 8944 2434 | 4c8b 5424 | 584c 8954 | 2438 4889 | 7424 404c 
  0x00000275ae62a65c: 896c 2448 | 4889 5c24 | 5048 894c | 2468 4489 | 5c24 7044 | 894c 2474 

  0x00000275ae62a674: ;   {runtime_call UncommonTrapBlob}
  0x00000275ae62a674: c5f8 77e8 

  0x00000275ae62a678: ; ImmutableOopMap {rbp=Oop [40]=Oop [56]=Oop [64]=Oop [72]=Oop [80]=Oop [104]=Oop [112]=NarrowOop [136]=Oop [144]=NarrowOop }
                      ;*aaload {reexecute=0 rethrow=0 return_oop=0}
                      ; - java.security.CodeSource::getCertificates@50
                      ; - java.lang.ClassLoader::checkCerts@34
                      ; - java.lang.ClassLoader::preDefineClass@113
                      ; - java.lang.ClassLoader::defineClass@4
  0x00000275ae62a678: 8493 76ff 

  0x00000275ae62a67c: ;   {other}
  0x00000275ae62a67c: 0f1f 8400 | 6c64 008f | bae4 ffff | ff4c 8b44 | 2428 4c89 | 4424 2044 | 8954 2430 | 4889 4c24 
  0x00000275ae62a69c: 4044 894c | 2448 4489 | 5c24 4c90 

  0x00000275ae62a6a8: ;   {runtime_call UncommonTrapBlob}
  0x00000275ae62a6a8: c5f8 77e8 

  0x00000275ae62a6ac: ; ImmutableOopMap {[32]=Oop [48]=NarrowOop [64]=Oop [72]=NarrowOop [120]=Oop }
                      ;*aaload {reexecute=0 rethrow=0 return_oop=0}
                      ; - java.security.CodeSource::getCertificates@50
                      ; - java.lang.ClassLoader::postDefineClass@24
                      ; - java.lang.ClassLoader::defineClass@37
  0x00000275ae62a6ac: 5093 76ff 

  0x00000275ae62a6b0: ;   {other}
  0x00000275ae62a6b0: 0f1f 8400 | a064 0090 | bace ffff | ff48 8b6c | 2428 4c8b | 5424 304c | 8954 2428 | 448b 5c24 
  0x00000275ae62a6d0: 3844 895c | 2430 448b | 5424 3c44 | 8954 2434 | 4c8b 5424 | 584c 8954 | 2438 4489 | 6c24 404c 
  0x00000275ae62a6f0: 8b94 24a0 | 0000 004c | 8954 2450 | 895c 2444 | 894c 2458 | 4489 4c24 | 5c44 8944 | 2460 8944 
  0x00000275ae62a710: 2464 6690 

  0x00000275ae62a714: ;   {runtime_call UncommonTrapBlob}
  0x00000275ae62a714: c5f8 77e8 

  0x00000275ae62a718: ; ImmutableOopMap {rbp=Oop [40]=Oop [56]=Oop [64]=NarrowOop [80]=Oop [88]=NarrowOop [92]=NarrowOop [136]=Oop [160]=Oop }
                      ;*invokestatic inflate {reexecute=0 rethrow=0 return_oop=0}
                      ; - java.lang.String::getBytes@40
                      ; - java.lang.AbstractStringBuilder::putStringAt@15
                      ; - java.lang.AbstractStringBuilder::append@30
                      ; - java.lang.StringBuilder::append@2
                      ; - java.net.URLStreamHandler::toExternalForm@77
                      ; - java.net.URL::toExternalForm@5
                      ; - java.net.URL::toString@1
                      ; - java.lang.ClassLoader::defineClassSourceLocation@22
                      ; - java.lang.ClassLoader::defineClass@12
  0x00000275ae62a718: e492 76ff 

  0x00000275ae62a71c: ;   {other}
  0x00000275ae62a71c: 0f1f 8400 | 0c65 0091 | bace ffff | ff48 ff74 | 2428 488f | 4424 204c | 8b54 2458 | 4c89 5424 
  0x00000275ae62a73c: 4044 896c | 2448 4c8b | 9424 a000 | 0000 4c89 | 5424 5889 | 5c24 4c44 | 894c 2460 | 8974 2464 
  0x00000275ae62a75c: 897c 2468 

  0x00000275ae62a760: ;   {runtime_call UncommonTrapBlob}
  0x00000275ae62a760: c5f8 77e8 

  0x00000275ae62a764: ; ImmutableOopMap {[32]=Oop [48]=Oop [64]=Oop [72]=NarrowOop [88]=Oop [96]=NarrowOop [100]=NarrowOop [136]=Oop [160]=Oop }
                      ;*invokestatic inflate {reexecute=0 rethrow=0 return_oop=0}
                      ; - java.lang.String::getBytes@40
                      ; - java.lang.AbstractStringBuilder::putStringAt@15
                      ; - java.lang.AbstractStringBuilder::append@30
                      ; - java.lang.StringBuilder::append@2
                      ; - java.net.URLStreamHandler::toExternalForm@11
                      ; - java.net.URL::toExternalForm@5
                      ; - java.net.URL::toString@1
                      ; - java.lang.ClassLoader::defineClassSourceLocation@22
                      ; - java.lang.ClassLoader::defineClass@12
  0x00000275ae62a764: 9892 76ff 

  0x00000275ae62a768: ;   {other}
  0x00000275ae62a768: 0f1f 8400 | 5865 0092 | bace ffff | ff44 8b54 | 2444 4489 | 5424 404c | 8b54 2460 | 4c89 5424 
  0x00000275ae62a788: 5866 6690 

  0x00000275ae62a78c: ;   {runtime_call UncommonTrapBlob}
  0x00000275ae62a78c: c5f8 77e8 

  0x00000275ae62a790: ; ImmutableOopMap {rbp=NarrowOop [40]=Oop [48]=Oop [64]=NarrowOop [72]=Oop [88]=Oop [96]=Oop [136]=Oop }
                      ;*invokestatic inflate {reexecute=0 rethrow=0 return_oop=0}
                      ; - java.lang.String::getBytes@40
                      ; - java.lang.AbstractStringBuilder::putStringAt@15
                      ; - java.lang.AbstractStringBuilder::append@30
                      ; - java.lang.StringBuilder::append@2
                      ; - java.net.URLStreamHandler::toExternalForm@59
                      ; - java.net.URL::toExternalForm@5
                      ; - java.net.URL::toString@1
                      ; - java.lang.ClassLoader::defineClassSourceLocation@22
                      ; - java.lang.ClassLoader::defineClass@12
  0x00000275ae62a790: 6c92 76ff 

  0x00000275ae62a794: ;   {other}
  0x00000275ae62a794: 0f1f 8400 | 8465 0093 | bace ffff | ff44 8b5c | 2444 4489 | 5c24 4090 

  0x00000275ae62a7ac: ;   {runtime_call UncommonTrapBlob}
  0x00000275ae62a7ac: c5f8 77e8 

  0x00000275ae62a7b0: ; ImmutableOopMap {rbp=NarrowOop [40]=Oop [48]=Oop [64]=NarrowOop [72]=Oop [80]=Oop [136]=Oop }
                      ;*invokestatic inflate {reexecute=0 rethrow=0 return_oop=0}
                      ; - java.lang.String::getBytes@40
                      ; - java.lang.AbstractStringBuilder::putStringAt@15
                      ; - java.lang.AbstractStringBuilder::append@30
                      ; - java.lang.StringBuilder::append@2
                      ; - java.net.URLStreamHandler::toExternalForm@113
                      ; - java.net.URL::toExternalForm@5
                      ; - java.net.URL::toString@1
                      ; - java.lang.ClassLoader::defineClassSourceLocation@22
                      ; - java.lang.ClassLoader::defineClass@12
  0x00000275ae62a7b0: 4c92 76ff 

  0x00000275ae62a7b4: ;   {other}
  0x00000275ae62a7b4: 0f1f 8400 | a465 0094 | bace ffff | ff66 6690 

  0x00000275ae62a7c4: ;   {runtime_call UncommonTrapBlob}
  0x00000275ae62a7c4: c5f8 77e8 

  0x00000275ae62a7c8: ; ImmutableOopMap {rbp=NarrowOop [40]=Oop [48]=Oop [72]=Oop [80]=Oop [136]=Oop }
                      ;*invokestatic inflate {reexecute=0 rethrow=0 return_oop=0}
                      ; - java.lang.String::getBytes@40
                      ; - java.lang.AbstractStringBuilder::putStringAt@15
                      ; - java.lang.AbstractStringBuilder::append@30
                      ; - java.lang.StringBuilder::append@2
                      ; - java.net.URLStreamHandler::toExternalForm@149
                      ; - java.net.URL::toExternalForm@5
                      ; - java.net.URL::toString@1
                      ; - java.lang.ClassLoader::defineClassSourceLocation@22
                      ; - java.lang.ClassLoader::defineClass@12
  0x00000275ae62a7c8: 3492 76ff 

  0x00000275ae62a7cc: ;   {other}
  0x00000275ae62a7cc: 0f1f 8400 | bc65 0095 | bade ffff | ff4c 8b54 | 2458 4c89 | 5424 5048 | 8944 2458 

  0x00000275ae62a7e8: ;   {runtime_call UncommonTrapBlob}
  0x00000275ae62a7e8: c5f8 77e8 

  0x00000275ae62a7ec: ; ImmutableOopMap {rbp=Oop [32]=Oop [40]=Oop [48]=Oop [72]=Oop [80]=Oop [88]=Oop [136]=Oop }
                      ;*checkcast {reexecute=0 rethrow=0 return_oop=0}
                      ; - java.lang.ClassLoader::checkCerts@65
                      ; - java.lang.ClassLoader::preDefineClass@113
                      ; - java.lang.ClassLoader::defineClass@4
  0x00000275ae62a7ec: 1092 76ff 

  0x00000275ae62a7f0: ;   {other}
  0x00000275ae62a7f0: 0f1f 8400 | e065 0096 | 4c8b 5424 | 584c 8954 | 2448 4c89 | 7424 6044 | 8944 2468 | 4489 6c24 
  0x00000275ae62a810: 6c4c 895c | 2478 4489 | 4c24 7489 | 9424 8000 | 0000 8994 | 2484 0000 | 00ba 66ff | ffff 6690 
  0x00000275ae62a830: ;   {runtime_call UncommonTrapBlob}
  0x00000275ae62a830: c5f8 77e8 

  0x00000275ae62a834: ; ImmutableOopMap {rbp=NarrowOop [32]=Oop [40]=Oop [48]=Oop [72]=Oop [96]=Oop [120]=Oop [128]=NarrowOop [132]=NarrowOop [136]=Oop }
                      ;*instanceof {reexecute=0 rethrow=0 return_oop=0}
                      ; - sun.security.x509.X509CertImpl::getEncodedInternal@1
                      ; - java.security.cert.Certificate::equals@17
                      ; - java.lang.ClassLoader::compareCerts@81
                      ; - java.lang.ClassLoader::checkCerts@80
                      ; - java.lang.ClassLoader::preDefineClass@113
                      ; - java.lang.ClassLoader::defineClass@4
  0x00000275ae62a834: c891 76ff 

  0x00000275ae62a838: ;   {other}
  0x00000275ae62a838: 0f1f 8400 | 2866 0097 | 488b 4c24 | 5848 894c | 2448 4c89 | 5c24 5844 | 894c 2460 | 4489 6c24 
  0x00000275ae62a858: 644c 8974 | 2470 4489 | 4424 6c44 | 8954 2478 | 4489 5424 | 7cba 66ff | ffff 6690 

  0x00000275ae62a874: ;   {runtime_call UncommonTrapBlob}
  0x00000275ae62a874: c5f8 77e8 

  0x00000275ae62a878: ; ImmutableOopMap {rbp=NarrowOop [32]=Oop [40]=Oop [48]=Oop [72]=Oop [88]=Oop [112]=Oop [120]=NarrowOop [124]=NarrowOop [136]=Oop }
                      ;*instanceof {reexecute=0 rethrow=0 return_oop=0}
                      ; - sun.security.x509.X509CertImpl::getEncodedInternal@1
                      ; - java.security.cert.Certificate::equals@17
                      ; - java.lang.ClassLoader::compareCerts@166
                      ; - java.lang.ClassLoader::checkCerts@80
                      ; - java.lang.ClassLoader::preDefineClass@113
                      ; - java.lang.ClassLoader::defineClass@4
  0x00000275ae62a878: 8491 76ff 

  0x00000275ae62a87c: ;   {other}
  0x00000275ae62a87c: 0f1f 8400 | 6c66 0098 | 4533 d248 | 8b6c 2428 | 488b 9c24 | 8800 0000 | 4889 5c24 | 2848 8b5c 
  0x00000275ae62a89c: 2458 4889 | 5c24 404c | 8974 2458 | 4489 4424 | 6044 896c | 2464 8954 | 2468 4c89 | 5c24 7044 
  0x00000275ae62a8bc: 894c 246c | 4489 5424 | 78c5 fa11 | 4424 7c48 | 898c 2488 | 0000 00ba | 66ff ffff 

  0x00000275ae62a8d8: ;   {runtime_call UncommonTrapBlob}
  0x00000275ae62a8d8: c5f8 77e8 

  0x00000275ae62a8dc: ; ImmutableOopMap {rbp=Oop [32]=Oop [40]=Oop [48]=Oop [64]=Oop [88]=Oop [104]=NarrowOop [112]=Oop [124]=NarrowOop [136]=Oop }
                      ;*instanceof {reexecute=0 rethrow=0 return_oop=0}
                      ; - sun.security.x509.X509CertImpl::getEncodedInternal@1
                      ; - java.security.cert.Certificate::equals@25
                      ; - java.lang.ClassLoader::compareCerts@81
                      ; - java.lang.ClassLoader::checkCerts@80
                      ; - java.lang.ClassLoader::preDefineClass@113
                      ; - java.lang.ClassLoader::defineClass@4
  0x00000275ae62a8dc: 2091 76ff 

  0x00000275ae62a8e0: ;   {other}
  0x00000275ae62a8e0: 0f1f 8400 | d066 0099 | 33d2 488b | 6c24 2848 | 8b4c 2458 | 4889 4c24 | 404c 895c | 2450 4489 
  0x00000275ae62a900: 4c24 5844 | 896c 245c | 4489 5424 | 604c 8974 | 2468 4489 | 4424 6489 | 5424 70c5 | fa11 4424 
  0x00000275ae62a920: 7448 899c | 2480 0000 | 00ba 66ff | ffff 6690 

  0x00000275ae62a930: ;   {runtime_call UncommonTrapBlob}
  0x00000275ae62a930: c5f8 77e8 

  0x00000275ae62a934: ; ImmutableOopMap {rbp=Oop [32]=Oop [48]=Oop [64]=Oop [80]=Oop [96]=NarrowOop [104]=Oop [116]=NarrowOop [128]=Oop [136]=Oop }
                      ;*instanceof {reexecute=0 rethrow=0 return_oop=0}
                      ; - sun.security.x509.X509CertImpl::getEncodedInternal@1
                      ; - java.security.cert.Certificate::equals@25
                      ; - java.lang.ClassLoader::compareCerts@166
                      ; - java.lang.ClassLoader::checkCerts@80
                      ; - java.lang.ClassLoader::preDefineClass@113
                      ; - java.lang.ClassLoader::defineClass@4
  0x00000275ae62a934: c890 76ff 

  0x00000275ae62a938: ;   {other}
  0x00000275ae62a938: 0f1f 8400 | 2867 009a | bade ffff | ff48 8b6c | 2430 448b | 5c24 3844 | 895c 2434 | 4889 4424 
  0x00000275ae62a958: 3866 6690 

  0x00000275ae62a95c: ;   {runtime_call UncommonTrapBlob}
  0x00000275ae62a95c: c5f8 77e8 

  0x00000275ae62a960: ; ImmutableOopMap {rbp=Oop [32]=Oop [52]=NarrowOop [56]=Oop }
                      ;*checkcast {reexecute=0 rethrow=0 return_oop=0}
                      ; - java.security.CodeSource::getCertificates@76
                      ; - java.lang.ClassLoader::postDefineClass@24
                      ; - java.lang.ClassLoader::defineClass@37
  0x00000275ae62a960: 9c90 76ff 

  0x00000275ae62a964: ;   {other}
  0x00000275ae62a964: 0f1f 8400 | 5467 009b | bade ffff | ff4c 8b54 | 2430 4c89 | 5424 2844 | 8b5c 2438 | 4489 5c24 
  0x00000275ae62a984: 3044 8b54 | 243c 4489 | 5424 344c | 8b54 2458 | 4c89 5424 | 384c 8b54 | 2460 4c89 | 5424 5848 
  0x00000275ae62a9a4: 8944 2460 

  0x00000275ae62a9a8: ;   {runtime_call UncommonTrapBlob}
  0x00000275ae62a9a8: c5f8 77e8 

  0x00000275ae62a9ac: ; ImmutableOopMap {rbp=Oop [32]=Oop [40]=Oop [56]=Oop [68]=NarrowOop [72]=Oop [80]=Oop [88]=Oop [96]=Oop }
                      ;*checkcast {reexecute=0 rethrow=0 return_oop=0}
                      ; - java.security.CodeSource::getCertificates@76
                      ; - java.lang.ClassLoader::checkCerts@34
                      ; - java.lang.ClassLoader::preDefineClass@113
                      ; - java.lang.ClassLoader::defineClass@4
  0x00000275ae62a9ac: 5090 76ff 

  0x00000275ae62a9b0: ;   {other}
  0x00000275ae62a9b0: 0f1f 8400 | a067 009c | baf6 ffff | ff66 6690 

  0x00000275ae62a9c0: ;   {runtime_call UncommonTrapBlob}
  0x00000275ae62a9c0: c5f8 77e8 

  0x00000275ae62a9c4: ; ImmutableOopMap {}
                      ;*invokevirtual getCodeSource {reexecute=0 rethrow=0 return_oop=0}
                      ; - java.lang.ClassLoader::defineClassSourceLocation@1
                      ; - java.lang.ClassLoader::defineClass@12
  0x00000275ae62a9c4: 3890 76ff 

  0x00000275ae62a9c8: ;   {other}
  0x00000275ae62a9c8: 0f1f 8400 | b867 009d | baf6 ffff | ff66 6690 

  0x00000275ae62a9d8: ;   {runtime_call UncommonTrapBlob}
  0x00000275ae62a9d8: c5f8 77e8 

  0x00000275ae62a9dc: ; ImmutableOopMap {}
                      ;*invokevirtual getPackageName {reexecute=0 rethrow=0 return_oop=0}
                      ; - java.lang.ClassLoader::postDefineClass@2
                      ; - java.lang.ClassLoader::defineClass@37
  0x00000275ae62a9dc: 2090 76ff 

  0x00000275ae62a9e0: ;   {other}
  0x00000275ae62a9e0: 0f1f 8400 | d067 009e | baf6 ffff | ff66 6690 

  0x00000275ae62a9f0: ;   {runtime_call UncommonTrapBlob}
  0x00000275ae62a9f0: c5f8 77e8 

  0x00000275ae62a9f4: ; ImmutableOopMap {}
                      ;*invokevirtual hashCode {reexecute=0 rethrow=0 return_oop=0}
                      ; - java.util.concurrent.ConcurrentHashMap::get@1
                      ; - java.lang.ClassLoader::getNamedPackage@5
                      ; - java.lang.ClassLoader::postDefineClass@9
                      ; - java.lang.ClassLoader::defineClass@37
  0x00000275ae62a9f4: 0890 76ff 

  0x00000275ae62a9f8: ;   {other}
  0x00000275ae62a9f8: 0f1f 8400 | e867 009f | baf6 ffff | ff66 6690 

  0x00000275ae62aa08: ;   {runtime_call UncommonTrapBlob}
  0x00000275ae62aa08: c5f8 77e8 

  0x00000275ae62aa0c: ; ImmutableOopMap {}
                      ;*arraylength {reexecute=0 rethrow=0 return_oop=0}
                      ; - java.lang.String::isEmpty@4
                      ; - java.lang.ClassLoader::checkName@5
                      ; - java.lang.ClassLoader::preDefineClass@1
                      ; - java.lang.ClassLoader::defineClass@4
  0x00000275ae62aa0c: f08f 76ff 

  0x00000275ae62aa10: ;   {other}
  0x00000275ae62aa10: 0f1f 8400 | 0068 00a0 | baf6 ffff | ff66 6690 

  0x00000275ae62aa20: ;   {runtime_call UncommonTrapBlob}
  0x00000275ae62aa20: c5f8 77e8 

  0x00000275ae62aa24: ; ImmutableOopMap {}
                      ;*arraylength {reexecute=0 rethrow=0 return_oop=0}
                      ; - java.lang.StringLatin1::charAt@2
                      ; - java.lang.String::charAt@12
                      ; - java.lang.ClassLoader::checkName@25
                      ; - java.lang.ClassLoader::preDefineClass@1
                      ; - java.lang.ClassLoader::defineClass@4
  0x00000275ae62aa24: d88f 76ff 

  0x00000275ae62aa28: ;   {other}
  0x00000275ae62aa28: 0f1f 8400 | 1868 00a1 | baf6 ffff | ff66 6690 

  0x00000275ae62aa38: ;   {runtime_call UncommonTrapBlob}
  0x00000275ae62aa38: c5f8 77e8 

  0x00000275ae62aa3c: ; ImmutableOopMap {}
                      ;*arraylength {reexecute=0 rethrow=0 return_oop=0}
                      ; - java.lang.String::length@4
                      ; - java.lang.String::startsWith@6
                      ; - java.lang.String::startsWith@3
                      ; - java.lang.ClassLoader::preDefineClass@43
                      ; - java.lang.ClassLoader::defineClass@4
  0x00000275ae62aa3c: c08f 76ff 

  0x00000275ae62aa40: ;   {other}
  0x00000275ae62aa40: 0f1f 8400 | 3068 00a2 | baf6 ffff | ff66 6690 

  0x00000275ae62aa50: ;   {runtime_call UncommonTrapBlob}
  0x00000275ae62aa50: c5f8 77e8 

  0x00000275ae62aa54: ; ImmutableOopMap {}
                      ;*invokevirtual getCodeSource {reexecute=0 rethrow=0 return_oop=0}
                      ; - java.lang.ClassLoader::preDefineClass@110
                      ; - java.lang.ClassLoader::defineClass@4
  0x00000275ae62aa54: a88f 76ff 

  0x00000275ae62aa58: ;   {other}
  0x00000275ae62aa58: 0f1f 8400 | 4868 00a3 | baf6 ffff | ff66 6690 

  0x00000275ae62aa68: ;   {runtime_call UncommonTrapBlob}
  0x00000275ae62aa68: c5f8 77e8 

  0x00000275ae62aa6c: ; ImmutableOopMap {}
                      ;*arraylength {reexecute=0 rethrow=0 return_oop=0}
                      ; - java.lang.String::length@4
                      ; - java.lang.String::lastIndexOf@3
                      ; - java.lang.ClassLoader::checkCerts@3
                      ; - java.lang.ClassLoader::preDefineClass@113
                      ; - java.lang.ClassLoader::defineClass@4
  0x00000275ae62aa6c: 908f 76ff 

  0x00000275ae62aa70: ;   {other}
  0x00000275ae62aa70: 0f1f 8400 | 6068 00a4 | baf6 ffff | ff41 8bed 

  0x00000275ae62aa80: ;   {runtime_call UncommonTrapBlob}
  0x00000275ae62aa80: c5f8 77e8 

  0x00000275ae62aa84: ; ImmutableOopMap {rbp=NarrowOop }
                      ;*invokevirtual toExternalForm {reexecute=0 rethrow=0 return_oop=0}
                      ; - java.net.URL::toExternalForm@5
                      ; - java.net.URL::toString@1
                      ; - java.lang.ClassLoader::defineClassSourceLocation@22
                      ; - java.lang.ClassLoader::defineClass@12
  0x00000275ae62aa84: 788f 76ff 

  0x00000275ae62aa88: ;   {other}
  0x00000275ae62aa88: 0f1f 8400 | 7868 00a5 | baf6 ffff | ff66 6690 

  0x00000275ae62aa98: ;   {runtime_call UncommonTrapBlob}
  0x00000275ae62aa98: c5f8 77e8 

  0x00000275ae62aa9c: ; ImmutableOopMap {}
                      ;*arraylength {reexecute=0 rethrow=0 return_oop=0}
                      ; - java.lang.AbstractStringBuilder::ensureCapacityInternal@4
                      ; - java.lang.AbstractStringBuilder::append@7
                      ; - java.lang.StringBuilder::append@2
                      ; - java.net.URLStreamHandler::toExternalForm@16
                      ; - java.net.URL::toExternalForm@5
                      ; - java.net.URL::toString@1
                      ; - java.lang.ClassLoader::defineClassSourceLocation@22
                      ; - java.lang.ClassLoader::defineClass@12
  0x00000275ae62aa9c: 608f 76ff 

  0x00000275ae62aaa0: ;   {other}
  0x00000275ae62aaa0: 0f1f 8400 | 9068 00a6 | baf6 ffff | ff66 6690 

  0x00000275ae62aab0: ;   {runtime_call UncommonTrapBlob}
  0x00000275ae62aab0: c5f8 77e8 

  0x00000275ae62aab4: ; ImmutableOopMap {}
                      ;*arraylength {reexecute=0 rethrow=0 return_oop=0}
                      ; - java.lang.AbstractStringBuilder::ensureCapacityInternal@4
                      ; - java.lang.AbstractStringBuilder::append@21
                      ; - java.lang.StringBuilder::append@2
                      ; - java.net.URLStreamHandler::toExternalForm@59
                      ; - java.net.URL::toExternalForm@5
                      ; - java.net.URL::toString@1
                      ; - java.lang.ClassLoader::defineClassSourceLocation@22
                      ; - java.lang.ClassLoader::defineClass@12
  0x00000275ae62aab4: 488f 76ff 

  0x00000275ae62aab8: ;   {other}
  0x00000275ae62aab8: 0f1f 8400 | a868 00a7 | baf6 ffff | ff66 6690 

  0x00000275ae62aac8: ;   {runtime_call UncommonTrapBlob}
  0x00000275ae62aac8: c5f8 77e8 

  0x00000275ae62aacc: ; ImmutableOopMap {}
                      ;*arraylength {reexecute=0 rethrow=0 return_oop=0}
                      ; - java.lang.String::length@4
                      ; - java.lang.AbstractStringBuilder::append@10
                      ; - java.lang.StringBuilder::append@2
                      ; - java.net.URLStreamHandler::toExternalForm@77
                      ; - java.net.URL::toExternalForm@5
                      ; - java.net.URL::toString@1
                      ; - java.lang.ClassLoader::defineClassSourceLocation@22
                      ; - java.lang.ClassLoader::defineClass@12
  0x00000275ae62aacc: 308f 76ff 

  0x00000275ae62aad0: ;   {other}
  0x00000275ae62aad0: 0f1f 8400 | c068 00a8 | baf6 ffff | ff66 6690 

  0x00000275ae62aae0: ;   {runtime_call UncommonTrapBlob}
  0x00000275ae62aae0: c5f8 77e8 

  0x00000275ae62aae4: ; ImmutableOopMap {}
                      ;*arraylength {reexecute=0 rethrow=0 return_oop=0}
                      ; - java.lang.AbstractStringBuilder::ensureCapacityInternal@4
                      ; - java.lang.AbstractStringBuilder::append@21
                      ; - java.lang.StringBuilder::append@2
                      ; - java.net.URLStreamHandler::toExternalForm@77
                      ; - java.net.URL::toExternalForm@5
                      ; - java.net.URL::toString@1
                      ; - java.lang.ClassLoader::defineClassSourceLocation@22
                      ; - java.lang.ClassLoader::defineClass@12
  0x00000275ae62aae4: 188f 76ff 

  0x00000275ae62aae8: ;   {other}
  0x00000275ae62aae8: 0f1f 8400 | d868 00a9 | baf6 ffff | ff66 6690 

  0x00000275ae62aaf8: ;   {runtime_call UncommonTrapBlob}
  0x00000275ae62aaf8: c5f8 77e8 

  0x00000275ae62aafc: ; ImmutableOopMap {}
                      ;*arraylength {reexecute=0 rethrow=0 return_oop=0}
                      ; - java.lang.AbstractStringBuilder::ensureCapacityInternal@4
                      ; - java.lang.AbstractStringBuilder::append@21
                      ; - java.lang.StringBuilder::append@2
                      ; - java.net.URLStreamHandler::toExternalForm@113
                      ; - java.net.URL::toExternalForm@5
                      ; - java.net.URL::toString@1
                      ; - java.lang.ClassLoader::defineClassSourceLocation@22
                      ; - java.lang.ClassLoader::defineClass@12
  0x00000275ae62aafc: 008f 76ff 

  0x00000275ae62ab00: ;   {other}
  0x00000275ae62ab00: 0f1f 8400 | f068 00aa | baf6 ffff | ff66 6690 

  0x00000275ae62ab10: ;   {runtime_call UncommonTrapBlob}
  0x00000275ae62ab10: c5f8 77e8 

  0x00000275ae62ab14: ; ImmutableOopMap {}
                      ;*arraylength {reexecute=0 rethrow=0 return_oop=0}
                      ; - java.lang.AbstractStringBuilder::ensureCapacityInternal@4
                      ; - java.lang.AbstractStringBuilder::append@21
                      ; - java.lang.StringBuilder::append@2
                      ; - java.net.URLStreamHandler::toExternalForm@149
                      ; - java.net.URL::toExternalForm@5
                      ; - java.net.URL::toString@1
                      ; - java.lang.ClassLoader::defineClassSourceLocation@22
                      ; - java.lang.ClassLoader::defineClass@12
  0x00000275ae62ab14: e88e 76ff 

  0x00000275ae62ab18: ;   {other}
  0x00000275ae62ab18: 0f1f 8400 | 0869 00ab | baf6 ffff | ff66 6690 

  0x00000275ae62ab28: ;   {runtime_call UncommonTrapBlob}
  0x00000275ae62ab28: c5f8 77e8 

  0x00000275ae62ab2c: ; ImmutableOopMap {}
                      ;*arraylength {reexecute=0 rethrow=0 return_oop=0}
                      ; - java.lang.String::getBytes@21
                      ; - java.lang.AbstractStringBuilder::putStringAt@15
                      ; - java.lang.AbstractStringBuilder::append@30
                      ; - java.lang.StringBuilder::append@2
                      ; - java.net.URLStreamHandler::toExternalForm@77
                      ; - java.net.URL::toExternalForm@5
                      ; - java.net.URL::toString@1
                      ; - java.lang.ClassLoader::defineClassSourceLocation@22
                      ; - java.lang.ClassLoader::defineClass@12
  0x00000275ae62ab2c: d08e 76ff 

  0x00000275ae62ab30: ;   {other}
  0x00000275ae62ab30: 0f1f 8400 | 2069 00ac | baf6 ffff | ff89 4c24 | 2044 8954 | 2424 6690 

  0x00000275ae62ab48: ;   {runtime_call UncommonTrapBlob}
  0x00000275ae62ab48: c5f8 77e8 

  0x00000275ae62ab4c: ; ImmutableOopMap {[32]=NarrowOop }
                      ;*invokestatic arraycopy {reexecute=0 rethrow=0 return_oop=0}
                      ; - java.lang.String::getBytes@22
                      ; - java.lang.AbstractStringBuilder::putStringAt@15
                      ; - java.lang.AbstractStringBuilder::append@30
                      ; - java.lang.StringBuilder::append@2
                      ; - java.net.URLStreamHandler::toExternalForm@77
                      ; - java.net.URL::toExternalForm@5
                      ; - java.net.URL::toString@1
                      ; - java.lang.ClassLoader::defineClassSourceLocation@22
                      ; - java.lang.ClassLoader::defineClass@12
  0x00000275ae62ab4c: b08e 76ff 

  0x00000275ae62ab50: ;   {other}
  0x00000275ae62ab50: 0f1f 8400 | 4069 00ad | baf6 ffff | ff66 6690 

  0x00000275ae62ab60: ;   {runtime_call UncommonTrapBlob}
  0x00000275ae62ab60: c5f8 77e8 

  0x00000275ae62ab64: ; ImmutableOopMap {}
                      ;*arraylength {reexecute=0 rethrow=0 return_oop=0}
                      ; - java.util.Arrays::copyOfRange@6
                      ; - java.lang.String::<init>@32
                      ; - java.lang.String::<init>@3
                      ; - java.lang.StringBuilder::toString@5
                      ; - java.net.URLStreamHandler::toExternalForm@152
                      ; - java.net.URL::toExternalForm@5
                      ; - java.net.URL::toString@1
                      ; - java.lang.ClassLoader::defineClassSourceLocation@22
                      ; - java.lang.ClassLoader::defineClass@12
  0x00000275ae62ab64: 988e 76ff 

  0x00000275ae62ab68: ;   {other}
  0x00000275ae62ab68: 0f1f 8400 | 5869 00ae | baf6 ffff | ff66 6690 

  0x00000275ae62ab78: ;   {runtime_call UncommonTrapBlob}
  0x00000275ae62ab78: c5f8 77e8 

  0x00000275ae62ab7c: ; ImmutableOopMap {}
                      ;*arraylength {reexecute=0 rethrow=0 return_oop=0}
                      ; - java.lang.String::length@4
                      ; - java.lang.AbstractStringBuilder::append@10
                      ; - java.lang.StringBuilder::append@2
                      ; - java.net.URLStreamHandler::toExternalForm@11
                      ; - java.net.URL::toExternalForm@5
                      ; - java.net.URL::toString@1
                      ; - java.lang.ClassLoader::defineClassSourceLocation@22
                      ; - java.lang.ClassLoader::defineClass@12
  0x00000275ae62ab7c: 808e 76ff 

  0x00000275ae62ab80: ;   {other}
  0x00000275ae62ab80: 0f1f 8400 | 7069 00af | baf6 ffff | ff66 6690 

  0x00000275ae62ab90: ;   {runtime_call UncommonTrapBlob}
  0x00000275ae62ab90: c5f8 77e8 

  0x00000275ae62ab94: ; ImmutableOopMap {}
                      ;*arraylength {reexecute=0 rethrow=0 return_oop=0}
                      ; - java.lang.String::getBytes@21
                      ; - java.lang.AbstractStringBuilder::putStringAt@15
                      ; - java.lang.AbstractStringBuilder::append@30
                      ; - java.lang.StringBuilder::append@2
                      ; - java.net.URLStreamHandler::toExternalForm@11
                      ; - java.net.URL::toExternalForm@5
                      ; - java.net.URL::toString@1
                      ; - java.lang.ClassLoader::defineClassSourceLocation@22
                      ; - java.lang.ClassLoader::defineClass@12
  0x00000275ae62ab94: 688e 76ff 

  0x00000275ae62ab98: ;   {other}
  0x00000275ae62ab98: 0f1f 8400 | 8869 00b0 | baf6 ffff | ff44 894c | 2420 4489 | 4424 2490 

  0x00000275ae62abb0: ;   {runtime_call UncommonTrapBlob}
  0x00000275ae62abb0: c5f8 77e8 

  0x00000275ae62abb4: ; ImmutableOopMap {[32]=NarrowOop }
                      ;*invokestatic arraycopy {reexecute=0 rethrow=0 return_oop=0}
                      ; - java.lang.String::getBytes@22
                      ; - java.lang.AbstractStringBuilder::putStringAt@15
                      ; - java.lang.AbstractStringBuilder::append@30
                      ; - java.lang.StringBuilder::append@2
                      ; - java.net.URLStreamHandler::toExternalForm@11
                      ; - java.net.URL::toExternalForm@5
                      ; - java.net.URL::toString@1
                      ; - java.lang.ClassLoader::defineClassSourceLocation@22
                      ; - java.lang.ClassLoader::defineClass@12
  0x00000275ae62abb4: 488e 76ff 

  0x00000275ae62abb8: ;   {other}
  0x00000275ae62abb8: 0f1f 8400 | a869 00b1 | baf6 ffff | ff66 6690 

  0x00000275ae62abc8: ;   {runtime_call UncommonTrapBlob}
  0x00000275ae62abc8: c5f8 77e8 

  0x00000275ae62abcc: ; ImmutableOopMap {}
                      ;*bastore {reexecute=0 rethrow=0 return_oop=0}
                      ; - java.lang.AbstractStringBuilder::append@41
                      ; - java.lang.StringBuilder::append@2
                      ; - java.net.URLStreamHandler::toExternalForm@16
                      ; - java.net.URL::toExternalForm@5
                      ; - java.net.URL::toString@1
                      ; - java.lang.ClassLoader::defineClassSourceLocation@22
                      ; - java.lang.ClassLoader::defineClass@12
  0x00000275ae62abcc: 308e 76ff 

  0x00000275ae62abd0: ;   {other}
  0x00000275ae62abd0: 0f1f 8400 | c069 00b2 | baf6 ffff | ff66 6690 

  0x00000275ae62abe0: ;   {runtime_call UncommonTrapBlob}
  0x00000275ae62abe0: c5f8 77e8 

  0x00000275ae62abe4: ; ImmutableOopMap {}
                      ;*arraylength {reexecute=0 rethrow=0 return_oop=0}
                      ; - java.lang.String::isEmpty@4
                      ; - java.net.URLStreamHandler::toExternalForm@29
                      ; - java.net.URL::toExternalForm@5
                      ; - java.net.URL::toString@1
                      ; - java.lang.ClassLoader::defineClassSourceLocation@22
                      ; - java.lang.ClassLoader::defineClass@12
  0x00000275ae62abe4: 188e 76ff 

  0x00000275ae62abe8: ;   {other}
  0x00000275ae62abe8: 0f1f 8400 | d869 00b3 | ba45 ffff | ff48 8b6c | 2428 4c8b | 5c24 304c | 895c 2428 | 448b 4424 
  0x00000275ae62ac08: 3844 8944 | 2430 448b | 5c24 3c44 | 895c 2434 | 4489 5424 | 4466 6690 

  0x00000275ae62ac20: ;   {runtime_call UncommonTrapBlob}
  0x00000275ae62ac20: c5f8 77e8 

  0x00000275ae62ac24: ; ImmutableOopMap {rbp=Oop [40]=Oop [68]=NarrowOop [88]=Oop [136]=Oop }
                      ;*ifnull {reexecute=1 rethrow=0 return_oop=0}
                      ; - (reexecute) java.lang.ClassLoader::defineClassSourceLocation@8
                      ; - java.lang.ClassLoader::defineClass@12
  0x00000275ae62ac24: d88d 76ff 

  0x00000275ae62ac28: ;   {other}
  0x00000275ae62ac28: 0f1f 8400 | 186a 00b4 | 4d85 d244 | 8b5c 2440 | 410f 94c3 | ba45 ffff | ff48 8944 | 2430 4889 
  0x00000275ae62ac48: 4424 4044 | 895c 2448 

  0x00000275ae62ac50: ;   {runtime_call UncommonTrapBlob}
  0x00000275ae62ac50: c5f8 77e8 

  0x00000275ae62ac54: ; ImmutableOopMap {[40]=Oop [48]=Oop [64]=Oop [88]=Oop }
                      ;*ifeq {reexecute=1 rethrow=0 return_oop=0}
                      ; - (reexecute) java.lang.Class::getPackageName@29
                      ; - java.lang.ClassLoader::postDefineClass@2
                      ; - java.lang.ClassLoader::defineClass@37
  0x00000275ae62ac54: a88d 76ff 

  0x00000275ae62ac58: ;   {other}
  0x00000275ae62ac58: 0f1f 8400 | 486a 00b5 | baf6 ffff | ff66 6690 

  0x00000275ae62ac68: ;   {runtime_call UncommonTrapBlob}
  0x00000275ae62ac68: c5f8 77e8 

  0x00000275ae62ac6c: ; ImmutableOopMap {}
                      ;*arraylength {reexecute=0 rethrow=0 return_oop=0}
                      ; - java.lang.String::length@4
                      ; - java.lang.String::lastIndexOf@3
                      ; - java.lang.Class::getPackageName@47
                      ; - java.lang.ClassLoader::postDefineClass@2
                      ; - java.lang.ClassLoader::defineClass@37
  0x00000275ae62ac6c: 908d 76ff 

  0x00000275ae62ac70: ;   {other}
  0x00000275ae62ac70: 0f1f 8400 | 606a 00b6 | ba45 ffff | ff48 8b6c | 2428 4c8b | 5424 304c | 8954 2428 | 448b 5c24 
  0x00000275ae62ac90: 3844 895c | 2430 448b | 5424 3c44 | 8954 2434 | 4c8b 5424 | 584c 8954 | 2438 4889 | 7424 404c 
  0x00000275ae62acb0: 896c 2448 | 4889 5c24 | 5866 6690 

  0x00000275ae62acbc: ;   {runtime_call UncommonTrapBlob}
  0x00000275ae62acbc: c5f8 77e8 

  0x00000275ae62acc0: ; ImmutableOopMap {rbp=Oop [40]=Oop [56]=Oop [64]=Oop [72]=Oop [88]=Oop [136]=Oop [144]=NarrowOop }
                      ;*ifnull {reexecute=1 rethrow=0 return_oop=0}
                      ; - (reexecute) java.lang.ClassLoader::checkCerts@30
                      ; - java.lang.ClassLoader::preDefineClass@113
                      ; - java.lang.ClassLoader::defineClass@4
  0x00000275ae62acc0: 3c8d 76ff 

  0x00000275ae62acc4: ;   {other}
  0x00000275ae62acc4: 0f1f 8400 | b46a 00b7 | ba45 ffff | ff48 ff74 | 2428 488f | 4424 2044 | 896c 2448 

  0x00000275ae62ace0: ;   {runtime_call UncommonTrapBlob}
  0x00000275ae62ace0: c5f8 77e8 

  0x00000275ae62ace4: ; ImmutableOopMap {rbp=NarrowOop [32]=Oop [48]=Oop [72]=NarrowOop [88]=Oop [136]=Oop [160]=Oop }
                      ;*ifnull {reexecute=1 rethrow=0 return_oop=0}
                      ; - (reexecute) java.net.URLStreamHandler::toExternalForm@68
                      ; - java.net.URL::toExternalForm@5
                      ; - java.net.URL::toString@1
                      ; - java.lang.ClassLoader::defineClassSourceLocation@22
                      ; - java.lang.ClassLoader::defineClass@12
  0x00000275ae62ace4: 188d 76ff 

  0x00000275ae62ace8: ;   {other}
  0x00000275ae62ace8: 0f1f 8400 | d86a 00b8 | ba45 ffff | ff44 8954 | 2420 6690 

  0x00000275ae62acfc: ;   {runtime_call UncommonTrapBlob}
  0x00000275ae62acfc: c5f8 77e8 

  0x00000275ae62ad00: ; ImmutableOopMap {[32]=NarrowOop [120]=Oop }
                      ;*ifnull {reexecute=1 rethrow=0 return_oop=0}
                      ; - (reexecute) java.lang.ClassLoader::postDefineClass@17
                      ; - java.lang.ClassLoader::defineClass@37
  0x00000275ae62ad00: fc8c 76ff 

  0x00000275ae62ad04: ;   {other}
  0x00000275ae62ad04: 0f1f 8400 | f46a 00b9 | 488b 6c24 | 284c 8b54 | 2458 4c89 | 5424 404c | 8974 2458 | 4489 4424 
  0x00000275ae62ad24: 6044 896c | 2464 8954 | 2468 4c89 | 5c24 7044 | 894c 2478 | ba76 ffff | ff66 6690 

  0x00000275ae62ad40: ;   {runtime_call UncommonTrapBlob}
  0x00000275ae62ad40: c5f8 77e8 

  0x00000275ae62ad44: ; ImmutableOopMap {rbp=Oop [32]=Oop [48]=Oop [64]=Oop [88]=Oop [104]=NarrowOop [112]=Oop [136]=Oop }
                      ;*if_icmpge {reexecute=1 rethrow=0 return_oop=0}
                      ; - (reexecute) java.lang.ClassLoader::compareCerts@67
                      ; - java.lang.ClassLoader::checkCerts@80
                      ; - java.lang.ClassLoader::preDefineClass@113
                      ; - java.lang.ClassLoader::defineClass@4
  0x00000275ae62ad44: b88c 76ff 

  0x00000275ae62ad48: ;   {other}
  0x00000275ae62ad48: 0f1f 8400 | 386b 00ba | 488b 6c24 | 2848 8b4c | 2458 4889 | 4c24 404c | 895c 2450 | 4489 4c24 
  0x00000275ae62ad68: 5844 896c | 245c 4489 | 5424 604c | 8974 2468 | 4489 4424 | 70ba 76ff | ffff 6690 

  0x00000275ae62ad84: ;   {runtime_call UncommonTrapBlob}
  0x00000275ae62ad84: c5f8 77e8 

  0x00000275ae62ad88: ; ImmutableOopMap {rbp=Oop [32]=Oop [48]=Oop [64]=Oop [80]=Oop [96]=NarrowOop [104]=Oop [136]=Oop }
                      ;*if_icmpge {reexecute=1 rethrow=0 return_oop=0}
                      ; - (reexecute) java.lang.ClassLoader::compareCerts@152
                      ; - java.lang.ClassLoader::checkCerts@80
                      ; - java.lang.ClassLoader::preDefineClass@113
                      ; - java.lang.ClassLoader::defineClass@4
  0x00000275ae62ad88: 748c 76ff 

  0x00000275ae62ad8c: ;   {other}
  0x00000275ae62ad8c: 0f1f 8400 | 7c6b 00bb | 4533 d248 | 8b6c 2428 | 488b 4c24 | 5848 894c | 2440 4c89 | 7424 5844 
  0x00000275ae62adac: 8944 2460 | 4489 6c24 | 644c 895c | 2470 4489 | 4c24 6c44 | 8954 2478 | 8954 247c | baf4 ffff 
  0x00000275ae62adcc: ff66 6690 

  0x00000275ae62add0: ;   {runtime_call UncommonTrapBlob}
  0x00000275ae62add0: c5f8 77e8 

  0x00000275ae62add4: ; ImmutableOopMap {rbp=Oop [32]=Oop [48]=Oop [64]=Oop [88]=Oop [112]=Oop [124]=NarrowOop [136]=Oop }
                      ;*instanceof {reexecute=0 rethrow=0 return_oop=0}
                      ; - java.security.cert.Certificate::equals@8
                      ; - java.lang.ClassLoader::compareCerts@81
                      ; - java.lang.ClassLoader::checkCerts@80
                      ; - java.lang.ClassLoader::preDefineClass@113
                      ; - java.lang.ClassLoader::defineClass@4
  0x00000275ae62add4: 288c 76ff 

  0x00000275ae62add8: ;   {other}
  0x00000275ae62add8: 0f1f 8400 | c86b 00bc | 33d2 488b | 6c24 2848 | 8b4c 2458 | 4889 4c24 | 404c 895c | 2450 4489 
  0x00000275ae62adf8: 4c24 5844 | 896c 245c | 4c89 7424 | 6844 8944 | 2464 8954 | 2470 4489 | 5424 74ba | f4ff ffff 
  0x00000275ae62ae18: ;   {runtime_call UncommonTrapBlob}
  0x00000275ae62ae18: c5f8 77e8 

  0x00000275ae62ae1c: ; ImmutableOopMap {rbp=Oop [32]=Oop [48]=Oop [64]=Oop [80]=Oop [104]=Oop [116]=NarrowOop [136]=Oop }
                      ;*instanceof {reexecute=0 rethrow=0 return_oop=0}
                      ; - java.security.cert.Certificate::equals@8
                      ; - java.lang.ClassLoader::compareCerts@166
                      ; - java.lang.ClassLoader::checkCerts@80
                      ; - java.lang.ClassLoader::preDefineClass@113
                      ; - java.lang.ClassLoader::defineClass@4
  0x00000275ae62ae1c: e08b 76ff 

  0x00000275ae62ae20: ;   {other}
  0x00000275ae62ae20: 0f1f 8400 | 106c 00bd | baf6 ffff | ff41 8be9 

  0x00000275ae62ae30: ;   {runtime_call UncommonTrapBlob}
  0x00000275ae62ae30: c5f8 77e8 

  0x00000275ae62ae34: ; ImmutableOopMap {}
                      ;*aaload {reexecute=0 rethrow=0 return_oop=0}
                      ; - java.security.CodeSource::getCertificates@50
                      ; - java.lang.ClassLoader::checkCerts@34
                      ; - java.lang.ClassLoader::preDefineClass@113
                      ; - java.lang.ClassLoader::defineClass@4
  0x00000275ae62ae34: c88b 76ff 

  0x00000275ae62ae38: ;   {other}
  0x00000275ae62ae38: 0f1f 8400 | 286c 00be | baf6 ffff | ff66 6690 

  0x00000275ae62ae48: ;   {runtime_call UncommonTrapBlob}
  0x00000275ae62ae48: c5f8 77e8 

  0x00000275ae62ae4c: ; ImmutableOopMap {}
                      ;*invokevirtual getSignerCertPath {reexecute=0 rethrow=0 return_oop=0}
                      ; - java.security.CodeSource::getCertificates@51
                      ; - java.lang.ClassLoader::checkCerts@34
                      ; - java.lang.ClassLoader::preDefineClass@113
                      ; - java.lang.ClassLoader::defineClass@4
  0x00000275ae62ae4c: b08b 76ff 

  0x00000275ae62ae50: ;   {other}
  0x00000275ae62ae50: 0f1f 8400 | 406c 00bf | baf6 ffff | ff66 6690 

  0x00000275ae62ae60: ;   {runtime_call UncommonTrapBlob}
  0x00000275ae62ae60: c5f8 77e8 

  0x00000275ae62ae64: ; ImmutableOopMap {}
                      ;*invokevirtual getCertificates {reexecute=0 rethrow=0 return_oop=0}
                      ; - java.security.CodeSource::getCertificates@54
                      ; - java.lang.ClassLoader::checkCerts@34
                      ; - java.lang.ClassLoader::preDefineClass@113
                      ; - java.lang.ClassLoader::defineClass@4
  0x00000275ae62ae64: 988b 76ff 

  0x00000275ae62ae68: ;   {other}
  0x00000275ae62ae68: 0f1f 8400 | 586c 00c0 | baf6 ffff | ff66 6690 

  0x00000275ae62ae78: ;   {runtime_call UncommonTrapBlob}
  0x00000275ae62ae78: c5f8 77e8 

  0x00000275ae62ae7c: ; ImmutableOopMap {}
                      ;*arraylength {reexecute=0 rethrow=0 return_oop=0}
                      ; - java.security.CodeSource::getCertificates@40
                      ; - java.lang.ClassLoader::checkCerts@34
                      ; - java.lang.ClassLoader::preDefineClass@113
                      ; - java.lang.ClassLoader::defineClass@4
  0x00000275ae62ae7c: 808b 76ff 

  0x00000275ae62ae80: ;   {other}
  0x00000275ae62ae80: 0f1f 8400 | 706c 00c1 | baf6 ffff | ff41 8beb 

  0x00000275ae62ae90: ;   {runtime_call UncommonTrapBlob}
  0x00000275ae62ae90: c5f8 77e8 

  0x00000275ae62ae94: ; ImmutableOopMap {}
                      ;*aaload {reexecute=0 rethrow=0 return_oop=0}
                      ; - java.security.CodeSource::getCertificates@50
                      ; - java.lang.ClassLoader::postDefineClass@24
                      ; - java.lang.ClassLoader::defineClass@37
  0x00000275ae62ae94: 688b 76ff 

  0x00000275ae62ae98: ;   {other}
  0x00000275ae62ae98: 0f1f 8400 | 886c 00c2 | baf6 ffff | ff66 6690 

  0x00000275ae62aea8: ;   {runtime_call UncommonTrapBlob}
  0x00000275ae62aea8: c5f8 77e8 

  0x00000275ae62aeac: ; ImmutableOopMap {}
                      ;*invokevirtual getSignerCertPath {reexecute=0 rethrow=0 return_oop=0}
                      ; - java.security.CodeSource::getCertificates@51
                      ; - java.lang.ClassLoader::postDefineClass@24
                      ; - java.lang.ClassLoader::defineClass@37
  0x00000275ae62aeac: 508b 76ff 

  0x00000275ae62aeb0: ;   {other}
  0x00000275ae62aeb0: 0f1f 8400 | a06c 00c3 | baf6 ffff | ff66 6690 

  0x00000275ae62aec0: ;   {runtime_call UncommonTrapBlob}
  0x00000275ae62aec0: c5f8 77e8 

  0x00000275ae62aec4: ; ImmutableOopMap {}
                      ;*invokevirtual getCertificates {reexecute=0 rethrow=0 return_oop=0}
                      ; - java.security.CodeSource::getCertificates@54
                      ; - java.lang.ClassLoader::postDefineClass@24
                      ; - java.lang.ClassLoader::defineClass@37
  0x00000275ae62aec4: 388b 76ff 

  0x00000275ae62aec8: ;   {other}
  0x00000275ae62aec8: 0f1f 8400 | b86c 00c4 | baf6 ffff | ff66 6690 

  0x00000275ae62aed8: ;   {runtime_call UncommonTrapBlob}
  0x00000275ae62aed8: c5f8 77e8 

  0x00000275ae62aedc: ; ImmutableOopMap {}
                      ;*arraylength {reexecute=0 rethrow=0 return_oop=0}
                      ; - java.security.CodeSource::getCertificates@40
                      ; - java.lang.ClassLoader::postDefineClass@24
                      ; - java.lang.ClassLoader::defineClass@37
  0x00000275ae62aedc: 208b 76ff 

  0x00000275ae62aee0: ;   {other}
  0x00000275ae62aee0: 0f1f 8400 | d06c 00c5 | ba97 ffff | ff8b 6c24 | 6066 6690 

  0x00000275ae62aef4: ;   {runtime_call UncommonTrapBlob}
  0x00000275ae62aef4: c5f8 77e8 

  0x00000275ae62aef8: ; ImmutableOopMap {rbp=NarrowOop [32]=Oop [40]=Oop [48]=Oop [68]=NarrowOop [72]=Oop [80]=Oop [88]=Oop [104]=Oop }
                      ;*invokevirtual clone {reexecute=1 rethrow=0 return_oop=0}
                      ; - (reexecute) java.util.Arrays::copyOfRange@18
                      ; - java.lang.StringLatin1::newString@16
                      ; - java.lang.String::substring@41
                      ; - java.lang.ClassLoader::checkCerts@21
                      ; - java.lang.ClassLoader::preDefineClass@113
                      ; - java.lang.ClassLoader::defineClass@4
  0x00000275ae62aef8: 048b 76ff 

  0x00000275ae62aefc: ;   {other}
  0x00000275ae62aefc: 0f1f 8400 | ec6c 00c6 | ba97 ffff | ff4c 8b54 | 2430 4c89 | 5424 2844 | 8b54 2438 | 4489 5424 
  0x00000275ae62af1c: 3044 8b5c | 243c 4489 | 5c24 344c | 8b54 2448 | 4c89 5424 | 3866 6690 

  0x00000275ae62af34: ;   {runtime_call UncommonTrapBlob}
  0x00000275ae62af34: c5f8 77e8 

  0x00000275ae62af38: ; ImmutableOopMap {[32]=Oop [40]=Oop [56]=Oop [68]=NarrowOop [80]=Oop [136]=Oop }
                      ;*invokevirtual clone {reexecute=1 rethrow=0 return_oop=0}
                      ; - (reexecute) java.util.Arrays::copyOfRange@18
                      ; - java.lang.String::<init>@32
                      ; - java.lang.String::<init>@3
                      ; - java.lang.StringBuilder::toString@5
                      ; - java.net.URLStreamHandler::toExternalForm@152
                      ; - java.net.URL::toExternalForm@5
                      ; - java.net.URL::toString@1
                      ; - java.lang.ClassLoader::defineClassSourceLocation@22
                      ; - java.lang.ClassLoader::defineClass@12
  0x00000275ae62af38: c48a 76ff 

  0x00000275ae62af3c: ;   {other}
  0x00000275ae62af3c: 0f1f 8400 | 2c6d 00c7 | baf6 ffff | ff66 6690 

  0x00000275ae62af4c: ;   {runtime_call UncommonTrapBlob}
  0x00000275ae62af4c: c5f8 77e8 

  0x00000275ae62af50: ; ImmutableOopMap {}
                      ;*arraylength {reexecute=0 rethrow=0 return_oop=0}
                      ; - java.lang.StringUTF16::coderFromArrayLen@2
                      ; - java.lang.String::<init>@72
                      ; - java.lang.String::<init>@3
                      ; - java.lang.StringBuilder::toString@5
                      ; - java.net.URLStreamHandler::toExternalForm@152
                      ; - java.net.URL::toExternalForm@5
                      ; - java.net.URL::toString@1
                      ; - java.lang.ClassLoader::defineClassSourceLocation@22
                      ; - java.lang.ClassLoader::defineClass@12
  0x00000275ae62af50: ac8a 76ff 

  0x00000275ae62af54: ;   {other}
  0x00000275ae62af54: 0f1f 8400 | 446d 00c8 | ba97 ffff | ff48 8b6c | 2428 4c8b | 5424 304c | 8954 2428 | 448b 5c24 
  0x00000275ae62af74: 3844 895c | 2430 448b | 5424 3c44 | 8954 2434 | 4c8b 5424 | 584c 8954 | 2438 6690 

  0x00000275ae62af90: ;   {runtime_call UncommonTrapBlob}
  0x00000275ae62af90: c5f8 77e8 

  0x00000275ae62af94: ; ImmutableOopMap {rbp=Oop [40]=Oop [56]=Oop [68]=NarrowOop [72]=Oop [80]=Oop [96]=Oop [136]=Oop }
                      ;*invokevirtual clone {reexecute=1 rethrow=0 return_oop=0}
                      ; - (reexecute) java.security.CodeSource::getCertificates@11
                      ; - java.lang.ClassLoader::checkCerts@34
                      ; - java.lang.ClassLoader::preDefineClass@113
                      ; - java.lang.ClassLoader::defineClass@4
  0x00000275ae62af94: 688a 76ff 

  0x00000275ae62af98: ;   {other}
  0x00000275ae62af98: 0f1f 8400 | 886d 00c9 | ba97 ffff | ff8b 6c24 | 4466 6690 

  0x00000275ae62afac: ;   {runtime_call UncommonTrapBlob}
  0x00000275ae62afac: c5f8 77e8 

  0x00000275ae62afb0: ; ImmutableOopMap {rbp=NarrowOop [32]=Oop [40]=Oop [48]=Oop [72]=Oop }
                      ;*invokevirtual clone {reexecute=1 rethrow=0 return_oop=0}
                      ; - (reexecute) java.util.Arrays::copyOfRange@18
                      ; - java.lang.StringLatin1::newString@16
                      ; - java.lang.String::substring@41
                      ; - java.lang.Class::getPackageName@62
                      ; - java.lang.ClassLoader::postDefineClass@2
                      ; - java.lang.ClassLoader::defineClass@37
  0x00000275ae62afb0: 4c8a 76ff 

  0x00000275ae62afb4: ;   {other}
  0x00000275ae62afb4: 0f1f 8400 | a46d 00ca | baf4 ffff | ff4c 8b54 | 2430 4c89 | 5424 2844 | 8b5c 2438 | 4489 5c24 
  0x00000275ae62afd4: 3044 8b54 | 243c 4489 | 5424 344c | 8b54 2458 | 4c89 5424 | 3866 6690 

  0x00000275ae62afec: ;   {runtime_call UncommonTrapBlob}
  0x00000275ae62afec: c5f8 77e8 

  0x00000275ae62aff0: ; ImmutableOopMap {rbp=Oop [32]=Oop [40]=Oop [56]=Oop [68]=NarrowOop [72]=Oop [80]=Oop [96]=Oop }
                      ;*checkcast {reexecute=0 rethrow=0 return_oop=0}
                      ; - java.security.CodeSource::getCertificates@76
                      ; - java.lang.ClassLoader::checkCerts@34
                      ; - java.lang.ClassLoader::preDefineClass@113
                      ; - java.lang.ClassLoader::defineClass@4
  0x00000275ae62aff0: 0c8a 76ff 

  0x00000275ae62aff4: ;   {other}
  0x00000275ae62aff4: 0f1f 8400 | e46d 00cb | ba97 ffff | ff66 6690 

  0x00000275ae62b004: ;   {runtime_call UncommonTrapBlob}
  0x00000275ae62b004: c5f8 77e8 

  0x00000275ae62b008: ; ImmutableOopMap {[32]=Oop [56]=NarrowOop [120]=Oop }
                      ;*invokevirtual clone {reexecute=1 rethrow=0 return_oop=0}
                      ; - (reexecute) java.security.CodeSource::getCertificates@11
                      ; - java.lang.ClassLoader::postDefineClass@24
                      ; - java.lang.ClassLoader::defineClass@37
  0x00000275ae62b008: f489 76ff 

  0x00000275ae62b00c: ;   {other}
  0x00000275ae62b00c: 0f1f 8400 | fc6d 00cc | baf6 ffff | ff66 6690 

  0x00000275ae62b01c: ;   {runtime_call UncommonTrapBlob}
  0x00000275ae62b01c: c5f8 77e8 

  0x00000275ae62b020: ; ImmutableOopMap {}
                      ;*arraylength {reexecute=0 rethrow=0 return_oop=0}
                      ; - java.lang.String::getBytes@39
                      ; - java.lang.AbstractStringBuilder::putStringAt@15
                      ; - java.lang.AbstractStringBuilder::append@30
                      ; - java.lang.StringBuilder::append@2
                      ; - java.net.URLStreamHandler::toExternalForm@77
                      ; - java.net.URL::toExternalForm@5
                      ; - java.net.URL::toString@1
                      ; - java.lang.ClassLoader::defineClassSourceLocation@22
                      ; - java.lang.ClassLoader::defineClass@12
  0x00000275ae62b020: dc89 76ff 

  0x00000275ae62b024: ;   {other}
  0x00000275ae62b024: 0f1f 8400 | 146e 00cd | baf6 ffff | ff66 6690 

  0x00000275ae62b034: ;   {runtime_call UncommonTrapBlob}
  0x00000275ae62b034: c5f8 77e8 

  0x00000275ae62b038: ; ImmutableOopMap {}
                      ;*arraylength {reexecute=0 rethrow=0 return_oop=0}
                      ; - java.lang.String::getBytes@39
                      ; - java.lang.AbstractStringBuilder::putStringAt@15
                      ; - java.lang.AbstractStringBuilder::append@30
                      ; - java.lang.StringBuilder::append@2
                      ; - java.net.URLStreamHandler::toExternalForm@11
                      ; - java.net.URL::toExternalForm@5
                      ; - java.net.URL::toString@1
                      ; - java.lang.ClassLoader::defineClassSourceLocation@22
                      ; - java.lang.ClassLoader::defineClass@12
  0x00000275ae62b038: c489 76ff 

  0x00000275ae62b03c: ;   {other}
  0x00000275ae62b03c: 0f1f 8400 | 2c6e 00ce | baf4 ffff | ff48 8b6c | 2430 6690 

  0x00000275ae62b050: ;   {runtime_call UncommonTrapBlob}
  0x00000275ae62b050: c5f8 77e8 

  0x00000275ae62b054: ; ImmutableOopMap {rbp=Oop [32]=Oop [56]=NarrowOop }
                      ;*checkcast {reexecute=0 rethrow=0 return_oop=0}
                      ; - java.security.CodeSource::getCertificates@76
                      ; - java.lang.ClassLoader::postDefineClass@24
                      ; - java.lang.ClassLoader::defineClass@37
  0x00000275ae62b054: a889 76ff 

  0x00000275ae62b058: ;   {other}
  0x00000275ae62b058: 0f1f 8400 | 486e 00cf | ba97 ffff | ff44 8b54 | 2444 4489 | 5424 4090 

  0x00000275ae62b070: ;   {runtime_call UncommonTrapBlob}
  0x00000275ae62b070: c5f8 77e8 

  0x00000275ae62b074: ; ImmutableOopMap {rbp=Oop [40]=Oop [48]=Oop [64]=NarrowOop [72]=Oop [88]=NarrowOop [136]=Oop }
                      ;*invokevirtual clone {reexecute=1 rethrow=0 return_oop=0}
                      ; - (reexecute) java.util.Arrays::copyOf@7
                      ; - java.lang.AbstractStringBuilder::ensureCapacityInternal@32
                      ; - java.lang.AbstractStringBuilder::append@7
                      ; - java.lang.StringBuilder::append@2
                      ; - java.net.URLStreamHandler::toExternalForm@16
                      ; - java.net.URL::toExternalForm@5
                      ; - java.net.URL::toString@1
                      ; - java.lang.ClassLoader::defineClassSourceLocation@22
                      ; - java.lang.ClassLoader::defineClass@12
  0x00000275ae62b074: 8889 76ff 

  0x00000275ae62b078: ;   {other}
  0x00000275ae62b078: 0f1f 8400 | 686e 00d0 | ba97 ffff | ff44 8b5c | 2444 4489 | 5c24 4090 

  0x00000275ae62b090: ;   {runtime_call UncommonTrapBlob}
  0x00000275ae62b090: c5f8 77e8 

  0x00000275ae62b094: ; ImmutableOopMap {rbp=Oop [40]=Oop [48]=Oop [64]=NarrowOop [72]=Oop [88]=NarrowOop [136]=Oop }
                      ;*invokevirtual clone {reexecute=1 rethrow=0 return_oop=0}
                      ; - (reexecute) java.util.Arrays::copyOf@7
                      ; - java.lang.AbstractStringBuilder::ensureCapacityInternal@32
                      ; - java.lang.AbstractStringBuilder::append@21
                      ; - java.lang.StringBuilder::append@2
                      ; - java.net.URLStreamHandler::toExternalForm@59
                      ; - java.net.URL::toExternalForm@5
                      ; - java.net.URL::toString@1
                      ; - java.lang.ClassLoader::defineClassSourceLocation@22
                      ; - java.lang.ClassLoader::defineClass@12
  0x00000275ae62b094: 6889 76ff 

  0x00000275ae62b098: ;   {other}
  0x00000275ae62b098: 0f1f 8400 | 886e 00d1 | ba97 ffff | ff48 8b6c | 2428 4c8b | 5424 304c | 8954 2428 | 448b 5424 
  0x00000275ae62b0b8: 3844 8954 | 2430 448b | 5c24 3c44 | 895c 2434 | 4c8b 5424 | 484c 8954 | 2438 448b | 5424 4444 
  0x00000275ae62b0d8: 8954 2440 | 4c8b 5424 | 584c 8954 | 2450 6690 

  0x00000275ae62b0e8: ;   {runtime_call UncommonTrapBlob}
  0x00000275ae62b0e8: c5f8 77e8 

  0x00000275ae62b0ec: ; ImmutableOopMap {rbp=Oop [32]=Oop [40]=Oop [56]=Oop [64]=NarrowOop [80]=Oop [88]=Oop [112]=NarrowOop [116]=NarrowOop }
                      ;*invokevirtual clone {reexecute=1 rethrow=0 return_oop=0}
                      ; - (reexecute) java.util.Arrays::copyOf@7
                      ; - java.lang.AbstractStringBuilder::ensureCapacityInternal@32
                      ; - java.lang.AbstractStringBuilder::append@21
                      ; - java.lang.StringBuilder::append@2
                      ; - java.net.URLStreamHandler::toExternalForm@77
                      ; - java.net.URL::toExternalForm@5
                      ; - java.net.URL::toString@1
                      ; - java.lang.ClassLoader::defineClassSourceLocation@22
                      ; - java.lang.ClassLoader::defineClass@12
  0x00000275ae62b0ec: 1089 76ff 

  0x00000275ae62b0f0: ;   {other}
  0x00000275ae62b0f0: 0f1f 8400 | e06e 00d2 | ba97 ffff | ff48 8b6c | 2428 4c8b | 5424 304c | 8954 2428 | 448b 5424 
  0x00000275ae62b110: 3844 8954 | 2430 448b | 5c24 3c44 | 895c 2434 | 4c8b 5424 | 484c 8954 | 2438 448b | 5424 4444 
  0x00000275ae62b130: 8954 2440 | 4c8b 5424 | 584c 8954 | 2450 6690 

  0x00000275ae62b140: ;   {runtime_call UncommonTrapBlob}
  0x00000275ae62b140: c5f8 77e8 

  0x00000275ae62b144: ; ImmutableOopMap {rbp=Oop [32]=Oop [40]=Oop [56]=Oop [64]=NarrowOop [80]=Oop [88]=Oop [96]=NarrowOop }
                      ;*invokevirtual clone {reexecute=1 rethrow=0 return_oop=0}
                      ; - (reexecute) java.util.Arrays::copyOf@7
                      ; - java.lang.AbstractStringBuilder::ensureCapacityInternal@32
                      ; - java.lang.AbstractStringBuilder::append@21
                      ; - java.lang.StringBuilder::append@2
                      ; - java.net.URLStreamHandler::toExternalForm@113
                      ; - java.net.URL::toExternalForm@5
                      ; - java.net.URL::toString@1
                      ; - java.lang.ClassLoader::defineClassSourceLocation@22
                      ; - java.lang.ClassLoader::defineClass@12
  0x00000275ae62b144: b888 76ff 

  0x00000275ae62b148: ;   {other}
  0x00000275ae62b148: 0f1f 8400 | 386f 00d3 | ba97 ffff | ff48 8b6c | 2428 4c8b | 5424 304c | 8954 2428 | 448b 5c24 
  0x00000275ae62b168: 3844 895c | 2430 448b | 5424 3c44 | 8954 2434 | 4c8b 5424 | 484c 8954 | 2438 6690 

  0x00000275ae62b184: ;   {runtime_call UncommonTrapBlob}
  0x00000275ae62b184: c5f8 77e8 

  0x00000275ae62b188: ; ImmutableOopMap {rbp=Oop [32]=Oop [40]=Oop [56]=Oop [68]=NarrowOop [80]=Oop }
                      ;*invokevirtual clone {reexecute=1 rethrow=0 return_oop=0}
                      ; - (reexecute) java.util.Arrays::copyOf@7
                      ; - java.lang.AbstractStringBuilder::ensureCapacityInternal@32
                      ; - java.lang.AbstractStringBuilder::append@21
                      ; - java.lang.StringBuilder::append@2
                      ; - java.net.URLStreamHandler::toExternalForm@149
                      ; - java.net.URL::toExternalForm@5
                      ; - java.net.URL::toString@1
                      ; - java.lang.ClassLoader::defineClassSourceLocation@22
                      ; - java.lang.ClassLoader::defineClass@12
  0x00000275ae62b188: 7488 76ff 

  0x00000275ae62b18c: ;   {other}
  0x00000275ae62b18c: 0f1f 8400 | 7c6f 00d4 | ba97 ffff | ff44 8b5c | 2444 4489 | 5c24 4044 | 8b54 2468 | 4489 5424 
  0x00000275ae62b1ac: 4444 8b5c | 246c 4489 | 5c24 5890 

  0x00000275ae62b1b8: ;   {runtime_call UncommonTrapBlob}
  0x00000275ae62b1b8: c5f8 77e8 

  0x00000275ae62b1bc: ; ImmutableOopMap {rbp=Oop [40]=Oop [48]=Oop [64]=NarrowOop [68]=NarrowOop [72]=Oop [96]=Oop [136]=Oop }
                      ;*invokevirtual clone {reexecute=1 rethrow=0 return_oop=0}
                      ; - (reexecute) java.util.Arrays::copyOf@7
                      ; - java.lang.AbstractStringBuilder::ensureCapacityInternal@32
                      ; - java.lang.AbstractStringBuilder::append@21
                      ; - java.lang.StringBuilder::append@2
                      ; - java.net.URLStreamHandler::toExternalForm@11
                      ; - java.net.URL::toExternalForm@5
                      ; - java.net.URL::toString@1
                      ; - java.lang.ClassLoader::defineClassSourceLocation@22
                      ; - java.lang.ClassLoader::defineClass@12
  0x00000275ae62b1bc: 4088 76ff 

  0x00000275ae62b1c0: ;   {other}
  0x00000275ae62b1c0: 0f1f 8400 | b06f 00d5 | ba97 ffff | ff4c 8b54 | 2458 4c89 | 5424 4090 

  0x00000275ae62b1d8: ;   {runtime_call UncommonTrapBlob}
  0x00000275ae62b1d8: c5f8 77e8 

  0x00000275ae62b1dc: ; ImmutableOopMap {rbp=Oop [32]=Oop [40]=Oop [48]=Oop [64]=Oop [72]=Oop [80]=Oop [96]=Oop }
                      ;*invokevirtual clone {reexecute=1 rethrow=0 return_oop=0}
                      ; - (reexecute) java.security.CodeSource::getCertificates@86
                      ; - java.lang.ClassLoader::checkCerts@34
                      ; - java.lang.ClassLoader::preDefineClass@113
                      ; - java.lang.ClassLoader::defineClass@4
  0x00000275ae62b1dc: 2088 76ff 

  0x00000275ae62b1e0: ;   {other}
  0x00000275ae62b1e0: 0f1f 8400 | d06f 00d6 | ba97 ffff | ff48 8b6c | 2430 6690 

  0x00000275ae62b1f4: ;   {runtime_call UncommonTrapBlob}
  0x00000275ae62b1f4: c5f8 77e8 

  0x00000275ae62b1f8: ; ImmutableOopMap {rbp=Oop [32]=Oop [64]=Oop }
                      ;*invokevirtual clone {reexecute=1 rethrow=0 return_oop=0}
                      ; - (reexecute) java.security.CodeSource::getCertificates@86
                      ; - java.lang.ClassLoader::postDefineClass@24
                      ; - java.lang.ClassLoader::defineClass@37
  0x00000275ae62b1f8: 0488 76ff 

  0x00000275ae62b1fc: ;   {other}
  0x00000275ae62b1fc: 0f1f 8400 | ec6f 00d7 | eb7a eb78 | eb76 eb74 | eb72 eb70 | eb6e eb6c | eb6a eb68 | eb66 eb64 
  0x00000275ae62b21c: eb62 eb60 | eb5e eb5c | eb5a eb58 | eb56 eb54 | eb52 eb50 | eb4e eb4c | eb4a eb48 | eb46 eb44 
  0x00000275ae62b23c: eb42 eb40 | eb3e eb3c | eb3a eb38 | eb36 eb34 | eb32 eb30 | eb2e eb2c | eb2a eb28 | eb26 eb24 
  0x00000275ae62b25c: eb22 eb20 | eb1e eb1c | eb1a eb18 | eb16 eb14 | eb12 eb10 | eb0e eb0c | eb0a eb08 | eb06 eb04 
  0x00000275ae62b27c: eb02 eb00 | 488b d0e9 | 19ab ffff 

  0x00000275ae62b288: ;   {internal_word}
  0x00000275ae62b288: 49ba 715e | 62ae 7502 | 0000 4d89 | 9768 0400 

  0x00000275ae62b298: ;   {runtime_call SafepointBlob}
  0x00000275ae62b298: 00e9 6298 

  0x00000275ae62b29c: ;   {runtime_call StubRoutines (final stubs)}
  0x00000275ae62b29c: 76ff e83d | d774 ffe9 | 7697 ffff 
[Stub Code]
  0x00000275ae62b2a8: ;   {no_reloc}
  0x00000275ae62b2a8: 48bb 0000 | 0000 0000 

  0x00000275ae62b2b0: ;   {runtime_call nmethod}
  0x00000275ae62b2b0: 0000 e9fb 

  0x00000275ae62b2b4: ;   {static_stub}
  0x00000275ae62b2b4: ffff ff48 | bb00 0000 | 0000 0000 

  0x00000275ae62b2c0: ;   {runtime_call nmethod}
  0x00000275ae62b2c0: 00e9 fbff 

  0x00000275ae62b2c4: ;   {static_stub}
  0x00000275ae62b2c4: ffff 48bb | 0000 0000 | 0000 0000 

  0x00000275ae62b2d0: ;   {runtime_call nmethod}
  0x00000275ae62b2d0: e9fb ffff 

  0x00000275ae62b2d4: ;   {static_stub}
  0x00000275ae62b2d4: ff48 bb00 | 0000 0000 

  0x00000275ae62b2dc: ;   {runtime_call nmethod}
  0x00000275ae62b2dc: 0000 00e9 | fbff ffff 

  0x00000275ae62b2e4: ;   {static_stub}
  0x00000275ae62b2e4: 48bb 0000 | 0000 0000 

  0x00000275ae62b2ec: ;   {runtime_call nmethod}
  0x00000275ae62b2ec: 0000 e9fb 

  0x00000275ae62b2f0: ;   {static_stub}
  0x00000275ae62b2f0: ffff ff48 | bb00 0000 | 0000 0000 

  0x00000275ae62b2fc: ;   {runtime_call nmethod}
  0x00000275ae62b2fc: 00e9 fbff 

  0x00000275ae62b300: ;   {static_stub}
  0x00000275ae62b300: ffff 48bb | 0000 0000 | 0000 0000 

  0x00000275ae62b30c: ;   {runtime_call nmethod}
  0x00000275ae62b30c: e9fb ffff 

  0x00000275ae62b310: ;   {static_stub}
  0x00000275ae62b310: ff48 bb00 | 0000 0000 

  0x00000275ae62b318: ;   {runtime_call nmethod}
  0x00000275ae62b318: 0000 00e9 | fbff ffff 

  0x00000275ae62b320: ;   {static_stub}
  0x00000275ae62b320: 48bb 0000 | 0000 0000 

  0x00000275ae62b328: ;   {runtime_call nmethod}
  0x00000275ae62b328: 0000 e9fb 

  0x00000275ae62b32c: ;   {static_stub}
  0x00000275ae62b32c: ffff ff48 | bb00 0000 | 0000 0000 

  0x00000275ae62b338: ;   {runtime_call nmethod}
  0x00000275ae62b338: 00e9 fbff 

  0x00000275ae62b33c: ;   {static_stub}
  0x00000275ae62b33c: ffff 48bb | 0000 0000 | 0000 0000 

  0x00000275ae62b348: ;   {runtime_call nmethod}
  0x00000275ae62b348: e9fb ffff 

  0x00000275ae62b34c: ;   {static_stub}
  0x00000275ae62b34c: ff48 bb00 | 0000 0000 

  0x00000275ae62b354: ;   {runtime_call nmethod}
  0x00000275ae62b354: 0000 00e9 | fbff ffff 

  0x00000275ae62b35c: ;   {static_stub}
  0x00000275ae62b35c: 48bb 0000 | 0000 0000 

  0x00000275ae62b364: ;   {runtime_call nmethod}
  0x00000275ae62b364: 0000 e9fb 

  0x00000275ae62b368: ;   {static_stub}
  0x00000275ae62b368: ffff ff48 | bb00 0000 | 0000 0000 

  0x00000275ae62b374: ;   {runtime_call nmethod}
  0x00000275ae62b374: 00e9 fbff 

  0x00000275ae62b378: ;   {static_stub}
  0x00000275ae62b378: ffff 48bb | 0000 0000 | 0000 0000 

  0x00000275ae62b384: ;   {runtime_call nmethod}
  0x00000275ae62b384: e9fb ffff 

  0x00000275ae62b388: ;   {static_stub}
  0x00000275ae62b388: ff48 bb00 | 0000 0000 

  0x00000275ae62b390: ;   {runtime_call nmethod}
  0x00000275ae62b390: 0000 00e9 | fbff ffff 

  0x00000275ae62b398: ;   {static_stub}
  0x00000275ae62b398: 48bb 0000 | 0000 0000 

  0x00000275ae62b3a0: ;   {runtime_call nmethod}
  0x00000275ae62b3a0: 0000 e9fb 

  0x00000275ae62b3a4: ;   {static_stub}
  0x00000275ae62b3a4: ffff ff48 | bb00 0000 | 0000 0000 

  0x00000275ae62b3b0: ;   {runtime_call nmethod}
  0x00000275ae62b3b0: 00e9 fbff 

  0x00000275ae62b3b4: ;   {static_stub}
  0x00000275ae62b3b4: ffff 48bb | 0000 0000 | 0000 0000 

  0x00000275ae62b3c0: ;   {runtime_call nmethod}
  0x00000275ae62b3c0: e9fb ffff 

  0x00000275ae62b3c4: ;   {static_stub}
  0x00000275ae62b3c4: ff48 bb00 | 0000 0000 

  0x00000275ae62b3cc: ;   {runtime_call nmethod}
  0x00000275ae62b3cc: 0000 00e9 | fbff ffff 

  0x00000275ae62b3d4: ;   {static_stub}
  0x00000275ae62b3d4: 48bb 0000 | 0000 0000 

  0x00000275ae62b3dc: ;   {runtime_call nmethod}
  0x00000275ae62b3dc: 0000 e9fb 

  0x00000275ae62b3e0: ;   {static_stub}
  0x00000275ae62b3e0: ffff ff48 | bb00 0000 | 0000 0000 

  0x00000275ae62b3ec: ;   {runtime_call nmethod}
  0x00000275ae62b3ec: 00e9 fbff 

  0x00000275ae62b3f0: ;   {static_stub}
  0x00000275ae62b3f0: ffff 48bb | 0000 0000 | 0000 0000 

  0x00000275ae62b3fc: ;   {runtime_call nmethod}
  0x00000275ae62b3fc: e9fb ffff 

  0x00000275ae62b400: ;   {static_stub}
  0x00000275ae62b400: ff48 bb00 | 0000 0000 

  0x00000275ae62b408: ;   {runtime_call nmethod}
  0x00000275ae62b408: 0000 00e9 | fbff ffff 

  0x00000275ae62b410: ;   {static_stub}
  0x00000275ae62b410: 48bb 0000 | 0000 0000 

  0x00000275ae62b418: ;   {runtime_call nmethod}
  0x00000275ae62b418: 0000 e9fb 

  0x00000275ae62b41c: ;   {static_stub}
  0x00000275ae62b41c: ffff ff48 | bb00 0000 | 0000 0000 

  0x00000275ae62b428: ;   {runtime_call nmethod}
  0x00000275ae62b428: 00e9 fbff 

  0x00000275ae62b42c: ;   {static_stub}
  0x00000275ae62b42c: ffff 48bb | 0000 0000 | 0000 0000 

  0x00000275ae62b438: ;   {runtime_call nmethod}
  0x00000275ae62b438: e9fb ffff 

  0x00000275ae62b43c: ;   {static_stub}
  0x00000275ae62b43c: ff48 bb00 | 0000 0000 

  0x00000275ae62b444: ;   {runtime_call nmethod}
  0x00000275ae62b444: 0000 00e9 | fbff ffff 

  0x00000275ae62b44c: ;   {static_stub}
  0x00000275ae62b44c: 48bb 0000 | 0000 0000 

  0x00000275ae62b454: ;   {runtime_call nmethod}
  0x00000275ae62b454: 0000 e9fb 

  0x00000275ae62b458: ;   {runtime_call ExceptionBlob}
  0x00000275ae62b458: ffff ffe9 | a047 78ff 
[Deopt Handler Code]
  0x00000275ae62b460: e800 0000 | 0048 832c 

  0x00000275ae62b468: ;   {runtime_call DeoptimizationBlob}
  0x00000275ae62b468: 2405 e931 | 8976 fff4 
[/MachCode]


Compiled method (c2) 67756 9710       4       java.net.URLClassLoader$1::run (5 bytes)
 total in heap  [0x00000275ae8f2c10,0x00000275ae902c60] = 65616
 relocation     [0x00000275ae8f2d70,0x00000275ae8f3738] = 2504
 main code      [0x00000275ae8f3740,0x00000275ae8fcdb8] = 38520
 stub code      [0x00000275ae8fcdb8,0x00000275ae8fd070] = 696
 oops           [0x00000275ae8fd070,0x00000275ae8fd0e0] = 112
 metadata       [0x00000275ae8fd0e0,0x00000275ae8fd778] = 1688
 scopes data    [0x00000275ae8fd778,0x00000275ae900c70] = 13560
 scopes pcs     [0x00000275ae900c70,0x00000275ae901e30] = 4544
 dependencies   [0x00000275ae901e30,0x00000275ae902060] = 560
 handler table  [0x00000275ae902060,0x00000275ae902b10] = 2736
 nul chk table  [0x00000275ae902b10,0x00000275ae902c60] = 336

[Constant Pool (empty)]

[MachCode]
[Entry Point]
  # {method} {0x00000275802a1830} 'run' '()Ljava/lang/Object;' in 'java/net/URLClassLoader$1'
  #           [sp+0x140]  (sp of caller)
  0x00000275ae8f3740: 448b 5208 | 49bb 0000 | 00bb 7502 | 0000 4d03 | d349 3bc2 

  0x00000275ae8f3754: ;   {runtime_call ic_miss_stub}
  0x00000275ae8f3754: 0f85 26ad | 49ff 6690 | 0f1f 4000 
[Verified Entry Point]
  0x00000275ae8f3760: 8984 2400 | 80ff ff55 | 4881 ec30 | 0100 0090 | 4181 7f20 | 0400 0000 | 0f85 2a96 | 0000 4889 
  0x00000275ae8f3780: 5424 4844 | 8b42 0c45 | 0fbe 5810 | 4585 db0f | 85df 6200 | 0041 8b78 | 148b 5f0c | 498b f04d 
  0x00000275ae8f37a0: 8b97 8803 | 0000 4d8b | 124c 8954 | 2430 85db | 0f86 7c00 | 0000 448d | 5bff 443b | db0f 83b9 
  0x00000275ae8f37c0: 5600 008d | 53fd 807f | 102e 0f84 | d42c 0000 | 83fa 010f | 8ebf 5c00 | 00b9 0100 | 0000 6690 
  0x00000275ae8f37e0: 4863 c144 | 0fbe 5407 | 1041 83fa | 2e74 5b44 | 0fbe 4c07 | 1141 83f9 | 2e74 4844 | 0fbe 5407 
  0x00000275ae8f3800: 1241 83fa | 2e74 4044 | 0fbe 5407 | 1341 83fa | 2e74 2d83 | c104 3bca | 7cc6 3bcb | 7d14 6690 
  0x00000275ae8f3820: 440f be54 | 0f10 4183 | fa2e 741e | ffc1 3bcb | 7cee 4c8b | d748 8bc6 | 498b eae9 | 6102 0000 
  0x00000275ae8f3840: 83c1 02ff | c1eb 0383 | c102 3bcb | 7de4 81fb 

  0x00000275ae8f3850: ;   {no_reloc}
  0x00000275ae8f3850: 0000 1000 | 0f87 5b4a | 0000 498b | afb8 0100 | 004c 63d3 | 4983 c217 | 4983 e2f8 | 4c8b cd4d 
  0x00000275ae8f3870: 03ca 4d3b | 8fc8 0100 | 000f 8336 | 4a00 004d | 898f b801 | 0000 410f | 0d89 0001 | 0000 48c7 
  0x00000275ae8f3890: 4500 0100 | 0000 410f | 0d89 4001 

  0x00000275ae8f389c: ;   {metadata({type array byte})}
  0x00000275ae8f389c: 0000 c745 | 0818 2300 | 0089 5d0c | 410f 0d89 | 8001 0000 | 85c9 0f8e | 7800 0000 | 448d 49ff 
  0x00000275ae8f38bc: 443b cb0f | 835f 5c00 | 0085 db0f | 8657 5c00 | 0044 0fbe | 5710 4488 | 5510 4183 | f901 0f8e 
  0x00000275ae8f38dc: 6c5c 0000 | b801 0000 | 0044 8bf7 | 458b eb0f | 1f44 0000 | 4863 f845 | 0fbe 5c3e | 1044 885c 
  0x00000275ae8f38fc: 3d10 450f | be54 3e11 | 4488 543d | 1183 c002 | 413b c17c | df41 8bfe | 458b dd3b | c17d 1590 
  0x00000275ae8f391c: 4c63 c846 | 0fbe 540f | 1046 8854 | 0d10 ffc0 | 3bc1 7cec | 3bcb 0f8d | 2201 0000 | 3bcb 0f83 
  0x00000275ae8f393c: 625b 0000 | 443b db0f | 8359 5b00 | 0044 3bdb | 0f83 505b | 0000 448d | 5101 4c63 | d946 0fbe 
  0x00000275ae8f395c: 441f 1041 | 83f8 2e0f | 8441 2a00 | 0046 8844 | 1d10 448d | 5901 453b | da7d 0541 | 8bcb ebda 
  0x00000275ae8f397c: 443b da0f | 8db0 0000 | 00ff c1eb | 1741 ba2f | 0000 0090 | 4688 5405 | 1383 c104 | 3bca 0f8d 
  0x00000275ae8f399c: ;   {no_reloc}
  0x00000275ae8f399c: 9800 0000 | 4c63 c146 | 0fbe 5c07 | 1041 83fb | 2e74 3d46 | 885c 0510 | 460f be54 | 0711 4183 
  0x00000275ae8f39bc: fa2e 7434 | 4688 5405 | 1146 0fbe | 5c07 1241 | 83fb 2e74 | 1346 885c | 0512 460f | be54 0713 
  0x00000275ae8f39dc: 4183 fa2e | 75ae eba5 | 41bb 2f00 | 0000 ebe5 | 41bb 2f00 | 0000 ebbb | 41ba 2f00 | 0000 ebc4 
  0x00000275ae8f39fc: 8bef eb03 | 8d6f ff89 | 6c24 68e9 | 3505 0000 | 43c6 4410 | 102e 43c6 | 4410 1163 | 43c6 4410 
  0x00000275ae8f3a1c: 126c 43c6 | 4410 1361 | 43c6 4410 | 1473 43c6 | 4410 1573 | e9fd 0100 | 0041 8bcb | 3bcb 7d1e 
  0x00000275ae8f3a3c: 4c63 d146 | 0fbe 5c17 | 1041 83fb | 2e0f 845c | 2a00 0046 | 885c 1510 | ffc1 3bcb | 7ce2 498b 
  0x00000275ae8f3a5c: 87b8 0100 | 004c 8bd0 | 4983 c218 | 4d3b 97c8 | 0100 000f | 83c4 4800 | 004d 8997 | b801 0000 
  0x00000275ae8f3a7c: 410f 0d8a | 0001 0000 | 48c7 0001 

  0x00000275ae8f3a88: ;   {metadata('java/lang/String')}
  0x00000275ae8f3a88: 0000 00c7 | 4008 78e8 | 0000 4489 | 600c 4c89 | 6010 4c8b | dd44 8958 | 1444 8b55 

  0x00000275ae8f3aa4: ;   {oop([B{0x00000000805ec220})}
  0x00000275ae8f3aa4: 0c49 bb20 | c25e 8000 

  0x00000275ae8f3aac: ;   {oop([B{0x00000000805ec220})}
  0x00000275ae8f3aac: 0000 0049 | b820 c25e | 8000 0000 | 0049 83c0 

  0x00000275ae8f3abc: ;   {oop([B{0x00000000805ec240})}
  0x00000275ae8f3abc: 1049 bb40 | c25e 8000 

  0x00000275ae8f3ac4: ;   {oop([B{0x00000000805ec240})}
  0x00000275ae8f3ac4: 0000 0049 | b940 c25e | 8000 0000 | 0049 83c1 

  0x00000275ae8f3ad4: ;   {oop([B{0x0000000080334c70})}
  0x00000275ae8f3ad4: 1049 bb70 | 4c33 8000 

  0x00000275ae8f3adc: ;   {oop([B{0x0000000080334c70})}
  0x00000275ae8f3adc: 0000 0048 | bb70 4c33 | 8000 0000 | 0048 83c3 | 1045 85d2 | 0f86 4328 | 0000 440f | be58 10c4 
  0x00000275ae8f3afc: 4222 f7d2 | 4963 d241 | 83fb 010f | 84a4 4300 | 0045 85d2 | 0f8c 4665 | 0000 488d | 7a06 8bef 
  0x00000275ae8f3b1c: 85ed 0f8c | 5c65 0000 | 4889 5424 | 5844 8954 | 2450 4889 | 5c24 404c | 894c 2438 | 4c89 4424 
  0x00000275ae8f3b3c: 2848 8944 | 2420 4c8b | d749 c1fa | 2045 8bda | 450f bed3 | c4e2 29f7 | ed85 ed0f | 8c3f 6500 
  0x00000275ae8f3b5c: 0081 fd00 | 0010 000f | 875f 5900 | 004c 63d5 | 81fd 0000 | 1000 0f87 | f547 0000 | 896c 2454 
  0x00000275ae8f3b7c: 498b 87b8 | 0100 0049 | 83c2 1749 | 83e2 f84c | 8bd8 4d03 | da4d 3b9f | c801 0000 | 0f83 d347 
  0x00000275ae8f3b9c: 0000 4d89 | 9fb8 0100 | 0041 0f0d | 8b00 0100 | 0048 c700 | 0100 0000 | 410f 0d8b | 4001 0000 
  0x00000275ae8f3bbc: ;   {metadata({type array byte})}
  0x00000275ae8f3bbc: c740 0818 | 2300 0089 | 680c 410f | 0d8b 8001 | 0000 4c8b | c048 8b5c | 2458 49ba | 0000 0000 
  0x00000275ae8f3bdc: 0100 0000 | 493b da0f | 8dbc 3700 | 0044 8b54 | 2450 4183 | c206 413b | ea0f 82d5 | 5800 004c 
  0x00000275ae8f3bfc: 6354 2450 | 448b 5c24 | 5045 85db | 0f8e fefd | ffff 43c6 | 4410 1573 | 43c6 4410 | 1473 43c6 
  0x00000275ae8f3c1c: 4410 1361 | 43c6 4410 | 126c 43c6 | 4410 1163 | 43c6 4410 | 102e 488b | 5424 208b | 4a14 448b 
  0x00000275ae8f3c3c: 490c 440f | be5a 10c4 | 4222 f7d1 | 4d63 d249 | 2bda 8bfb | 49ba 0000 | 0000 0100 | 0000 493b 
  0x00000275ae8f3c5c: da0f 8dac | 3700 004c | 8bd1 488d | 7110 4585 | db0f 85a2 | 4700 0085 | ff0f 8c75 | 5800 0046 
  0x00000275ae8f3c7c: 8d1c 0f41 | 3beb 0f82 | 6858 0000 | 4585 c976 | 2f49 8d54 | 3810 448b | ef49 8bf8 | 4d63 c148 
  0x00000275ae8f3c9c: 8bce c5f8 | 7749 baa0 | 6ed7 ad75 | 0200 0041 

  0x00000275ae8f3cac: ;   {other}
  0x00000275ae8f3cac: ffd2 0f1f | 8400 0000 | 0000 4c8b | c741 8bfd | 4d8b d044 | 8954 2468 | 4885 db0f | 8550 3a00 
  0x00000275ae8f3ccc: 0049 8b87 | b801 0000 | 4c8b d049 | 83c2 184d | 3b97 c801 | 0000 0f83 | e146 0000 | 4d89 97b8 
  0x00000275ae8f3cec: 0100 0041 | 0f0d 8a00 | 0100 0048 | c700 0100 

  0x00000275ae8f3cfc: ;   {metadata('java/lang/String')}
  0x00000275ae8f3cfc: 0000 c740 | 0878 e800 | 0044 8960 | 0c4c 8960 | 1044 8b54 | 2468 4489 | 5014 4c8b | 4424 284c 
  0x00000275ae8f3d1c: 8b4c 2438 | 488b 5c24 | 404c 8b54 | 2448 458b | 5210 458b | 5a54 4585 | db0f 8425 | 5100 0048 
  0x00000275ae8f3d3c: 895c 2438 | 4c89 4c24 | 284c 8944 | 2420 498b | d34c 8bc0 

  0x00000275ae8f3d50: ;   {oop([B{0x0000000080334c70})}
  0x00000275ae8f3d50: 4533 c948 | bd70 4c33 | 8000 0000 

  0x00000275ae8f3d5c: ;   {oop([B{0x00000000805ec220})}
  0x00000275ae8f3d5c: 0049 ba20 | c25e 8000 | 0000 004c | 8954 2440 

  0x00000275ae8f3d6c: ;   {oop([B{0x00000000805ec240})}
  0x00000275ae8f3d6c: 49ba 40c2 | 5e80 0000 | 0000 4c89 | 5424 5090 

  0x00000275ae8f3d7c: ;   {optimized virtual_call}
  0x00000275ae8f3d7c: c5f8 77e8 

  0x00000275ae8f3d80: ; ImmutableOopMap {rbp=Oop [56]=Derived_oop_rbp [48]=Oop [64]=Oop [32]=Derived_oop_[64] [72]=Oop [80]=Oop [40]=Derived_oop_[80] }
                      ;*invokevirtual getResource {reexecute=0 rethrow=0 return_oop=1}
                      ; - java.net.URLClassLoader$1::run@26
                      ; - java.net.URLClassLoader$1::run@1
  0x00000275ae8f3d80: bcac c3ff 

  0x00000275ae8f3d84: ;   {other}
  0x00000275ae8f3d84: 0f1f 8400 | 7411 0000 | 4885 c00f | 8444 2a00 | 004c 8b5c | 2448 458b | 4b10 458b | 530c 4585 
  0x00000275ae8f3da4: c90f 844d | 5100 0044 | 8954 2454 | 4489 4c24 | 5048 8944 | 2448 4c89 | 5c24 40c5 | f877 49ba 
  0x00000275ae8f3dc4: d030 d926 | f87f 0000 

  0x00000275ae8f3dcc: ;   {other}
  0x00000275ae8f3dcc: 41ff d20f | 1f84 0000 | 0000 0048 | 8944 2458 | 448b 5424 | 5441 8b6a | 1444 8b5d | 0c44 895c 
  0x00000275ae8f3dec: 2464 896c | 2460 450f | be42 10c4 | 623a f754 | 2464 418b | ca41 ffca | 4585 c00f | 85c7 5d00 
  0x00000275ae8f3e0c: 0044 8b5c | 2464 41ff | cb45 3bda | 450f 4fda | 418b fb45 | 85db 0f8c | aa34 0000 | 8b6c 2464 
  0x00000275ae8f3e2c: 85ed 0f86 | 3c52 0000 | 443b dd0f | 8333 5200 | 0045 85db | 0f8e 8655 | 0000 41ff | cb41 b82d 
  0x00000275ae8f3e4c: 0000 0041 | ba06 0000 | 0045 33c9 | 4489 8424 | f000 0000 | 4489 9424 | f400 0000 | 4c89 8c24 
  0x00000275ae8f3e6c: e800 0000 | 8b6c 2460 | 440f be44 | 3d10 4183 | f82e 0f84 | 5b33 0000 | 448d 57ff | 418b fa45 
  0x00000275ae8f3e8c: 3bd3 7fe0 | 4183 fa02 | 7e6e 418b | fa0f 1f80 | 0000 0000 | 4c63 df8b | 6c24 6046 | 0fbe 541d 
  0x00000275ae8f3eac: 1041 83fa | 2e0f 8445 | fbff ff46 | 0fbe 5c1d | 0f41 83fb | 2e0f 8439 | fbff ff8d | 6ffe 448b 
  0x00000275ae8f3ecc: ;   {no_reloc}
  0x00000275ae8f3ecc: 5424 6045 | 0fbe 542a | 1041 83fa | 2e0f 8424 | fbff ff8d | 6ffd 448b | 5c24 6045 | 0fbe 5c2b 
  0x00000275ae8f3eec: 1041 83fb | 2e0f 840c | fbff ff44 | 8d57 fc41 | 8bfa 4183 | fa02 7f9c | 83ff ff7e | 2f44 8bd7 
  0x00000275ae8f3f0c: 4489 5424 | 6866 6690 | 8b6c 2460 | 448b 5424 | 6846 0fbe | 5415 1041 | 83fa 2e74 | 188b 6c24 
  0x00000275ae8f3f2c: 68ff cd89 | 6c24 6883 | fdff 7fdc | bdff ffff | ff89 6c24 | 684c 8b54 | 2448 458b 

  0x00000275ae8f3f48: ;   {metadata('jdk/internal/loader/URLClassPath$JarLoader$2')}
  0x00000275ae8f3f48: 5a08 4181 | fb30 2421 | 000f 854d | 5100 004c | 8954 2470 | 458b 5220 

  0x00000275ae8f3f60: ; implicit exception: dispatches to 0x00000275ae8fb77c
  0x00000275ae8f3f60: 458b 5a1c | 4489 5c24 | 6c8b 6c24 | 6883 fdff | 0f84 de5d | 0000 85ed | 0f8c 9a5c | 0000 3be9 
  0x00000275ae8f3f80: 0f8f fa5d | 0000 448b | 5c24 504d | 8bd3 4c89 | 5424 7844 | 8b54 2454 | 4c89 9424 | 8000 0000 
  0x00000275ae8f3fa0: 3be9 0f84 | 2428 0000 | 85ed 0f84 | d93e 0000 | 498b afb8 | 0100 004c | 8bd5 4983 | c218 4d3b 
  0x00000275ae8f3fc0: 97c8 0100 | 000f 8300 | 4200 004d | 8997 b801 | 0000 410f | 0d8a 0001 | 0000 48c7 | 4500 0100 
  0x00000275ae8f3fe0: ;   {metadata('java/lang/String')}
  0x00000275ae8f3fe0: 0000 c745 | 0878 e800 | 0044 8965 | 0c4c 8965 | 1048 89ac | 2488 0000 | 008b 6c24 | 6048 89ac 
  0x00000275ae8f4000: 24c8 0000 | 008b 6c24 | 6048 8d6d | 1048 89ac | 2490 0000 | 008b 6c24 | 683b 6c24 | 640f 85b3 
  0x00000275ae8f4020: 0000 0048 | 636c 2464 | 4889 ac24 | 9800 0000 | 8b6c 2464 | 81fd 0000 | 1000 0f87 | 9047 0000 
  0x00000275ae8f4040: 498b 9fb8 | 0100 004c | 8b9c 2498 | 0000 0049 | 83c3 1749 | 83e3 f84c | 8bd3 4d03 | d34d 3b97 
  0x00000275ae8f4060: c801 0000 | 0f83 6647 | 0000 4d89 | 97b8 0100 | 0041 0f0d | 8a00 0100 | 0048 c703 | 0100 0000 
  0x00000275ae8f4080: 410f 0d8a | 4001 0000 

  0x00000275ae8f4088: ;   {metadata({type array byte})}
  0x00000275ae8f4088: c743 0818 | 2300 0089 | 6b0c 410f | 0d8a 8001 | 0000 488b | d348 83c2 | 104c 8b84 | 2498 0000 
  0x00000275ae8f40a8: 0049 83c0 | 0749 c1e8 | 0348 8b8c | 2490 0000 | 00c5 f877 | 49ba 6074 | d7ad 7502 | 0000 41ff 
  0x00000275ae8f40c8: ;   {other}
  0x00000275ae8f40c8: d20f 1f84 | 0000 0000 | 00e9 1f01 | 0000 81fd | 0000 1000 | 0f87 b054 | 0000 4c63 | 5c24 688b 
  0x00000275ae8f40e8: 6c24 643b | 6c24 688b | 6c24 6844 | 8b54 2464 | 440f 4fd5 | 4489 9424 | a800 0000 | 8b6c 2464 
  0x00000275ae8f4108: 413b ea0f | 82fa 5400 | 008b 6c24 | 6841 3bea | 0f82 ed54 | 0000 4983 | c317 4c89 | 5c24 6049 
  0x00000275ae8f4128: 8beb 4883 | e5f8 4889 | ac24 9800 | 0000 8b6c | 2468 81fd | 0000 1000 | 0f87 a543 | 0000 498b 
  0x00000275ae8f4148: 9fb8 0100 | 004c 8bd3 | 488b ac24 | 9800 0000 | 4c03 d54d | 3b97 c801 | 0000 0f83 | 8343 0000 
  0x00000275ae8f4168: 4d89 97b8 | 0100 0041 | 0f0d 8a00 | 0100 0048 | c703 0100 | 0000 410f | 0d8a 4001 

  0x00000275ae8f4184: ;   {metadata({type array byte})}
  0x00000275ae8f4184: 0000 c743 | 0818 2300 | 008b 6c24 | 6889 6b0c | 410f 0d8a | 8001 0000 | 488b d348 | 83c2 104c 
  0x00000275ae8f41a4: 8b54 2460 | 49c1 ea03 | 8bac 24a8 | 0000 0085 | ed0f 84e4 | 5300 003b | 6c24 680f | 8c24 3c00 
  0x00000275ae8f41c4: 004c 8b84 | 2498 0000 | 0049 83c0 | f049 c1e8 | 0348 8b8c | 2490 0000 | 00c5 f877 | 49ba 6074 
  0x00000275ae8f41e4: d7ad 7502 | 0000 41ff 

  0x00000275ae8f41ec: ;   {other}
  0x00000275ae8f41ec: d20f 1f84 | 0000 0000 | 004c 8b94 | 2488 0000 | 0045 8862 | 104c 8bdb | 498b ea44 | 895d 144c 
  0x00000275ae8f420c: 8bd5 49c1 | ea09 49bb | 0000 60b5 | 7502 0000 | 4788 2413 | 4c8b d54c | 8994 2488 

  0x00000275ae8f4228: ;   {oop(a 'java/lang/Class'{0x0000000080003260} = 'jdk/internal/access/SharedSecrets')}
  0x00000275ae8f4228: 0000 0049 | ba60 3200 | 8000 0000 | 0045 8b92 | d400 0000 

  0x00000275ae8f423c: ; implicit exception: dispatches to 0x00000275ae8fbbac
  0x00000275ae8f423c: 458b 4a08 | 4c8b 5c24 | 7045 8b43 | 2041 8b68 | 1889 ac24 | b800 0000 

  0x00000275ae8f4254: ;   {metadata('java/util/jar/JavaUtilJarAccessImpl')}
  0x00000275ae8f4254: 4181 f9a0 | 5b31 000f | 856f 4e00 | 0085 ed0f | 84af 4c00 | 004c 8bd5 | 4c89 5424 | 6048 8b6c 
  0x00000275ae8f4274: 2460 488d | 9c24 1001 | 0000 488b | 4500 a802 | 0f85 2400 | 0000 4883 | c801 4889 | 03f0 480f 
  0x00000275ae8f4294: b15d 000f | 8437 0000 | 0048 2bc4 | 4825 07f0 | ffff 4889 | 03e9 2400 | 0000 4c8b | d048 33c0 
  0x00000275ae8f42b4: f04d 0fb1 | 7a3e 48c7 | 0303 0000 | 0074 114c | 3bf8 7515 | 49ff 8286 | 0000 0048 | 33c0 7509 
  0x00000275ae8f42d4: 49ff 8750 | 0500 0033 | c00f 8541 | 4e00 0048 | 8b54 2460 

  0x00000275ae8f42e8: ;   {oop([B{0x0000000080334c70})}
  0x00000275ae8f42e8: 48bd 704c | 3380 0000 

  0x00000275ae8f42f0: ;   {oop([B{0x00000000805ec220})}
  0x00000275ae8f42f0: 0000 49ba | 20c2 5e80 | 0000 0000 | 4c89 9424 | a000 0000 

  0x00000275ae8f4304: ;   {oop([B{0x00000000805ec240})}
  0x00000275ae8f4304: 49ba 40c2 | 5e80 0000 | 0000 4c89 | 9424 a800 | 0000 6690 

  0x00000275ae8f4318: ;   {optimized virtual_call}
  0x00000275ae8f4318: c5f8 77e8 

  0x00000275ae8f431c: ; ImmutableOopMap {rbp=Oop [56]=Derived_oop_rbp [48]=Oop [64]=Oop [72]=Oop [80]=NarrowOop [84]=NarrowOop [96]=Oop [108]=NarrowOop [112]=Oop [120]=Oop [128]=Oop [136]=Oop [160]=Oop [32]=Derived_oop_[160] [168]=Oop [40]=Derived_oop_[168] [184]=NarrowOop }
                      ;*invokevirtual maybeInstantiateVerifier {reexecute=0 rethrow=0 return_oop=0}
                      ; - java.util.jar.JarFile::ensureInitialization@1
                      ; - java.util.jar.JavaUtilJarAccessImpl::ensureInitialization@1
                      ; - jdk.internal.loader.URLClassPath$JarLoader$2::getManifest@10
                      ; - java.net.URLClassLoader::defineClass@34
                      ; - java.net.URLClassLoader$1::run@43
                      ; - java.net.URLClassLoader$1::run@1
  0x00000275ae8f431c: 806a d4ff 

  0x00000275ae8f4320: ;   {other}
  0x00000275ae8f4320: 0f1f 8400 | 1017 0001 | 8bac 24b8 | 0000 0044 | 3b65 300f | 8518 2c00 | 0048 8b6c | 2460 488d 
  0x00000275ae8f4340: 8424 1001 | 0000 4883 | 3800 0f84 | 7b00 0000 | 4c8b 5500 | 41f6 c202 | 0f84 6200 | 0000 4983 
  0x00000275ae8f4360: ba86 0000 | 0000 7409 | 49ff 8a86 | 0000 00eb | 4b49 8b82 | 9600 0000 | 490b 828e | 0000 0075 
  0x00000275ae8f4380: 0a49 c742 | 3e00 0000 | 00eb 3e49 | 83ba 9e00 | 0000 0074 | 2248 33c0 | 49c7 423e | 0000 0000 
  0x00000275ae8f43a0: f083 0424 | 0049 83ba | 9e00 0000 | 0075 0df0 | 4d0f b17a | 3e75 0583 | c801 eb0d | a800 eb09 
  0x00000275ae8f43c0: 4c8b 10f0 | 4c0f b155 | 0075 0a49 | ff8f 5005 | 0000 4533 | d20f 859a | 4d00 004c | 8b54 2470 
  0x00000275ae8f43e0: 458b 5a20 

  0x00000275ae8f43e4: ; implicit exception: dispatches to 0x00000275ae8fb7c0
  0x00000275ae8f43e4: 418b 6b18 

  0x00000275ae8f43e8: ; implicit exception: dispatches to 0x00000275ae8fb7e4
  0x00000275ae8f43e8: 448b 5508 

  0x00000275ae8f43ec: ;   {metadata('java/util/jar/JarFile')}
  0x00000275ae8f43ec: 4181 fa08 | 1419 000f | 85a7 4d00 | 0048 8bd5 

  0x00000275ae8f43fc: ;   {oop([B{0x0000000080334c70})}
  0x00000275ae8f43fc: 48bd 704c | 3380 0000 

  0x00000275ae8f4404: ;   {oop([B{0x00000000805ec220})}
  0x00000275ae8f4404: 0000 49ba | 20c2 5e80 | 0000 0000 | 4c89 5424 

  0x00000275ae8f4414: ;   {oop([B{0x00000000805ec240})}
  0x00000275ae8f4414: 6049 ba40 | c25e 8000 | 0000 004c | 8994 2490 | 0000 0090 

  0x00000275ae8f4428: ;   {optimized virtual_call}
  0x00000275ae8f4428: c5f8 77e8 

  0x00000275ae8f442c: ; ImmutableOopMap {rbp=Oop [56]=Derived_oop_rbp [48]=Oop [64]=Oop [72]=Oop [80]=NarrowOop [84]=NarrowOop [96]=Oop [32]=Derived_oop_[96] [108]=NarrowOop [112]=Oop [120]=Oop [128]=Oop [136]=Oop [144]=Oop [40]=Derived_oop_[144] }
                      ;*invokevirtual getManifestFromReference {reexecute=0 rethrow=0 return_oop=1}
                      ; - java.util.jar.JarFile::getManifest@1
                      ; - jdk.internal.loader.URLClassPath$JarLoader$2::getManifest@22
                      ; - java.net.URLClassLoader::defineClass@34
                      ; - java.net.URLClassLoader$1::run@43
                      ; - java.net.URLClassLoader$1::run@1
  0x00000275ae8f442c: d0a5 ddff 

  0x00000275ae8f4430: ;   {other}
  0x00000275ae8f4430: 0f1f 8400 | 2018 0002 | 4889 4424 | 6044 8b54 | 2450 458b | 5238 4489 | 5424 6845 | 85d2 0f84 
  0x00000275ae8f4450: e84a 0000 | 4c8b 9424 | 8800 0000 | 418b 420c | 85c0 0f85 | 8c00 0000 | 450f b65a | 1145 85db 
  0x00000275ae8f4470: 0f85 223a | 0000 458b | 5a14 448b | 5424 684d | 8bc2 498b | d34c 8b94 | 2488 0000 | 0041 807a 
  0x00000275ae8f4490: 1000 0f85 | 2d3b 0000 

  0x00000275ae8f4498: ;   {oop([B{0x0000000080334c70})}
  0x00000275ae8f4498: 48bd 704c | 3380 0000 | 0000 4c89 | 8424 d000 

  0x00000275ae8f44a8: ;   {oop([B{0x00000000805ec220})}
  0x00000275ae8f44a8: 0000 49ba | 20c2 5e80 | 0000 0000 | 4c89 9424 | d800 0000 

  0x00000275ae8f44bc: ;   {oop([B{0x00000000805ec240})}
  0x00000275ae8f44bc: 49ba 40c2 | 5e80 0000 | 0000 4c89 | 9424 e000 | 0000 6690 

  0x00000275ae8f44d0: ;   {static_call}
  0x00000275ae8f44d0: c5f8 77e8 

  0x00000275ae8f44d4: ; ImmutableOopMap {rbp=Oop [56]=Derived_oop_rbp [48]=Oop [64]=Oop [72]=Oop [80]=NarrowOop [84]=NarrowOop [96]=Oop [104]=NarrowOop [108]=NarrowOop [112]=Oop [120]=Oop [128]=Oop [136]=Oop [208]=Oop [216]=Oop [32]=Derived_oop_[216] [224]=Oop [40]=Derived_oop_[224] }
                      ;*invokestatic hashCode {reexecute=0 rethrow=0 return_oop=0}
                      ; - java.lang.String::hashCode@27
                      ; - java.util.concurrent.ConcurrentHashMap::get@1
                      ; - java.lang.ClassLoader::getDefinedPackage@13
                      ; - java.net.URLClassLoader::getAndVerifyPackage@2
                      ; - java.net.URLClassLoader::defineClass@46
                      ; - java.net.URLClassLoader$1::run@43
                      ; - java.net.URLClassLoader$1::run@1
  0x00000275ae8f44d4: 6816 a2ff 

  0x00000275ae8f44d8: ;   {other}
  0x00000275ae8f44d8: 0f1f 8400 | c818 0003 | 85c0 0f84 | c93a 0000 | 4c8b 9424 | 8800 0000 | 4189 420c | 448b 5c24 
  0x00000275ae8f44f8: 6845 8b53 | 2845 85d2 | 0f84 f310 | 0000 458b | 5a0c 4585 | db0f 86e4 | 5700 0044 | 8bc0 41c1 
  0x00000275ae8f4518: e810 4433 | c041 ffcb | 4181 e0ff | ffff 7f44 | 8944 2468 | 4523 d84d | 63db 478b | 5c9a 1044 
  0x00000275ae8f4538: 899c 2490 | 0000 0045 | 85db 0f84 | b110 0000 | 418b 6b0c | 413b e80f | 8495 0100 | 0085 ed0f 
  0x00000275ae8f4558: 8c28 6300 | 0044 8b94 | 2490 0000 | 0045 8b5a | 1845 85db | 0f84 8710 | 0000 4d8b | d34c 8994 
  0x00000275ae8f4578: 2490 0000 | 004c 8b94 | 2490 0000 | 0045 8b52 | 0c4d 8b9f | 5804 0000 

  0x00000275ae8f4590: ;   {oop([B{0x00000000805ec220})}
  0x00000275ae8f4590: 49b8 20c2 | 5e80 0000 

  0x00000275ae8f4598: ;   {oop([B{0x00000000805ec240})}
  0x00000275ae8f4598: 0000 49b9 | 40c2 5e80 | 0000 0000 

  0x00000275ae8f45a4: ;   {oop([B{0x0000000080334c70})}
  0x00000275ae8f45a4: 48b9 704c | 3380 0000 

  0x00000275ae8f45ac: ; ImmutableOopMap {r8=Oop [32]=Derived_oop_r8 r9=Oop [40]=Derived_oop_r9 rcx=Oop [56]=Derived_oop_rcx [48]=Oop [64]=Oop [72]=Oop [80]=NarrowOop [84]=NarrowOop [96]=Oop [108]=NarrowOop [112]=Oop [120]=Oop [128]=Oop [136]=Oop [144]=Oop }
                      ;*if_icmpne {reexecute=1 rethrow=0 return_oop=0}
                      ; - (reexecute) java.util.concurrent.ConcurrentHashMap::get@127
                      ; - java.lang.ClassLoader::getDefinedPackage@13
                      ; - java.net.URLClassLoader::getAndVerifyPackage@2
                      ; - java.net.URLClassLoader::defineClass@46
                      ; - java.net.URLClassLoader$1::run@43
                      ; - java.net.URLClassLoader$1::run@1
                      ;   {poll}
  0x00000275ae8f45ac: 0000 4185 | 0344 3b54 | 2468 741f | 4c8b 9424 | 9000 0000 | 458b 5218 | 4585 d20f | 842c 1000 
  0x00000275ae8f45cc: 004c 8994 | 2490 0000 | 00eb a64c | 8b94 2490 | 0000 0041 | 8b6a 104c | 8bd5 4c8b | 9c24 8800 
  0x00000275ae8f45ec: 0000 4d3b | d30f 84c9 | 0000 0085 | ed0f 84fd | 6a00 004c | 8bc5 488b | 9424 8800 

  0x00000275ae8f4608: ;   {oop([B{0x0000000080334c70})}
  0x00000275ae8f4608: 0000 48bd | 704c 3380 | 0000 0000 

  0x00000275ae8f4614: ;   {oop([B{0x00000000805ec220})}
  0x00000275ae8f4614: 49ba 20c2 | 5e80 0000 | 0000 4c89 | 9424 d000 

  0x00000275ae8f4624: ;   {oop([B{0x00000000805ec240})}
  0x00000275ae8f4624: 0000 49ba | 40c2 5e80 | 0000 0000 | 4c89 9424 | d800 0000 

  0x00000275ae8f4638: ;   {optimized virtual_call}
  0x00000275ae8f4638: c5f8 77e8 

  0x00000275ae8f463c: ; ImmutableOopMap {rbp=Oop [56]=Derived_oop_rbp [48]=Oop [64]=Oop [72]=Oop [80]=NarrowOop [84]=NarrowOop [96]=Oop [108]=NarrowOop [112]=Oop [120]=Oop [128]=Oop [136]=Oop [144]=Oop [208]=Oop [32]=Derived_oop_[208] [216]=Oop [40]=Derived_oop_[216] }
                      ;*invokevirtual equals {reexecute=0 rethrow=0 return_oop=0}
                      ; - java.util.concurrent.ConcurrentHashMap::get@149
                      ; - java.lang.ClassLoader::getDefinedPackage@13
                      ; - java.net.URLClassLoader::getAndVerifyPackage@2
                      ; - java.net.URLClassLoader::defineClass@46
                      ; - java.net.URLClassLoader$1::run@43
                      ; - java.net.URLClassLoader$1::run@1
  0x00000275ae8f463c: 8032 edff 

  0x00000275ae8f4640: ;   {other}
  0x00000275ae8f4640: 0f1f 8400 | 301a 0005 | 85c0 7574 | ba45 ffff | ff48 8b6c | 2440 4c8b | 5424 484c | 8954 2420 
  0x00000275ae8f4660: 448b 5424 | 5044 8954 | 2428 448b | 4424 5444 | 8944 242c | 4c8b 5424 | 704c 8954 | 2430 4c8b 
  0x00000275ae8f4680: 5424 584c | 8954 2438 | 448b 5424 | 6c44 8954 | 2440 4c8b | 9424 8800 | 0000 4c89 | 5424 704c 
  0x00000275ae8f46a0: 8b94 2488 | 0000 004c | 8954 2478 | 8944 246c 

  0x00000275ae8f46b0: ;   {runtime_call UncommonTrapBlob}
  0x00000275ae8f46b0: c5f8 77e8 

  0x00000275ae8f46b4: ; ImmutableOopMap {rbp=Oop [32]=Oop [40]=NarrowOop [44]=NarrowOop [48]=Oop [64]=NarrowOop [96]=Oop [112]=Oop [120]=Oop [144]=Oop }
                      ;*ifeq {reexecute=1 rethrow=0 return_oop=0}
                      ; - (reexecute) java.util.concurrent.ConcurrentHashMap::get@152
                      ; - java.lang.ClassLoader::getDefinedPackage@13
                      ; - java.net.URLClassLoader::getAndVerifyPackage@2
                      ; - java.net.URLClassLoader::defineClass@46
                      ; - java.net.URLClassLoader$1::run@43
                      ; - java.net.URLClassLoader$1::run@1
  0x00000275ae8f46b4: 48f3 49ff 

  0x00000275ae8f46b8: ;   {other}
  0x00000275ae8f46b8: 0f1f 8400 | a81a 0006 | 4c8b 9424 | 9000 0000 | 418b 6a14 | 85ed 0f84 | 250f 0000 | 4c8b 9424 
  0x00000275ae8f46d8: 8800 0000 | 450f b64a | 1141 8b42 | 0ce9 a700 | 0000 418b | 6b10 4c8b | d54c 8b9c | 2488 0000 
  0x00000275ae8f46f8: 004d 3bd3 | 746e 85ed | 0f84 da61 | 0000 4c8b | c544 8b94 | 2490 0000 | 004d 8bda | 488b 9424 
  0x00000275ae8f4718: 8800 0000 

  0x00000275ae8f471c: ;   {oop([B{0x0000000080334c70})}
  0x00000275ae8f471c: 48bd 704c | 3380 0000 | 0000 4c89 | 9c24 c800 

  0x00000275ae8f472c: ;   {oop([B{0x00000000805ec220})}
  0x00000275ae8f472c: 0000 49ba | 20c2 5e80 | 0000 0000 | 4c89 9424 | d000 0000 

  0x00000275ae8f4740: ;   {oop([B{0x00000000805ec240})}
  0x00000275ae8f4740: 49ba 40c2 | 5e80 0000 | 0000 4c89 | 9424 d800 | 0000 6690 

  0x00000275ae8f4754: ;   {optimized virtual_call}
  0x00000275ae8f4754: c5f8 77e8 

  0x00000275ae8f4758: ; ImmutableOopMap {rbp=Oop [56]=Derived_oop_rbp [48]=Oop [64]=Oop [72]=Oop [80]=NarrowOop [84]=NarrowOop [96]=Oop [108]=NarrowOop [112]=Oop [120]=Oop [128]=Oop [136]=Oop [144]=NarrowOop [200]=Oop [208]=Oop [32]=Derived_oop_[208] [216]=Oop [40]=Derived_oop_[216] }
                      ;*invokevirtual equals {reexecute=0 rethrow=0 return_oop=0}
                      ; - java.util.concurrent.ConcurrentHashMap::get@73
                      ; - java.lang.ClassLoader::getDefinedPackage@13
                      ; - java.net.URLClassLoader::getAndVerifyPackage@2
                      ; - java.net.URLClassLoader::defineClass@46
                      ; - java.net.URLClassLoader$1::run@43
                      ; - java.net.URLClassLoader$1::run@1
  0x00000275ae8f4758: 6431 edff 

  0x00000275ae8f475c: ;   {other}
  0x00000275ae8f475c: 0f1f 8400 | 4c1b 0007 | 85c0 0f84 | f1fd ffff | 448b 9c24 | 9000 0000 | 418b 6b14 | 85ed 0f84 
  0x00000275ae8f477c: 790e 0000 | 4c8b 9424 | 8800 0000 | 418b 420c | 450f b64a | 1144 8b5d 

  0x00000275ae8f4794: ;   {metadata('java/lang/Package')}
  0x00000275ae8f4794: 0841 81fb | e8bd 0100 | 0f85 266d | 0000 4c8b | 9424 8800 | 0000 458b | 5a14 458b | 530c 4c8b 
  0x00000275ae8f47b4: c541 8b48 | 1089 4c24 | 6845 85d2 | 0f86 6e4f | 0000 448b | 4424 5045 | 8b50 3844 | 8994 2490 
  0x00000275ae8f47d4: 0000 0045 | 85d2 0f84 | 7c4e 0000 | 85c0 757c | 4585 c90f | 85b2 3600 | 0049 8bd3 | 4c8b 9c24 
  0x00000275ae8f47f4: 8800 0000 | 4180 7b10 | 000f 8566 

  0x00000275ae8f4800: ;   {oop([B{0x0000000080334c70})}
  0x00000275ae8f4800: 3800 0048 | bd70 4c33 | 8000 0000 | 004c 8994 | 24d0 0000 

  0x00000275ae8f4814: ;   {oop([B{0x00000000805ec220})}
  0x00000275ae8f4814: 0049 ba20 | c25e 8000 | 0000 004c | 8994 24d8 

  0x00000275ae8f4824: ;   {oop([B{0x00000000805ec240})}
  0x00000275ae8f4824: 0000 0049 | ba40 c25e | 8000 0000 | 004c 8994 | 24e0 0000 | 0066 6690 

  0x00000275ae8f483c: ;   {static_call}
  0x00000275ae8f483c: c5f8 77e8 

  0x00000275ae8f4840: ; ImmutableOopMap {rbp=Oop [56]=Derived_oop_rbp [48]=Oop [64]=Oop [72]=Oop [80]=NarrowOop [84]=NarrowOop [96]=Oop [104]=NarrowOop [108]=NarrowOop [112]=Oop [120]=Oop [128]=Oop [136]=Oop [144]=NarrowOop [208]=Oop [216]=Oop [32]=Derived_oop_[216] [224]=Oop [40]=Derived_oop_[224] }
                      ;*invokestatic hashCode {reexecute=0 rethrow=0 return_oop=0}
                      ; - java.lang.String::hashCode@27
                      ; - java.util.concurrent.ConcurrentHashMap::get@1
                      ; - java.lang.ClassLoader::definePackage@47
                      ; - java.lang.ClassLoader::getDefinedPackage@32
                      ; - java.net.URLClassLoader::getAndVerifyPackage@2
                      ; - java.net.URLClassLoader::defineClass@46
                      ; - java.net.URLClassLoader$1::run@43
                      ; - java.net.URLClassLoader$1::run@1
  0x00000275ae8f4840: 3ca5 49ff 

  0x00000275ae8f4844: ;   {other}
  0x00000275ae8f4844: 0f1f 8400 | 341c 0008 | 85c0 0f84 | 0138 0000 | 4c8b 9424 | 8800 0000 | 4189 420c | 448b 9424 
  0x00000275ae8f4864: 9000 0000 | 458b 5a28 | 4585 db0f | 84c3 0200 | 0045 8b53 | 0c45 85d2 | 0f86 b65a | 0000 448b 
  0x00000275ae8f4884: c841 c1e9 | 1044 33c8 | 41ff ca41 | 81e1 ffff | ff7f 4489 | 8c24 9000 | 0000 4523 | d14d 63d2 
  0x00000275ae8f48a4: 478b 5c93 | 1044 899c | 2494 0000 | 0045 85db | 0f84 7e02 | 0000 418b | 6b0c 413b | e90f 85d6 
  0x00000275ae8f48c4: 0000 0041 | 8b6b 104c | 8bd5 4c8b | 9c24 8800 | 0000 4d3b | d374 6585 | ed0f 84b5 | 6000 004c 
  0x00000275ae8f48e4: 8bc5 448b | 9c24 9400 | 0000 488b | 9424 8800 

  0x00000275ae8f48f4: ;   {oop([B{0x0000000080334c70})}
  0x00000275ae8f48f4: 0000 48bd | 704c 3380 | 0000 0000 | 4c89 9c24 | d000 0000 

  0x00000275ae8f4908: ;   {oop([B{0x00000000805ec220})}
  0x00000275ae8f4908: 49ba 20c2 | 5e80 0000 | 0000 4c89 | 9424 d800 

  0x00000275ae8f4918: ;   {oop([B{0x00000000805ec240})}
  0x00000275ae8f4918: 0000 49ba | 40c2 5e80 | 0000 0000 | 4c89 9424 | e000 0000 

  0x00000275ae8f492c: ;   {optimized virtual_call}
  0x00000275ae8f492c: c5f8 77e8 

  0x00000275ae8f4930: ; ImmutableOopMap {rbp=Oop [56]=Derived_oop_rbp [48]=Oop [64]=Oop [72]=Oop [80]=NarrowOop [84]=NarrowOop [96]=Oop [104]=NarrowOop [108]=NarrowOop [112]=Oop [120]=Oop [128]=Oop [136]=Oop [148]=NarrowOop [208]=Oop [216]=Oop [32]=Derived_oop_[216] [224]=Oop [40]=Derived_oop_[224] }
                      ;*invokevirtual equals {reexecute=0 rethrow=0 return_oop=0}
                      ; - java.util.concurrent.ConcurrentHashMap::get@73
                      ; - java.lang.ClassLoader::definePackage@47
                      ; - java.lang.ClassLoader::getDefinedPackage@32
                      ; - java.net.URLClassLoader::getAndVerifyPackage@2
                      ; - java.net.URLClassLoader::defineClass@46
                      ; - java.net.URLClassLoader$1::run@43
                      ; - java.net.URLClassLoader$1::run@1
  0x00000275ae8f4930: 8c2f edff 

  0x00000275ae8f4934: ;   {other}
  0x00000275ae8f4934: 0f1f 8400 | 241d 0009 | 85c0 7465 | 448b 9424 | 9400 0000 | 418b 6a14 | 85ed 0f84 | e401 0000 
  0x00000275ae8f4954: 448b 5d08 

  0x00000275ae8f4958: ;   {metadata('java/lang/NamedPackage')}
  0x00000275ae8f4958: 49ba e8c0 | 01bb 7502 | 0000 49b8 | 0000 00bb | 7502 0000 | 4d03 c34d | 8b58 384d | 3bda 0f85 
  0x00000275ae8f4978: 1052 0000 | 4c8b d545 

  0x00000275ae8f4980: ;   {metadata('java/lang/Package')}
  0x00000275ae8f4980: 8b5a 0841 | 81fb e8bd | 0100 0f85 | a801 0000 | 4c89 9424 | 9000 0000 | e980 0200 | 0085 ed0f 
  0x00000275ae8f49a0: 8c97 5f00 | 0044 8b9c | 2494 0000 | 0045 8b5b | 1845 85db | 0f84 7e01 | 0000 4d8b | d34c 8994 
  0x00000275ae8f49c0: 2498 0000 | 004c 8b94 | 2498 0000 | 0045 8b52 | 0c4d 8b9f | 5804 0000 

  0x00000275ae8f49d8: ;   {oop([B{0x00000000805ec220})}
  0x00000275ae8f49d8: 49b8 20c2 | 5e80 0000 

  0x00000275ae8f49e0: ;   {oop([B{0x00000000805ec240})}
  0x00000275ae8f49e0: 0000 49b9 | 40c2 5e80 | 0000 0000 

  0x00000275ae8f49ec: ;   {oop([B{0x0000000080334c70})}
  0x00000275ae8f49ec: 48b9 704c | 3380 0000 

  0x00000275ae8f49f4: ; ImmutableOopMap {r8=Oop [32]=Derived_oop_r8 r9=Oop [40]=Derived_oop_r9 rcx=Oop [56]=Derived_oop_rcx [48]=Oop [64]=Oop [72]=Oop [80]=NarrowOop [84]=NarrowOop [96]=Oop [104]=NarrowOop [108]=NarrowOop [112]=Oop [120]=Oop [128]=Oop [136]=Oop [152]=Oop }
                      ;*if_icmpne {reexecute=1 rethrow=0 return_oop=0}
                      ; - (reexecute) java.util.concurrent.ConcurrentHashMap::get@127
                      ; - java.lang.ClassLoader::definePackage@47
                      ; - java.lang.ClassLoader::getDefinedPackage@32
                      ; - java.net.URLClassLoader::getAndVerifyPackage@2
                      ; - java.net.URLClassLoader::defineClass@46
                      ; - java.net.URLClassLoader$1::run@43
                      ; - java.net.URLClassLoader$1::run@1
                      ;   {poll}
  0x00000275ae8f49f4: 0000 4185 | 0344 3b94 | 2490 0000 | 0074 224c | 8b94 2498 | 0000 0045 | 8b5a 1845 | 85db 0f84 
  0x00000275ae8f4a14: 2001 0000 | 4d8b d34c | 8994 2498 | 0000 00eb | a04c 8b94 | 2498 0000 | 0041 8b6a | 104c 8bd5 
  0x00000275ae8f4a34: 4c8b 9c24 | 8800 0000 | 4d3b d30f | 84df 0000 | 0085 ed0f | 8478 6700 | 004c 8bc5 | 488b 9424 
  0x00000275ae8f4a54: 8800 0000 

  0x00000275ae8f4a58: ;   {oop([B{0x0000000080334c70})}
  0x00000275ae8f4a58: 48bd 704c | 3380 0000 

  0x00000275ae8f4a60: ;   {oop([B{0x00000000805ec220})}
  0x00000275ae8f4a60: 0000 49ba | 20c2 5e80 | 0000 0000 | 4c89 9424 | d000 0000 

  0x00000275ae8f4a74: ;   {oop([B{0x00000000805ec240})}
  0x00000275ae8f4a74: 49ba 40c2 | 5e80 0000 | 0000 4c89 | 9424 d800 | 0000 6690 

  0x00000275ae8f4a88: ;   {optimized virtual_call}
  0x00000275ae8f4a88: c5f8 77e8 

  0x00000275ae8f4a8c: ; ImmutableOopMap {rbp=Oop [56]=Derived_oop_rbp [48]=Oop [64]=Oop [72]=Oop [80]=NarrowOop [84]=NarrowOop [96]=Oop [104]=NarrowOop [108]=NarrowOop [112]=Oop [120]=Oop [128]=Oop [136]=Oop [152]=Oop [208]=Oop [32]=Derived_oop_[208] [216]=Oop [40]=Derived_oop_[216] }
                      ;*invokevirtual equals {reexecute=0 rethrow=0 return_oop=0}
                      ; - java.util.concurrent.ConcurrentHashMap::get@149
                      ; - java.lang.ClassLoader::definePackage@47
                      ; - java.lang.ClassLoader::getDefinedPackage@32
                      ; - java.net.URLClassLoader::getAndVerifyPackage@2
                      ; - java.net.URLClassLoader::defineClass@46
                      ; - java.net.URLClassLoader$1::run@43
                      ; - java.net.URLClassLoader$1::run@1
  0x00000275ae8f4a8c: 302e edff 

  0x00000275ae8f4a90: ;   {other}
  0x00000275ae8f4a90: 0f1f 8400 | 801e 000b | 85c0 0f85 | 8400 0000 | ba45 ffff | ff48 8b6c | 2440 4c8b | 5424 484c 
  0x00000275ae8f4ab0: 8954 2420 | 448b 4424 | 5044 8944 | 2428 448b | 5424 5444 | 8954 242c | 4c8b 5424 | 704c 8954 
  0x00000275ae8f4ad0: 2430 4c8b | 5424 584c | 8954 2438 | 448b 4424 | 6c4c 8b94 | 2488 0000 | 004c 8954 | 2470 4489 
  0x00000275ae8f4af0: 4424 544c | 8b94 2488 | 0000 004c | 8954 2478 | 448b 9424 | 9000 0000 | 4489 5424 | 6c89 8424 
  0x00000275ae8f4b10: 9000 0000 

  0x00000275ae8f4b14: ;   {runtime_call UncommonTrapBlob}
  0x00000275ae8f4b14: c5f8 77e8 

  0x00000275ae8f4b18: ; ImmutableOopMap {rbp=Oop [32]=Oop [40]=NarrowOop [44]=NarrowOop [48]=Oop [84]=NarrowOop [96]=Oop [104]=NarrowOop [112]=Oop [120]=Oop [152]=Oop }
                      ;*ifeq {reexecute=1 rethrow=0 return_oop=0}
                      ; - (reexecute) java.util.concurrent.ConcurrentHashMap::get@152
                      ; - java.lang.ClassLoader::definePackage@47
                      ; - java.lang.ClassLoader::getDefinedPackage@32
                      ; - java.net.URLClassLoader::getAndVerifyPackage@2
                      ; - java.net.URLClassLoader::defineClass@46
                      ; - java.net.URLClassLoader$1::run@43
                      ; - java.net.URLClassLoader$1::run@1
  0x00000275ae8f4b18: e4ee 49ff 

  0x00000275ae8f4b1c: ;   {other}
  0x00000275ae8f4b1c: 0f1f 8400 | 0c1f 000c | 4c8b 9424 | 9800 0000 | 418b 6a14 | 85ed 0f85 | 1cfe ffff | 448b 5c24 
  0x00000275ae8f4b3c: 5045 8b5b | 3844 899c | 24c0 0000 | 004d 8b8f | b801 0000 | 4d8b d149 | 83c2 184d | 3b97 c801 
  0x00000275ae8f4b5c: 0000 0f83 | 193c 0000 | 4d89 97b8 | 0100 0041 | 0f0d 8a00 | 0100 0049 | c701 0100 

  0x00000275ae8f4b78: ;   {metadata('java/lang/ClassLoader$$Lambda+0x00000275bc3d4858')}
  0x00000275ae8f4b78: 0000 41c7 | 4108 5848 | 3d01 4589 | 610c 4d89 | 6110 448b | 5424 5045 | 8951 0c44 | 8b5c 2468 
  0x00000275ae8f4b98: 4589 5910 | 448b 9424 | c000 0000 | 4585 d20f | 845b 5900 | 0045 8bda | 498b d34c | 8b84 2488 
  0x00000275ae8f4bb8: 0000 0044 | 8b5c 246c | 4489 5c24 

  0x00000275ae8f4bc4: ;   {oop([B{0x0000000080334c70})}
  0x00000275ae8f4bc4: 6848 bd70 | 4c33 8000 

  0x00000275ae8f4bcc: ;   {oop([B{0x00000000805ec220})}
  0x00000275ae8f4bcc: 0000 0049 | ba20 c25e | 8000 0000 | 004c 8994 | 24a8 0000 

  0x00000275ae8f4be0: ;   {oop([B{0x00000000805ec240})}
  0x00000275ae8f4be0: 0049 ba40 | c25e 8000 | 0000 004c | 8994 24b0 | 0000 0090 

  0x00000275ae8f4bf4: ;   {optimized virtual_call}
  0x00000275ae8f4bf4: c5f8 77e8 

  0x00000275ae8f4bf8: ; ImmutableOopMap {rbp=Oop [56]=Derived_oop_rbp [48]=Oop [64]=Oop [72]=Oop [80]=NarrowOop [84]=NarrowOop [96]=Oop [104]=NarrowOop [108]=NarrowOop [112]=Oop [120]=Oop [128]=Oop [136]=Oop [168]=Oop [32]=Derived_oop_[168] [176]=Oop [40]=Derived_oop_[176] }
                      ;*invokevirtual compute {reexecute=0 rethrow=0 return_oop=1}
                      ; - java.lang.ClassLoader::definePackage@78
                      ; - java.lang.ClassLoader::getDefinedPackage@32
                      ; - java.net.URLClassLoader::getAndVerifyPackage@2
                      ; - java.net.URLClassLoader::defineClass@46
                      ; - java.net.URLClassLoader$1::run@43
                      ; - java.net.URLClassLoader$1::run@1
  0x00000275ae8f4bf8: 849b 49ff 

  0x00000275ae8f4bfc: ;   {other}
  0x00000275ae8f4bfc: 0f1f 8400 | ec1f 000d 

  0x00000275ae8f4c04: ; implicit exception: dispatches to 0x00000275ae8fbc98
  0x00000275ae8f4c04: 448b 5008 

  0x00000275ae8f4c08: ;   {metadata('java/lang/Package')}
  0x00000275ae8f4c08: 4181 fae8 | bd01 000f | 850f 6900 | 0048 8984 | 2490 0000 | 004c 8b94 | 2490 0000 | 0045 8b52 
  0x00000275ae8f4c28: 1045 8b5a | 1c45 85db | 0f85 8254 | 0000 4c8b | 9424 9000 | 0000 458b | 5a14 418b | 6b24 85ed 
  0x00000275ae8f4c48: 0f85 4657 | 0000 4c8b | 5424 604d | 85d2 0f84 | 9457 0000 

  0x00000275ae8f4c5c: ;   {oop(a 'java/lang/Class'{0x0000000080003260} = 'jdk/internal/access/SharedSecrets')}
  0x00000275ae8f4c5c: 49ba 6032 | 0080 0000 | 0000 458b | 9ad4 0000 | 0044 895c | 2468 458b | 5308 4489 | 9424 9800 
  0x00000275ae8f4c7c: 0000 4c8b | 9424 8800 | 0000 450f | be52 1045 | 85d2 0f85 | 8854 0000 | 4c8b 9424 | 8800 0000 
  0x00000275ae8f4c9c: 458b 4a14 

  0x00000275ae8f4ca0: ; implicit exception: dispatches to 0x00000275ae8fb9e8
  0x00000275ae8f4ca0: 458b 590c | 4489 9c24 | 9c00 0000 | 448b 5c24 | 684d 8bd3 | 4c89 9424 | a000 0000 | 448b 9424 
  0x00000275ae8f4cc0: 9c00 0000 | 4585 d20f | 86c0 0000 | 0041 8d52 | ff41 3bd2 | 0f83 ca49 | 0000 458d | 42fd 4180 
  0x00000275ae8f4ce0: 7910 2e0f | 84c8 1a00 | 0041 83f8 | 010f 8e0d | 4d00 00bb | 0100 0000 | 0f1f 8400 | 0000 0000 
  0x00000275ae8f4d00: 4c63 d343 | 0fbe 4c11 | 1083 f92e | 0f84 a900 | 0000 470f | be5c 1111 | 4183 fb2e | 0f84 8e00 
  0x00000275ae8f4d20: 0000 470f | be5c 1112 | 4183 fb2e | 0f84 9200 | 0000 470f | be54 1113 | 4183 fa2e | 746f 83c3 
  0x00000275ae8f4d40: 0441 3bd8 | 7cba 448b | d344 3b94 | 249c 0000 | 007d 3a44 | 8994 24a8 

  0x00000275ae8f4d58: ;   {no_reloc}
  0x00000275ae8f4d58: 0000 0090 | 448b 9c24 | a800 0000 | 470f be54 | 1910 4183 | fa2e 745e | 448b 9424 | a800 0000 
  0x00000275ae8f4d78: 41ff c244 | 8994 24a8 | 0000 0044 | 3b94 249c | 0000 007c | cf4d 8bd1 | 4c8b 9c24 | 8800 0000 
  0x00000275ae8f4d98: 4c89 9c24 | d800 0000 | 4c89 9424 | b000 0000 | e940 0300 | 0083 c302 | ffc3 899c | 24a8 0000 
  0x00000275ae8f4db8: 00eb 1389 | 9c24 a800 | 0000 eb0a | 83c3 0289 | 9c24 a800 | 0000 448b | 9424 a800 | 0000 443b 
  0x00000275ae8f4dd8: 9424 9c00 | 0000 7dad | 448b 9c24 | 9c00 0000 | 4181 fb00 | 0010 000f | 87c8 3700 | 004d 8b9f 
  0x00000275ae8f4df8: b801 0000 | 4c63 9424 | 9c00 0000 | 4983 c217 | 4983 e2f8 | 498b cb49 | 03ca 493b | 8fc8 0100 
  0x00000275ae8f4e18: 000f 839e | 3700 0049 | 898f b801 | 0000 0f0d | 8900 0100 | 0049 c703 | 0100 0000 | 0f0d 8940 
  0x00000275ae8f4e38: ;   {metadata({type array byte})}
  0x00000275ae8f4e38: 0100 0041 | c743 0818 | 2300 0044 | 8b94 249c | 0000 0045 | 8953 0c0f | 0d89 8001 | 0000 4c89 
  0x00000275ae8f4e58: 9c24 b000 | 0000 448b | 9c24 a800 | 0000 4585 | db0f 8eae | 0000 008b | 8c24 a800 | 0000 ffc9 
  0x00000275ae8f4e78: 3b8c 249c | 0000 000f | 8313 4c00 | 0044 8b94 | 249c 0000 | 0045 85d2 | 0f86 024c | 0000 450f 
  0x00000275ae8f4e98: be59 104c | 8b94 24b0 | 0000 0045 | 885a 1083 | f901 0f8e | 504c 0000 | bb01 0000 | 0066 6666 
  0x00000275ae8f4eb8: 0f1f 8400 | 0000 0000 | 4863 fb45 | 0fbe 5439 | 104c 8b9c | 24b0 0000 | 0045 8854 | 3b10 450f 
  0x00000275ae8f4ed8: be5c 3911 | 4c8b 9424 | b000 0000 | 4588 5c3a | 1183 c302 | 3bd9 7cd0 | 3b9c 24a8 | 0000 007d 
  0x00000275ae8f4ef8: 2466 6690 | 4c63 d347 | 0fbe 5c11 | 1048 8b8c | 24b0 0000 | 0046 885c | 1110 ffc3 | 3b9c 24a8 
  0x00000275ae8f4f18: 0000 007c | df44 8b94 | 24a8 0000 | 0044 3b94 | 249c 0000 | 000f 8d66 | 0100 0044 | 3b94 249c 
  0x00000275ae8f4f38: ;   {no_reloc}
  0x00000275ae8f4f38: 0000 000f | 83ca 4a00 | 003b 9424 | 9c00 0000 | 0f83 bd4a | 0000 41ff | c248 638c | 24a8 0000 
  0x00000275ae8f4f58: 0045 0fbe | 5c09 1041 | 83fb 2e0f | 8430 1500 | 0048 8b9c | 24b0 0000 | 0044 885c | 0b10 8b8c 
  0x00000275ae8f4f78: 24a8 0000 | 00ff c141 | 3bca 7d09 | 898c 24a8 | 0000 00eb | c441 3bc8 | 0f8d c400 | 0000 448b 
  0x00000275ae8f4f98: 9424 a800 | 0000 41ff | c2eb 38b9 | 2f00 0000 | 0f1f 8400 | 0000 0000 | 4188 4c3b | 1245 0fbe 
  0x00000275ae8f4fb8: 5c39 1341 | 83fb 2e74 | 6048 8b8c | 24b0 0000 | 0044 885c | 3913 4183 | c204 453b | d00f 8d82 
  0x00000275ae8f4fd8: 0000 0049 | 63fa 410f | be5c 3910 | 83fb 2e74 | 2a4c 8b9c | 24b0 0000 | 0041 885c | 3b10 410f 
  0x00000275ae8f4ff8: be4c 3911 | 83f9 2e74 | 1941 884c | 3b11 410f | be4c 3912 | 83f9 2e75 | 9feb 90bb | 2f00 0000 
  0x00000275ae8f5018: ebcf b92f | 0000 00eb | e041 bb2f | 0000 00eb | 9848 8b74 | 2438 448b | 4424 2444 | 8b4c 2450 
  0x00000275ae8f5038: ;   {no_reloc}
  0x00000275ae8f5038: 488b 9c24 | 9000 0000 | 448b 5c24 | 688b 6c24 | 6048 8b54 | 2478 418b | fa8b 4424 | 64e9 af0c 
  0x00000275ae8f5058: 0000 448b | d144 3b94 | 249c 0000 | 007d 3245 | 8bda 6690 | 4d63 c347 | 0fbe 5401 | 1041 83fa 
  0x00000275ae8f5078: 2e0f 8442 | 1700 0048 | 8b8c 24b0 | 0000 0046 | 8854 0110 | 41ff c344 | 3b9c 249c | 0000 007c 
  0x00000275ae8f5098: d349 8b87 | b801 0000 | 4c8b d049 | 83c2 184d | 3b97 c801 | 0000 0f83 | 9f35 0000 | 4d89 97b8 
  0x00000275ae8f50b8: 0100 0041 | 0f0d 8a00 | 0100 0048 | c700 0100 

  0x00000275ae8f50c8: ;   {metadata('java/lang/String')}
  0x00000275ae8f50c8: 0000 c740 | 0878 e800 | 0044 8960 | 0c4c 8960 | 104c 8b94 | 24b0 0000 | 0044 8950 | 1448 8984 
  0x00000275ae8f50e8: 24d8 0000 | 004c 8b94 | 24b0 0000 | 0045 8b4a | 0c45 85c9 | 0f86 0a2c | 0000 4c8b | 9424 d800 
  0x00000275ae8f5108: 0000 450f | be52 1044 | 8994 249c | 0000 00c4 | 422a f7d9 | 4489 9c24 | a800 0000 | 4d63 d34c 
  0x00000275ae8f5128: 8994 24b8 | 0000 0044 | 8b94 249c | 0000 0041 | 83fa 010f | 8485 2d00 | 0044 8b9c | 24a8 0000 
  0x00000275ae8f5148: 0045 85db | 0f8c 4250 | 0000 4c8b | 9424 b800 | 0000 4983 | c201 418b | ea85 ed0f | 8c97 5000 
  0x00000275ae8f5168: 004d 8bda | 49c1 fb20 | 458b db45 | 0fbe c3c4 | 6239 f7c5 | 4489 8424 | ac00 0000 | 4585 c00f 
  0x00000275ae8f5188: 8cbb 5200 | 0041 81f8 | 0000 1000 | 0f87 0245 | 0000 4d63 | d841 81f8 | 0000 1000 | 0f87 9633 
  0x00000275ae8f51a8: 0000 498b | 87b8 0100 | 0049 83c3 | 1749 83e3 | f84c 8bc0 | 4d03 c34d | 3b87 c801 | 0000 0f83 
  0x00000275ae8f51c8: ;   {no_reloc}
  0x00000275ae8f51c8: 7433 0000 | 4d89 87b8 | 0100 0041 | 0f0d 8800 | 0100 0048 | c700 0100 | 0000 410f | 0d88 4001 
  0x00000275ae8f51e8: ;   {metadata({type array byte})}
  0x00000275ae8f51e8: 0000 c740 | 0818 2300 | 0044 8b9c | 24ac 0000 | 0044 8958 | 0c41 0f0d | 8880 0100 | 0048 8984 
  0x00000275ae8f5208: 24c0 0000 | 0044 8b94 | 24ac 0000 | 0044 8994 | 24ac 0000 | 004c 8b94 | 24b8 0000 | 0049 bb00 
  0x00000275ae8f5228: 0000 0001 | 0000 004d | 3bd3 0f8d | c222 0000 | 448b 9424 | a800 0000 | 41ff c244 | 8b84 24ac 
  0x00000275ae8f5248: 0000 0045 | 3bc2 0f82 | 7c46 0000 | 448b 9c24 | a800 0000 | 42c6 4418 | 102f 4c8b | 9424 b000 
  0x00000275ae8f5268: 0000 458b | 5a0c 448b | 8424 9c00 | 0000 c442 | 3af7 cb4d | 63c1 4c8b | 8c24 b800 | 0000 4d2b 
  0x00000275ae8f5288: c84c 898c | 24b0 0000 | 0045 8bc1 | 4489 8424 | a800 0000 | 4d8b c149 | b900 0000 | 0001 0000 
  0x00000275ae8f52a8: 004d 3bc1 | 0f8d d122 | 0000 4d8b | c24d 8d4a | 108b 8c24 | 9c00 0000 | 85c9 0f85 | d933 0000 
  0x00000275ae8f52c8: 448b 8424 | a800 0000 | 4585 c00f | 8c83 4600 | 0043 8d0c | 188b 9c24 | ac00 0000 | 3bd9 0f82 
  0x00000275ae8f52e8: ;   {no_reloc}
  0x00000275ae8f52e8: 7046 0000 | 4585 db76 | 2b4c 8b94 | 24c0 0000 | 004b 8d54 | 0210 4d63 | c349 8bc9 | c5f8 7749 
  0x00000275ae8f5308: baa0 6ed7 | ad75 0200 | 0041 ffd2 

  0x00000275ae8f5314: ;   {other}
  0x00000275ae8f5314: 0f1f 8400 | 0000 0000 | 4c8b 9424 | c000 0000 | 498b ea4c | 8b94 24b0 | 0000 004d | 85d2 0f85 
  0x00000275ae8f5334: 9126 0000 | 498b 87b8 | 0100 004c | 8bd0 4983 | c218 4d3b | 97c8 0100 | 000f 834a | 3200 004d 
  0x00000275ae8f5354: 8997 b801 | 0000 410f | 0d8a 0001 | 0000 48c7 | 0001 0000 

  0x00000275ae8f5368: ;   {metadata('java/lang/String')}
  0x00000275ae8f5368: 00c7 4008 | 78e8 0000 | 4489 600c | 4c89 6010 | 8968 1444 | 8b9c 2498 

  0x00000275ae8f5380: ;   {metadata('java/util/jar/JavaUtilJarAccessImpl')}
  0x00000275ae8f5380: 0000 0041 | 81fb a05b | 3100 0f85 | fc43 0000 | 4c8b 4c24 | 6041 8b69 | 1044 8b55 

  0x00000275ae8f539c: ;   {metadata('java/util/HashMap')}
  0x00000275ae8f539c: 0841 81fa | 68a9 0800 | 0f85 5244 | 0000 4c8b | d541 8b7a | 2485 ff0f | 8455 0100 | 0044 8b47 
  0x00000275ae8f53bc: 0c45 85c0 | 0f86 aa4e | 0000 488b | c88b 580c | 41ff c885 | db75 7244 | 0fb6 5011 | 4585 d20f 
  0x00000275ae8f53dc: 85c5 2a00 | 0044 8b50 | 1448 8bef | 498b d280 | 7810 000f | 85dd 2c00 | 0044 8944 | 243c 897c 
  0x00000275ae8f53fc: 2438 4889 | 4424 284c | 894c 2420 

  0x00000275ae8f5408: ;   {static_call}
  0x00000275ae8f5408: c5f8 77e8 

  0x00000275ae8f540c: ; ImmutableOopMap {rbp=Oop [32]=Oop [40]=Oop [48]=Oop [56]=NarrowOop [64]=Oop [72]=Oop [80]=NarrowOop [84]=NarrowOop [108]=NarrowOop [112]=Oop [120]=Oop [128]=Oop [136]=Oop [144]=Oop }
                      ;*invokestatic hashCode {reexecute=0 rethrow=0 return_oop=0}
                      ; - java.lang.String::hashCode@27
                      ; - java.util.HashMap::hash@9
                      ; - java.util.HashMap::getNode@23
                      ; - java.util.HashMap::get@2
                      ; - java.util.jar.Manifest::getAttributes@5
                      ; - java.util.jar.Manifest::getTrustedAttributes@2
                      ; - java.util.jar.JavaUtilJarAccessImpl::getTrustedAttributes@2
                      ; - java.net.URLClassLoader::isSealed@18
                      ; - java.net.URLClassLoader::getAndVerifyPackage@68
                      ; - java.net.URLClassLoader::defineClass@46
                      ; - java.net.URLClassLoader$1::run@43
                      ; - java.net.URLClassLoader$1::run@1
  0x00000275ae8f540c: 7099 49ff 

  0x00000275ae8f5410: ;   {other}
  0x00000275ae8f5410: 0f1f 8400 | 0028 000e | 85c0 0f84 | 952c 0000 | 488b 4c24 | 2889 410c | 448b d041 | c1ea 1044 
  0x00000275ae8f5430: 33d0 448b | 4424 3c45 | 23c2 4c8b | 4c24 208b | 7c24 38eb | 0d44 8bd3 | 41c1 ea10 | 4433 d345 
  0x00000275ae8f5450: 23c2 428b | 5c87 1085 | db0f 84af | 0000 0044 | 8b43 0c45 | 3bc2 0f85 | 5c0f 0000 | 448b 4310 
  0x00000275ae8f5470: 488b eb4c | 3bc1 0f85 | 3a10 0000 | 8b6d 1485 | ed0f 8487 | 0000 0044 

  0x00000275ae8f5488: ;   {metadata('java/util/jar/Attributes')}
  0x00000275ae8f5488: 8b55 0841 | 81fa 4088 | 1600 0f85 | 3861 0000 | 458b 5114 | 488b d545 | 85d2 743a | 4889 5424 
  0x00000275ae8f54a8: 3848 894c | 2428 4c89 | 4c24 2049 | 8bd2 4c8b | c166 6690 

  0x00000275ae8f54bc: ;   {optimized virtual_call}
  0x00000275ae8f54bc: c5f8 77e8 

  0x00000275ae8f54c0: ; ImmutableOopMap {[32]=Oop [40]=Oop [48]=Oop [56]=Oop [64]=Oop [72]=Oop [80]=NarrowOop [84]=NarrowOop [108]=NarrowOop [112]=Oop [120]=Oop [128]=Oop [136]=Oop [144]=Oop }
                      ;*invokevirtual isTrustedManifestEntry {reexecute=0 rethrow=0 return_oop=0}
                      ; - java.util.jar.Manifest::getTrustedAttributes@22
                      ; - java.util.jar.JavaUtilJarAccessImpl::getTrustedAttributes@2
                      ; - java.net.URLClassLoader::isSealed@18
                      ; - java.net.URLClassLoader::getAndVerifyPackage@68
                      ; - java.net.URLClassLoader::defineClass@46
                      ; - java.net.URLClassLoader$1::run@43
                      ; - java.net.URLClassLoader$1::run@1
  0x00000275ae8f54c0: bc92 49ff 

  0x00000275ae8f54c4: ;   {other}
  0x00000275ae8f54c4: 0f1f 8400 | b428 000f | 85c0 0f84 | 364b 0000 | 4c8b 4c24 | 2048 8b54 | 2438 4c89 

  0x00000275ae8f54e0: ;   {oop(a 'java/util/jar/Attributes$Name'{0x00000000802591d8})}
  0x00000275ae8f54e0: 4c24 2049 | b8d8 9125 | 8000 0000 | 0066 6690 

  0x00000275ae8f54f0: ;   {optimized virtual_call}
  0x00000275ae8f54f0: c5f8 77e8 

  0x00000275ae8f54f4: ; ImmutableOopMap {[32]=Oop [48]=Oop [64]=Oop [72]=Oop [80]=NarrowOop [84]=NarrowOop [108]=NarrowOop [112]=Oop [120]=Oop [128]=Oop [136]=Oop [144]=Oop }
                      ;*invokevirtual getValue {reexecute=0 rethrow=0 return_oop=1}
                      ; - java.net.URLClassLoader::isSealed@35
                      ; - java.net.URLClassLoader::getAndVerifyPackage@68
                      ; - java.net.URLClassLoader::defineClass@46
                      ; - java.net.URLClassLoader$1::run@43
                      ; - java.net.URLClassLoader$1::run@1
  0x00000275ae8f54f4: 8892 49ff 

  0x00000275ae8f54f8: ;   {other}
  0x00000275ae8f54f8: 0f1f 8400 | e828 0010 | 4885 c00f | 8553 5000 | 004c 8b4c | 2420 458b | 510c 418b | 6a0c 448b 
  0x00000275ae8f5518: ;   {metadata('java/util/LinkedHashMap')}
  0x00000275ae8f5518: 5508 4181 | fae8 a10f | 000f 8551 | 4300 004c | 8bc5 418b | 7824 85ff | 0f84 1201 | 0000 8b5f 
  0x00000275ae8f5538: 0c85 db0f | 869b 4d00 

  0x00000275ae8f5540: ;   {oop(a 'java/util/jar/Attributes$Name'{0x00000000802591d8})}
  0x00000275ae8f5540: 0049 bad8 | 9125 8000 | 0000 0045 | 8b52 0cff | cb45 8bda | 41c1 eb10 | 4533 da41 | 23db 8b4c 
  0x00000275ae8f5560: 9f10 85c9 | 0f84 de00 | 0000 8b59 | 0c41 3bdb | 0f85 dc0e | 0000 448b | 5110 488b 

  0x00000275ae8f557c: ;   {oop(a 'java/util/jar/Attributes$Name'{0x00000000802591d8})}
  0x00000275ae8f557c: e941 81fa | d891 2580 | 0f85 690f | 0000 4889 | ac24 a000 | 0000 450f | b650 3045 | 85d2 0f85 
  0x00000275ae8f559c: 4527 0000 | 4c8b 9424 | a000 0000 | 418b 6a14 | 85ed 0f84 | 9400 0000 | 448b 5d08 

  0x00000275ae8f55b8: ;   {metadata('java/lang/String')}
  0x00000275ae8f55b8: 4181 fb78 | e800 000f | 85b3 5f00 | 0048 8bfd 

  0x00000275ae8f55c8: ;   {oop("true"{0x0000000080000330})}
  0x00000275ae8f55c8: 48ba 3003 | 0080 0000 | 0000 483b | fa0f 84a6 | 1a00 0044 | 8b5f 1445 | 8b53 0c44 | 0fbe 4710 
  0x00000275ae8f55e8: c442 3af7 | d241 83fa | 040f 844e | 1a00 00eb | 4f44 8b54 | 246c 4d8b 

  0x00000275ae8f5600: ;   {metadata('java/lang/IllegalArgumentException')}
  0x00000275ae8f5600: c248 bdc0 | 9a06 bb75 | 0200 004c | 8b5c 2460 | 4d85 db0f | 845a 2700 | 004c 8944 | 2428 4c89 
  0x00000275ae8f5620: 5c24 2048 | 8b54 2478 | 4c8b 8424 | 8800 0000 | 4d8b cb48 | 8b7c 2428 

  0x00000275ae8f5638: ;   {optimized virtual_call}
  0x00000275ae8f5638: c5f8 77e8 

  0x00000275ae8f563c: ; ImmutableOopMap {[32]=Oop [40]=Oop [48]=Oop [64]=Oop [72]=Oop [80]=NarrowOop [84]=NarrowOop [108]=NarrowOop [112]=Oop [120]=Oop [128]=Oop [136]=Oop }
                      ;*invokevirtual definePackage {reexecute=0 rethrow=0 return_oop=1}
                      ; - java.net.URLClassLoader::defineClass@64
                      ; - java.net.URLClassLoader$1::run@43
                      ; - java.net.URLClassLoader$1::run@1
  0x00000275ae8f563c: c067 aef8 

  0x00000275ae8f5640: ;   {other}
  0x00000275ae8f5640: 0f1f 8400 | 302a 0011 | 448b 5424 | 5049 8bca | 4c8b 5c24 | 7048 8d9c | 2410 0100 | 0049 8b03 
  0x00000275ae8f5660: a802 0f85 | 2300 0000 | 4883 c801 | 4889 03f0 | 490f b11b | 0f84 3700 | 0000 482b | c448 2507 
  0x00000275ae8f5680: f0ff ff48 | 8903 e924 | 0000 004c | 8bc0 4833 | c0f0 4d0f | b178 3e48 | c703 0300 | 0000 7411 
  0x00000275ae8f56a0: 4c3b f875 | 1549 ff80 | 8600 0000 | 4833 c075 | 0949 ff87 | 5005 0000 | 33c0 0f85 | 203b 0000 
  0x00000275ae8f56c0: 453b 630c | 0f85 c001 | 0000 458b | 4320 458b | 4818 458b | 431c 4585 | c90f 842b | 4400 0049 
  0x00000275ae8f56e0: 8bd1 488d | 9c24 1801 | 0000 488b | 02a8 020f | 8523 0000 | 0048 83c8 | 0148 8903 | f048 0fb1 
  0x00000275ae8f5700: 1a0f 8437 | 0000 0048 | 2bc4 4825 | 07f0 ffff | 4889 03e9 | 2400 0000 | 488b f848 | 33c0 f04c 
  0x00000275ae8f5720: 0fb1 7f3e | 48c7 0303 | 0000 0074 | 114c 3bf8 | 7515 48ff | 8786 0000 | 0048 33c0 

  0x00000275ae8f573c: ;   {no_reloc}
  0x00000275ae8f573c: 7509 49ff | 8750 0500 | 0033 c00f | 850f 4500 | 0045 85c0 | 0f84 664e | 0000 4889 | 5424 6044 
  0x00000275ae8f575c: 8944 2450 | 4489 4c24 | 2448 894c | 2438 4c89 | 5c24 2844 | 8954 2420 | 488b ea90 

  0x00000275ae8f5778: ;   {optimized virtual_call}
  0x00000275ae8f5778: c5f8 77e8 

  0x00000275ae8f577c: ; ImmutableOopMap {rbp=Oop [32]=NarrowOop [36]=NarrowOop [40]=Oop [48]=Oop [56]=Oop [64]=Oop [72]=Oop [80]=NarrowOop [84]=NarrowOop [96]=Oop [108]=NarrowOop [128]=Oop }
                      ;*invokevirtual maybeInstantiateVerifier {reexecute=0 rethrow=0 return_oop=0}
                      ; - java.util.jar.JarFile::getInputStream@9
                      ; - jdk.internal.loader.URLClassPath$JarLoader$2::getInputStream@11
                      ; - jdk.internal.loader.Resource::cachedInputStream@9
                      ; - jdk.internal.loader.Resource::getByteBuffer@1
                      ; - java.net.URLClassLoader::defineClass@132
                      ; - java.net.URLClassLoader$1::run@43
                      ; - java.net.URLClassLoader$1::run@1
  0x00000275ae8f577c: 2056 d4ff 

  0x00000275ae8f5780: ;   {other}
  0x00000275ae8f5780: 0f1f 8400 | 702b 0012 | 448b 5c24 | 504d 8bc3 | 448b 4c24 | 2445 3b61 | 300f 8541 | 1000 0048 
  0x00000275ae8f57a0: 8bd5 4c8b | 5424 2849 | 8bea 6690 

  0x00000275ae8f57ac: ;   {optimized virtual_call}
  0x00000275ae8f57ac: c5f8 77e8 

  0x00000275ae8f57b0: ; ImmutableOopMap {rbp=Oop [32]=NarrowOop [40]=Oop [48]=Oop [56]=Oop [64]=Oop [72]=Oop [84]=NarrowOop [96]=Oop [108]=NarrowOop [128]=Oop }
                      ;*invokespecial getInputStream {reexecute=0 rethrow=0 return_oop=1}
                      ; - java.util.jar.JarFile::getInputStream@21
                      ; - jdk.internal.loader.URLClassPath$JarLoader$2::getInputStream@11
                      ; - jdk.internal.loader.Resource::cachedInputStream@9
                      ; - jdk.internal.loader.Resource::getByteBuffer@1
                      ; - java.net.URLClassLoader::defineClass@132
                      ; - java.net.URLClassLoader$1::run@43
                      ; - java.net.URLClassLoader$1::run@1
  0x00000275ae8f57b0: eccd d3ff 

  0x00000275ae8f57b4: ;   {other}
  0x00000275ae8f57b4: 0f1f 8400 | a42b 0013 | 488b d84c | 8b5c 2460 | 488d 8424 | 1801 0000 | 4883 3800 | 0f84 7900 
  0x00000275ae8f57d4: 0000 4d8b | 1341 f6c2 | 020f 8462 | 0000 0049 | 83ba 8600 | 0000 0074 | 0949 ff8a | 8600 0000 
  0x00000275ae8f57f4: eb4b 498b | 8296 0000 | 0049 0b82 | 8e00 0000 | 750a 49c7 | 423e 0000 | 0000 eb3d | 4983 ba9e 
  0x00000275ae8f5814: 0000 0000 | 7422 4833 | c049 c742 | 3e00 0000 | 00f0 8304 | 2400 4983 | ba9e 0000 | 0000 750d 
  0x00000275ae8f5834: f04d 0fb1 | 7a3e 7505 | 83c8 01eb | 0ca8 00eb | 084c 8b10 | f04d 0fb1 | 1375 0a49 | ff8f 5005 
  0x00000275ae8f5854: 0000 4533 | d20f 8555 | 4700 004c | 8b5c 2428 | 4d8b d34c | 8bc3 4589 | 430c 49c1 | ea09 49b8 
  0x00000275ae8f5874: 0000 60b5 | 7502 0000 | 4788 2410 | 448b 5424 | 2048 8b4c | 2438 4c8b | 4424 4841 | 8b68 0c48 
  0x00000275ae8f5894: 8d84 2410 | 0100 0048 | 8338 000f | 8479 0000 | 004d 8b03 | 41f6 c002 | 0f84 6200 

  0x00000275ae8f58b0: ;   {no_reloc}
  0x00000275ae8f58b0: 0000 4983 | b886 0000 | 0000 7409 | 49ff 8886 | 0000 00eb | 4b49 8b80 | 9600 0000 | 490b 808e 
  0x00000275ae8f58d0: 0000 0075 | 0a49 c740 | 3e00 0000 | 00eb 3d49 | 83b8 9e00 | 0000 0074 | 2248 33c0 | 49c7 403e 
  0x00000275ae8f58f0: 0000 0000 | f083 0424 | 0049 83b8 | 9e00 0000 | 0075 0df0 | 4d0f b178 | 3e75 0583 | c801 eb0c 
  0x00000275ae8f5910: a800 eb08 | 4c8b 00f0 | 4d0f b103 | 750a 49ff | 8f50 0500 | 0045 33c0 | 0f85 ec38 | 0000 448b 
  0x00000275ae8f5930: ;   {metadata('sun/nio/ByteBuffered')}
  0x00000275ae8f5930: 4508 48b8 | 7833 36bb | 7502 0000 | 48be 0000 | 00bb 7502 | 0000 4903 | f04c 8b46 | 204c 3bc0 
  0x00000275ae8f5950: 0f84 2d36 | 0000 4889 | 4c24 284d | 8bc3 4489 | 5424 2048 | 33ff 4c8b | 9ea0 0000 | 0049 8bd3 
  0x00000275ae8f5970: 48c1 e230 | 0f89 2100 | 0000 f348 | 0fb8 d248 | 8b5e 2848 | 3b04 d374 | 1549 0fba | e310 730b 
  0x00000275ae8f5990: 49c1 cb0f 

  0x00000275ae8f5994: ;   {runtime_call StubRoutines (compiler stubs)}
  0x00000275ae8f5994: e8fe 334b | ffeb 0348 | ffc7 4885 | ff0f 84d9 | 3500 0049 | 8bf0 488d | 9c24 1001 | 0000 498b 
  0x00000275ae8f59b4: 00a8 020f | 8523 0000 | 0048 83c8 | 0148 8903 | f049 0fb1 | 180f 8437 | 0000 0048 | 2bc4 4825 
  0x00000275ae8f59d4: 07f0 ffff | 4889 03e9 | 2400 0000 | 4c8b d048 | 33c0 f04d | 0fb1 7a3e | 48c7 0303 | 0000 0074 
  0x00000275ae8f59f4: 114c 3bf8 | 7515 49ff | 8286 0000 | 0048 33c0 | 7509 49ff | 8750 0500 | 0033 c00f | 8542 3800 
  0x00000275ae8f5a14: 0044 8b46 | 0c45 85c0 | 0f85 b201 | 0000 448b | 5e20 458b | 5318 448b | 461c 4585 | d20f 8409 
  0x00000275ae8f5a34: 4100 004d | 8bca 488d | 9c24 1801 | 0000 498b | 01a8 020f | 8523 0000 | 0048 83c8 | 0148 8903 
  0x00000275ae8f5a54: f049 0fb1 | 190f 8437 | 0000 0048 | 2bc4 4825 | 07f0 ffff | 4889 03e9 | 2400 0000 | 4c8b d848 
  0x00000275ae8f5a74: 33c0 f04d | 0fb1 7b3e | 48c7 0303 | 0000 0074 | 114c 3bf8 | 7515 49ff | 8386 0000 

  0x00000275ae8f5a90: ;   {no_reloc}
  0x00000275ae8f5a90: 0048 33c0 | 7509 49ff | 8750 0500 | 0033 c00f | 850c 4200 | 0045 85c0 | 0f84 724b | 0000 4c89 
  0x00000275ae8f5ab0: 4c24 6044 | 8944 2450 | 4489 5424 | 2448 8974 | 2438 498b | d149 8be9 

  0x00000275ae8f5ac8: ;   {optimized virtual_call}
  0x00000275ae8f5ac8: c5f8 77e8 

  0x00000275ae8f5acc: ; ImmutableOopMap {rbp=Oop [32]=NarrowOop [36]=NarrowOop [40]=Oop [48]=Oop [56]=Oop [64]=Oop [72]=Oop [80]=NarrowOop [84]=NarrowOop [96]=Oop [108]=NarrowOop [128]=Oop }
                      ;*invokevirtual maybeInstantiateVerifier {reexecute=0 rethrow=0 return_oop=0}
                      ; - java.util.jar.JarFile::getInputStream@9
                      ; - jdk.internal.loader.URLClassPath$JarLoader$2::getInputStream@11
                      ; - jdk.internal.loader.Resource::cachedInputStream@9
                      ; - jdk.internal.loader.Resource::getBytes@1
                      ; - jdk.internal.loader.URLClassPath$JarLoader$2::getBytes@1
                      ; - java.net.URLClassLoader::defineClass@179
                      ; - java.net.URLClassLoader$1::run@43
                      ; - java.net.URLClassLoader$1::run@1
  0x00000275ae8f5acc: b08c 49ff 

  0x00000275ae8f5ad0: ;   {other}
  0x00000275ae8f5ad0: 0f1f 8400 | c02e 0014 | 448b 4424 | 504d 8bc8 | 448b 5424 | 2445 3b62 | 300f 85aa | 1000 0048 
  0x00000275ae8f5af0: 8bd5 4d8b | c14c 8b54 | 2438 498b | ea66 6690 

  0x00000275ae8f5b00: ;   {optimized virtual_call}
  0x00000275ae8f5b00: c5f8 77e8 

  0x00000275ae8f5b04: ; ImmutableOopMap {rbp=Oop [32]=NarrowOop [40]=Oop [48]=Oop [56]=Oop [64]=Oop [72]=Oop [84]=NarrowOop [96]=Oop [108]=NarrowOop [128]=Oop }
                      ;*invokespecial getInputStream {reexecute=0 rethrow=0 return_oop=1}
                      ; - java.util.jar.JarFile::getInputStream@21
                      ; - jdk.internal.loader.URLClassPath$JarLoader$2::getInputStream@11
                      ; - jdk.internal.loader.Resource::cachedInputStream@9
                      ; - jdk.internal.loader.Resource::getBytes@1
                      ; - jdk.internal.loader.URLClassPath$JarLoader$2::getBytes@1
                      ; - java.net.URLClassLoader::defineClass@179
                      ; - java.net.URLClassLoader$1::run@43
                      ; - java.net.URLClassLoader$1::run@1
  0x00000275ae8f5b04: 788c 49ff 

  0x00000275ae8f5b08: ;   {other}
  0x00000275ae8f5b08: 0f1f 8400 | f82e 0015 | 488b d84c | 8b5c 2460 | 488d 8424 | 1801 0000 | 4883 3800 | 0f84 7900 
  0x00000275ae8f5b28: 0000 4d8b | 1341 f6c2 | 020f 8462 | 0000 0049 | 83ba 8600 | 0000 0074 | 0949 ff8a | 8600 0000 
  0x00000275ae8f5b48: eb4b 498b | 8296 0000 | 0049 0b82 | 8e00 0000 | 750a 49c7 | 423e 0000 | 0000 eb3d | 4983 ba9e 
  0x00000275ae8f5b68: 0000 0000 | 7422 4833 | c049 c742 | 3e00 0000 | 00f0 8304 | 2400 4983 | ba9e 0000 | 0000 750d 
  0x00000275ae8f5b88: f04d 0fb1 | 7a3e 7505 | 83c8 01eb | 0ca8 00eb | 084c 8b10 | f04d 0fb1 | 1375 0a49 | ff8f 5005 
  0x00000275ae8f5ba8: 0000 4533 | d20f 852c | 4400 0048 | 8b74 2438 | 4c8b d64c | 8bc3 4489 | 460c 49c1 | ea09 49bb 
  0x00000275ae8f5bc8: 0000 60b5 | 7502 0000 | 4788 2413 | 488d 8424 | 1001 0000 | 4883 3800 | 0f84 7900 | 0000 4c8b 
  0x00000275ae8f5be8: 1641 f6c2 | 020f 8462 | 0000 0049 | 83ba 8600 | 0000 0074 | 0949 ff8a | 8600 0000 

  0x00000275ae8f5c04: ;   {no_reloc}
  0x00000275ae8f5c04: eb4b 498b | 8296 0000 | 0049 0b82 | 8e00 0000 | 750a 49c7 | 423e 0000 | 0000 eb3d | 4983 ba9e 
  0x00000275ae8f5c24: 0000 0000 | 7422 4833 | c049 c742 | 3e00 0000 | 00f0 8304 | 2400 4983 | ba9e 0000 | 0000 750d 
  0x00000275ae8f5c44: f04d 0fb1 | 7a3e 7505 | 83c8 01eb | 0ca8 00eb | 084c 8b10 | f04c 0fb1 | 1675 0a49 | ff8f 5005 
  0x00000275ae8f5c64: 0000 4533 | d20f 8511 | 3600 004c | 8b54 2430 | 450f b652 | 3a45 85d2 | 0f85 6319 | 0000 4533 
  0x00000275ae8f5c84: c944 8b56 | 1c4d 8b52 | 2049 8b9f | b801 0000 | 488b cb48 | 83c1 1045 | 8bda 493b | 8fc8 0100 
  0x00000275ae8f5ca4: 000f 8352 | 2400 0049 | 898f b801 | 0000 0f0d | 8900 0100 | 0048 c703 | 0100 0000 | 0f0d 8940 
  0x00000275ae8f5cc4: ;   {metadata({type array byte})}
  0x00000275ae8f5cc4: 0100 00c7 | 4308 1823 | 0000 0f0d | 8980 0100 | 0044 8963 | 0c41 83fb | ff0f 84e5 | 4000 0045 
  0x00000275ae8f5ce4: 85db 7f16 | 4585 c00f | 84d7 4700 | 0048 899c | 2490 0000 | 00e9 1e02 | 0000 418b | 6808 498b 
  0x00000275ae8f5d04: d033 ff33 | c03b f80f | 8c8b 3100 | 0041 8bcb | 2bcf 448d | 9000 0400 | 0041 3bca | 410f 4fca 
  0x00000275ae8f5d24: 85c9 0f8c | d436 0000 | 4c8b eb49 | 83c5 1044 | 8d14 0f44 | 3bd0 0f84 | a614 0000 | 4181 fa00 
  0x00000275ae8f5d44: 0010 000f | 87de 2f00 | 004d 63f2 | 4c89 ac24 | 9000 0000 | 898c 2488 | 0000 0089 | 7c24 7448 
  0x00000275ae8f5d64: 8954 2478 | 896c 2470 | 4489 5c24 | 6848 895c | 2460 4489 | 4c24 5044 | 8944 2424 | 4889 7424 
  0x00000275ae8f5d84: 3844 8994 | 248c 0000 | 0041 3bc2 | 8be8 410f | 4fea 3bc5 | 0f82 0130 | 0000 443b | d50f 82f8 
  0x00000275ae8f5da4: 2f00 0049 | 83c6 174c | 89b4 2498 | 0000 004d | 8bd6 4983 | e2f8 4c89 | 9424 a000 | 0000 448b 
  0x00000275ae8f5dc4: ;   {no_reloc}
  0x00000275ae8f5dc4: 9424 8c00 | 0000 4181 | fa00 0010 | 000f 871c | 2100 0049 | 8b9f b801 | 0000 4c8b | d34c 8b9c 
  0x00000275ae8f5de4: 24a0 0000 | 004d 03d3 | 4d3b 97c8 | 0100 000f | 83fa 2000 | 004d 8997 | b801 0000 | 410f 0d8a 
  0x00000275ae8f5e04: 0001 0000 | 48c7 0301 | 0000 0041 | 0f0d 8a40 

  0x00000275ae8f5e14: ;   {metadata({type array byte})}
  0x00000275ae8f5e14: 0100 00c7 | 4308 1823 | 0000 448b | 9c24 8c00 | 0000 4489 | 5b0c 410f | 0d8a 8001 | 0000 488b 
  0x00000275ae8f5e34: d348 83c2 | 104c 8b9c | 2498 0000 | 0049 c1eb | 0385 ed0f | 84e6 2e00 | 003b ac24 | 8c00 0000 
  0x00000275ae8f5e54: 0f8c 1918 | 0000 4c8b | 8424 a000 | 0000 4983 | c0f0 49c1 | e803 488b | 8c24 9000 | 0000 c5f8 
  0x00000275ae8f5e74: 7749 ba60 | 74d7 ad75 | 0200 0041 

  0x00000275ae8f5e80: ;   {other}
  0x00000275ae8f5e80: ffd2 0f1f | 8400 0000 | 0000 448b | 530c 448b 

  0x00000275ae8f5e90: ;   {metadata('java/util/zip/ZipFile$ZipFileInflaterInputStream')}
  0x00000275ae8f5e90: 4424 7041 | 81f8 c0a4 | 3100 0f85 | 9b06 0000 | 4889 9c24 | 9000 0000 | 4489 5424 | 6448 8944 
  0x00000275ae8f5eb0: 24f8 8b44 | 2470 8944 | 2460 488b | 4424 f848 | 8b54 2478 | 4c8b c344 | 8b4c 2474 | 8bbc 2488 
  0x00000275ae8f5ed0: 0000 0048 | 8bea 6690 

  0x00000275ae8f5ed8: ;   {optimized virtual_call}
  0x00000275ae8f5ed8: c5f8 77e8 

  0x00000275ae8f5edc: ; ImmutableOopMap {rbp=Oop [32]=NarrowOop [36]=NarrowOop [40]=Oop [48]=Oop [56]=Oop [64]=Oop [72]=Oop [84]=NarrowOop [108]=NarrowOop [120]=Oop [128]=Oop [144]=Oop }
                      ;*invokevirtual read {reexecute=0 rethrow=0 return_oop=0}
                      ; - jdk.internal.loader.Resource::getBytes@117
                      ; - jdk.internal.loader.URLClassPath$JarLoader$2::getBytes@1
                      ; - java.net.URLClassLoader::defineClass@179
                      ; - java.net.URLClassLoader$1::run@43
                      ; - java.net.URLClassLoader$1::run@1
  0x00000275ae8f5edc: 808a c4ff 

  0x00000275ae8f5ee0: ;   {other}
  0x00000275ae8f5ee0: 0f1f 8400 | d032 0016 | 85c0 0f8c | 6c35 0000 | 448b 5424 | 7444 03d0 | 4d8b 9f58 

  0x00000275ae8f5efc: ; ImmutableOopMap {[32]=NarrowOop [36]=NarrowOop [40]=Oop [48]=Oop [56]=Oop [64]=Oop [72]=Oop [84]=NarrowOop [108]=NarrowOop [120]=Oop [128]=Oop [144]=Oop }
                      ;*goto {reexecute=1 rethrow=0 return_oop=0}
                      ; - (reexecute) jdk.internal.loader.Resource::getBytes@179
                      ; - jdk.internal.loader.URLClassPath$JarLoader$2::getBytes@1
                      ; - java.net.URLClassLoader::defineClass@179
                      ; - java.net.URLClassLoader$1::run@43
                      ; - java.net.URLClassLoader$1::run@1
                      ;   {poll}
  0x00000275ae8f5efc: 0400 0041 | 8503 443b | 5424 680f | 8c1c f1ff | ff48 8b74 | 2438 448b | 4424 2444 | 8b4c 2450 
  0x00000275ae8f5f1c: 458b 5008 

  0x00000275ae8f5f20: ;   {metadata('java/util/zip/ZipFile$ZipFileInflaterInputStream')}
  0x00000275ae8f5f20: 498b d041 | 81fa c0a4 | 3100 0f85 | 5412 0000 | 4489 4c24 | 2448 8974 | 2430 6690 

  0x00000275ae8f5f3c: ;   {optimized virtual_call}
  0x00000275ae8f5f3c: c5f8 77e8 

  0x00000275ae8f5f40: ; ImmutableOopMap {[32]=NarrowOop [40]=Oop [48]=Oop [64]=Oop [72]=Oop [84]=NarrowOop [108]=NarrowOop [128]=Oop [144]=Oop }
                      ;*invokevirtual close {reexecute=0 rethrow=0 return_oop=0}
                      ; - jdk.internal.loader.Resource::getBytes@183
                      ; - jdk.internal.loader.URLClassPath$JarLoader$2::getBytes@1
                      ; - java.net.URLClassLoader::defineClass@179
                      ; - java.net.URLClassLoader$1::run@43
                      ; - java.net.URLClassLoader$1::run@1
  0x00000275ae8f5f40: 3cb3 cbff 

  0x00000275ae8f5f44: ;   {other}
  0x00000275ae8f5f44: 0f1f 8400 | 3433 0018 | 488b 7424 | 3044 8b4c | 2424 4585 | c90f 855c | 3f00 0048 | 8bbc 2490 
  0x00000275ae8f5f64: 0000 008b | 5f0c 85db | 0f86 a63e | 0000 8d6b | ff3b eb0f | 833b 3000 | 0048 8b94 | 2490 0000 
  0x00000275ae8f5f84: 0048 83c2 | 1033 c944 | 8bc3 c5f8 | 7749 bae0 | 12d4 ad75 | 0200 0041 

  0x00000275ae8f5f9c: ;   {other}
  0x00000275ae8f5f9c: ffd2 0f1f | 8400 0000 | 0000 8b6e | 1c4c 8b55 | 1844 8bd8 | 4d3b da0f | 85a3 3e00 | 0044 8b5d 
  0x00000275ae8f5fbc: ;   {metadata('java/util/jar/JarFile$JarFileEntry')}
  0x00000275ae8f5fbc: 0841 81fb | d032 3100 | 0f85 e732 | 0000 4c8b | c545 8b50 | 6445 85d2 | 0f84 2630 | 0000 498b 
  0x00000275ae8f5fdc: e889 5c24 | 2449 8bd2 

  0x00000275ae8f5fe4: ;   {optimized virtual_call}
  0x00000275ae8f5fe4: c5f8 77e8 

  0x00000275ae8f5fe8: ; ImmutableOopMap {rbp=Oop [32]=NarrowOop [40]=Oop [64]=Oop [72]=Oop [84]=NarrowOop [108]=NarrowOop [128]=Oop [144]=Oop }
                      ;*invokevirtual maybeInstantiateVerifier {reexecute=0 rethrow=0 return_oop=0}
                      ; - java.util.jar.JarFile$JarFileEntry::getCodeSigners@4
                      ; - jdk.internal.loader.URLClassPath$JarLoader$2::getCodeSigners@4
                      ; - java.net.URLClassLoader::defineClass@185
                      ; - java.net.URLClassLoader$1::run@43
                      ; - java.net.URLClassLoader$1::run@1
  0x00000275ae8f5fe8: b44d d4ff 

  0x00000275ae8f5fec: ;   {other}
  0x00000275ae8f5fec: 0f1f 8400 | dc33 0019 | 4c8b cd45 | 8b41 5c45 | 85c0 0f85 | fa12 0000 | 458b 5164 

  0x00000275ae8f6008: ; implicit exception: dispatches to 0x00000275ae8fb8f8
  0x00000275ae8f6008: 418b 6a30 | 85ed 0f85 | 683f 0000 | 4d8b 9fb8 | 0100 004d | 8bd3 4983 | c228 4d3b | 97c8 0100 
  0x00000275ae8f6028: 000f 8317 | 2100 004d | 8997 b801 | 0000 410f | 0d8a 0001 | 0000 49c7 | 0301 0000 

  0x00000275ae8f6044: ;   {metadata('java/security/CodeSource')}
  0x00000275ae8f6044: 0041 c743 | 0828 5c00 | 0045 8963 | 0c4d 8963 | 104d 8963 | 184d 8963 | 2044 8b54 | 246c 4589 
  0x00000275ae8f6064: 530c 4585 | d20f 8485 | 3e00 0049 | 8beb 498b | d266 6690 

  0x00000275ae8f6078: ;   {static_call}
  0x00000275ae8f6078: c5f8 77e8 

  0x00000275ae8f607c: ; ImmutableOopMap {rbp=Oop [32]=NarrowOop [40]=Oop [64]=Oop [72]=Oop [84]=NarrowOop [128]=Oop [144]=Oop [232]=Oop }
                      ;*invokestatic urlNoFragString {reexecute=0 rethrow=0 return_oop=1}
                      ; - java.security.CodeSource::<init>@30
                      ; - java.net.URLClassLoader::defineClass@198
                      ; - java.net.URLClassLoader$1::run@43
                      ; - java.net.URLClassLoader$1::run@1
  0x00000275ae8f607c: 60fd dcff 

  0x00000275ae8f6080: ;   {other}
  0x00000275ae8f6080: 0f1f 8400 | 7034 001a | 4c8b d048 | 8bfd 4489 | 5720 4c8b | d749 c1ea | 0949 bb00 | 0060 b575 
  0x00000275ae8f60a0: 0200 0047 | 8824 134c | 8b8c 24e8 | 0000 004d | 85c9 0f85 | 1010 0000 | c5f8 7749 | bad0 30d9 
  0x00000275ae8f60c0: 26f8 7f00 | 0041 ffd2 

  0x00000275ae8f60c8: ;   {other}
  0x00000275ae8f60c8: 0f1f 8400 | 0000 0000 | 4c8b c04c | 2b44 2458 

  0x00000275ae8f60d8: ;   {oop(a 'jdk/internal/perf/PerfCounter'{0x0000000080003428})}
  0x00000275ae8f60d8: 49bb 2834 | 0080 0000 | 0000 488d | 9c24 1001 | 0000 498b | 03a8 020f | 8523 0000 | 0048 83c8 
  0x00000275ae8f60f8: 0148 8903 | f049 0fb1 | 1b0f 8437 | 0000 0048 | 2bc4 4825 | 07f0 ffff | 4889 03e9 | 2400 0000 
  0x00000275ae8f6118: 4c8b d048 | 33c0 f04d | 0fb1 7a3e | 48c7 0303 | 0000 0074 | 114c 3bf8 | 7515 49ff | 8286 0000 
  0x00000275ae8f6138: 0048 33c0 | 7509 49ff | 8750 0500 | 0033 c00f | 858f 3100 

  0x00000275ae8f614c: ;   {oop(a 'jdk/internal/perf/PerfCounter'{0x0000000080003428})}
  0x00000275ae8f614c: 0049 ba28 | 3400 8000 | 0000 0045 | 8b4a 1041 | 8b69 2485 | ed0f 85d1 | 3d00 0041 | 8b69 1c85 
  0x00000275ae8f616c: ed0f 8ca2 | 3100 0085 | ed0f 84b1 | 2e00 004d | 8b51 104d 

  0x00000275ae8f6180: ;   {oop(a 'jdk/internal/perf/PerfCounter'{0x0000000080003428})}
  0x00000275ae8f6180: 0102 49bb | 2834 0080 | 0000 0000 | 488d 8424 | 1001 0000 | 4883 3800 | 0f84 7900 | 0000 4d8b 
  0x00000275ae8f61a0: 1341 f6c2 | 020f 8462 | 0000 0049 | 83ba 8600 | 0000 0074 | 0949 ff8a | 8600 0000 | eb4b 498b 
  0x00000275ae8f61c0: 8296 0000 | 0049 0b82 | 8e00 0000 | 750a 49c7 | 423e 0000 | 0000 eb3d | 4983 ba9e | 0000 0000 
  0x00000275ae8f61e0: 7422 4833 | c049 c742 | 3e00 0000 | 00f0 8304 | 2400 4983 | ba9e 0000 | 0000 750d | f04d 0fb1 
  0x00000275ae8f6200: 7a3e 7505 | 83c8 01eb | 0ca8 00eb | 084c 8b10 | f04d 0fb1 | 1375 0a49 | ff8f 5005 | 0000 4533 
  0x00000275ae8f6220: d20f 8531 | 3100 0049 | 8b8f b801 | 0000 4c8b | d149 83c2 | 104d 3b97 | c801 0000 | 0f83 601f 
  0x00000275ae8f6240: 0000 4d89 | 97b8 0100 | 0041 0f0d | 8a00 0100 | 0048 c701 | 0100 0000 

  0x00000275ae8f6258: ;   {metadata('java/security/SecureClassLoader$CodeSourceKey')}
  0x00000275ae8f6258: c741 08b8 | b411 0044 | 8961 0c4c | 8bdf 4489 | 590c 4d8b | 8fb8 0100 | 0044 8b5c | 2420 418b 
  0x00000275ae8f6278: 6b50 4d8b | d149 83c2 | 104d 3b97 | c801 0000 | 0f83 e21e | 0000 4d89 | 97b8 0100 | 0041 0f0d 
  0x00000275ae8f6298: 8a00 0100 | 0049 c701 | 0100 0000 

  0x00000275ae8f62a4: ;   {metadata('java/security/SecureClassLoader$1')}
  0x00000275ae8f62a4: 41c7 4108 | 50ba 1100 | 4589 610c | 4589 590c 

  0x00000275ae8f62b4: ; implicit exception: dispatches to 0x00000275ae8fb8b8
  0x00000275ae8f62b4: 448b 4508 

  0x00000275ae8f62b8: ;   {metadata('java/util/concurrent/ConcurrentHashMap')}
  0x00000275ae8f62b8: 4181 f880 | 2706 000f | 85c5 3000 | 0044 895c | 2420 488b | d54c 8bc1 

  0x00000275ae8f62d0: ;   {optimized virtual_call}
  0x00000275ae8f62d0: c5f8 77e8 

  0x00000275ae8f62d4: ; ImmutableOopMap {[32]=NarrowOop [40]=Oop [64]=Oop [72]=Oop [84]=NarrowOop [128]=Oop [144]=Oop }
                      ;*invokeinterface computeIfAbsent {reexecute=0 rethrow=0 return_oop=1}
                      ; - java.security.SecureClassLoader::getProtectionDomain@28
                      ; - java.security.SecureClassLoader::defineClass@9
                      ; - java.net.URLClassLoader::defineClass@220
                      ; - java.net.URLClassLoader$1::run@43
                      ; - java.net.URLClassLoader$1::run@1
  0x00000275ae8f62d4: 8840 09f9 

  0x00000275ae8f62d8: ;   {other}
  0x00000275ae8f62d8: 0f1f 8400 | c836 001b 

  0x00000275ae8f62e0: ; implicit exception: dispatches to 0x00000275ae8fb8dc
  0x00000275ae8f62e0: 448b 5008 

  0x00000275ae8f62e4: ;   {metadata('java/security/ProtectionDomain')}
  0x00000275ae8f62e4: 4181 fae8 | 5800 000f | 85cf 5300 | 0048 8bc8 | 488b 5424 | 284c 8b84 | 2480 0000 | 004c 8b8c 
  0x00000275ae8f6304: 2490 0000 | 0033 ff8b | 7424 2490 

  0x00000275ae8f6310: ;   {optimized virtual_call}
  0x00000275ae8f6310: c5f8 77e8 

  0x00000275ae8f6314: ; ImmutableOopMap {[64]=Oop [72]=Oop }
                      ;*invokevirtual defineClass {reexecute=0 rethrow=0 return_oop=1}
                      ; - java.security.SecureClassLoader::defineClass@12
                      ; - java.net.URLClassLoader::defineClass@220
                      ; - java.net.URLClassLoader$1::run@43
                      ; - java.net.URLClassLoader$1::run@1
  0x00000275ae8f6314: e8e6 d2ff 

  0x00000275ae8f6318: ;   {other}
  0x00000275ae8f6318: 0f1f 8400 | 0837 001c | c5f8 7748 | 81c4 3001 

  0x00000275ae8f6328: ;   {poll_return}
  0x00000275ae8f6328: 0000 5d49 | 3ba7 5004 | 0000 0f87 | 5a6a 0000 | c349 8b87 | b801 0000 | 4c8b d049 | 83c2 184d 
  0x00000275ae8f6348: 3b97 c801 | 0000 0f83 | d024 0000 | 4d89 97b8 | 0100 0041 | 0f0d 8a00 | 0100 0048 | c700 0100 
  0x00000275ae8f6368: ;   {metadata('java/lang/String')}
  0x00000275ae8f6368: 0000 c740 | 0878 e800 | 0044 8960 | 0c44 8960 

  0x00000275ae8f6378: ;   {oop([B{0x00000000802d3a18})}
  0x00000275ae8f6378: 10c7 4014 | 183a 2d80 

  0x00000275ae8f6380: ;   {oop(".class"{0x00000000800044c8})}
  0x00000275ae8f6380: 49ba c844 | 0080 0000 | 0000 450f | b652 1144 

  0x00000275ae8f6390: ;   {oop(".class"{0x00000000800044c8})}
  0x00000275ae8f6390: 8850 1149 | bac8 4400 | 8000 0000 | 0045 8b5a | 0c44 8958 | 0ce9 7bd9 | ffff 41b8 | 2f00 0000 
  0x00000275ae8f63b0: e9b4 d5ff | ff4c 8b4c | 2420 488b | 4c24 2844 | 8b54 2438 | 8b5c 243c | 448b 4318 | 4585 c00f 
  0x00000275ae8f63d0: 8439 f1ff | ff8b 7b08 

  0x00000275ae8f63d8: ;   {metadata('java/util/HashMap$TreeNode')}
  0x00000275ae8f63d8: 81ff 2001 | 1a00 0f84 | 1046 0000 | 498b e844 | 8b45 0c45 | 3bc2 0f85 | 080c 0000 | 448b 5d10 
  0x00000275ae8f63f8: 4d8b c34c | 3bc1 0f84 | 78f0 ffff | 4489 5424 | 3848 894c | 2428 4c89 | 4c24 2048 | 8bd1 6690 
  0x00000275ae8f6418: ;   {optimized virtual_call}
  0x00000275ae8f6418: c5f8 77e8 

  0x00000275ae8f641c: ; ImmutableOopMap {rbp=Oop [32]=Oop [40]=Oop [48]=Oop [64]=Oop [72]=Oop [80]=NarrowOop [84]=NarrowOop [108]=NarrowOop [112]=Oop [120]=Oop [128]=Oop [136]=Oop [144]=Oop }
                      ;*invokevirtual equals {reexecute=0 rethrow=0 return_oop=0}
                      ; - java.util.HashMap::getNode@128
                      ; - java.util.HashMap::get@2
                      ; - java.util.jar.Manifest::getAttributes@5
                      ; - java.util.jar.Manifest::getTrustedAttributes@2
                      ; - java.util.jar.JavaUtilJarAccessImpl::getTrustedAttributes@2
                      ; - java.net.URLClassLoader::isSealed@18
                      ; - java.net.URLClassLoader::getAndVerifyPackage@68
                      ; - java.net.URLClassLoader::defineClass@46
                      ; - java.net.URLClassLoader$1::run@43
                      ; - java.net.URLClassLoader$1::run@1
  0x00000275ae8f641c: 6083 49ff 

  0x00000275ae8f6420: ;   {other}
  0x00000275ae8f6420: 0f1f 8400 | 1038 001d | 85c0 0f84 | bd0b 0000 | 4c8b 4c24 | 2048 8b4c | 2428 e93d | f0ff ff4c 
  0x00000275ae8f6440: 8b4c 2420 | 4c8b 4424 | 2844 8b5c | 2438 8b4c | 243c 448b | 5118 4585 | d20f 84e9 | f1ff ff8b 
  0x00000275ae8f6460: ;   {metadata('java/util/HashMap$TreeNode')}
  0x00000275ae8f6460: 5908 81fb | 2001 1a00 | 0f84 0a46 | 0000 498b | ea8b 4d0c | 413b cb0f | 85ac 0b00 | 008b 4d10 
  0x00000275ae8f6480: ;   {oop(a 'java/util/jar/Attributes$Name'{0x00000000802591d8})}
  0x00000275ae8f6480: 81f9 d891 | 2580 0f85 | a111 0000 | 4889 ac24 | a000 0000 | e9f9 f0ff | ff41 bb2f | 0000 00e9 
  0x00000275ae8f64a0: c5ea ffff | 33c9 e99f | d3ff ff41 | bb2f 0000 | 00e9 99d5 | ffff 895c | 243c 4489 | 5424 3848 
  0x00000275ae8f64c0: 894c 2428 | 4c89 4c24 | 2048 8bd1 

  0x00000275ae8f64cc: ;   {optimized virtual_call}
  0x00000275ae8f64cc: c5f8 77e8 

  0x00000275ae8f64d0: ; ImmutableOopMap {rbp=Oop [32]=Oop [40]=Oop [48]=Oop [60]=NarrowOop [64]=Oop [72]=Oop [80]=NarrowOop [84]=NarrowOop [108]=NarrowOop [112]=Oop [120]=Oop [128]=Oop [136]=Oop [144]=Oop }
                      ;*invokevirtual equals {reexecute=0 rethrow=0 return_oop=0}
                      ; - java.util.HashMap::getNode@63
                      ; - java.util.HashMap::get@2
                      ; - java.util.jar.Manifest::getAttributes@5
                      ; - java.util.jar.Manifest::getTrustedAttributes@2
                      ; - java.util.jar.JavaUtilJarAccessImpl::getTrustedAttributes@2
                      ; - java.net.URLClassLoader::isSealed@18
                      ; - java.net.URLClassLoader::getAndVerifyPackage@68
                      ; - java.net.URLClassLoader::defineClass@46
                      ; - java.net.URLClassLoader$1::run@43
                      ; - java.net.URLClassLoader$1::run@1
  0x00000275ae8f64d0: ac82 49ff 

  0x00000275ae8f64d4: ;   {other}
  0x00000275ae8f64d4: 0f1f 8400 | c438 001e | 85c0 0f84 | d1fe ffff | 4c8b 4c24 | 2048 8b4c | 2428 e989 | efff ff89 
  0x00000275ae8f64f4: 4c24 3c44 | 895c 2438 | 4c89 4424 | 284c 894c | 2420 4d8b 

  0x00000275ae8f6508: ;   {oop(a 'java/util/jar/Attributes$Name'{0x00000000802591d8})}
  0x00000275ae8f6508: c248 bad8 | 9125 8000 | 0000 0090 

  0x00000275ae8f6514: ;   {optimized virtual_call}
  0x00000275ae8f6514: c5f8 77e8 

  0x00000275ae8f6518: ; ImmutableOopMap {rbp=Oop [32]=Oop [40]=Oop [48]=Oop [60]=NarrowOop [64]=Oop [72]=Oop [80]=NarrowOop [84]=NarrowOop [108]=NarrowOop [112]=Oop [120]=Oop [128]=Oop [136]=Oop [144]=Oop }
                      ;*invokevirtual equals {reexecute=0 rethrow=0 return_oop=0}
                      ; - java.util.HashMap::getNode@63
                      ; - java.util.LinkedHashMap::get@2
                      ; - java.util.jar.Attributes::get@5
                      ; - java.util.jar.Attributes::getValue@2
                      ; - java.net.URLClassLoader::isSealed@58
                      ; - java.net.URLClassLoader::getAndVerifyPackage@68
                      ; - java.net.URLClassLoader::defineClass@46
                      ; - java.net.URLClassLoader$1::run@43
                      ; - java.net.URLClassLoader$1::run@1
  0x00000275ae8f6518: 6482 49ff 

  0x00000275ae8f651c: ;   {other}
  0x00000275ae8f651c: 0f1f 8400 | 0c39 001f | 85c0 0f84 | 13ff ffff | 4c8b 4c24 | 204c 8b44 | 2428 e94f 

  0x00000275ae8f6538: ;   {metadata('java/util/jar/JarVerifier$VerifierStream')}
  0x00000275ae8f6538: f0ff ff41 | 81f8 a0ed | 0701 0f85 | 9845 0000 | 4889 9c24 | 9000 0000 | 4489 5424 | 6448 8944 
  0x00000275ae8f6558: 24f8 8b44 | 2470 8944 | 2460 488b | 4424 f84c | 8b54 2478 | 4c89 9424 | 9800 0000 | 418b 6a0c 
  0x00000275ae8f6578: ; implicit exception: dispatches to 0x00000275ae8fbfb0
  0x00000275ae8f6578: 448b 5d08 | 4d8b 5210 | 4d85 d20f | 8e97 1900 | 004c 6384 | 2488 0000 | 004d 3bd0 | 0f8c c31d 
  0x00000275ae8f6598: 0000 448b | 8424 8800 | 0000 4489 | 8424 c400 

  0x00000275ae8f65a8: ;   {metadata('java/util/zip/ZipFile$ZipFileInflaterInputStream')}
  0x00000275ae8f65a8: 0000 4181 | fbc0 a431 | 000f 8585 | 4500 0048 | 8bd5 4c8b | c344 8b4c | 2474 8bbc | 24c4 0000 
  0x00000275ae8f65c8: 0048 8b6c | 2440 6690 

  0x00000275ae8f65d0: ;   {optimized virtual_call}
  0x00000275ae8f65d0: c5f8 77e8 

  0x00000275ae8f65d4: ; ImmutableOopMap {rbp=Oop [32]=NarrowOop [36]=NarrowOop [40]=Oop [48]=Oop [56]=Oop [64]=Oop [72]=Oop [84]=NarrowOop [108]=NarrowOop [120]=Oop [128]=Oop [144]=Oop [152]=Oop }
                      ;*invokevirtual read {reexecute=0 rethrow=0 return_oop=0}
                      ; - java.util.jar.JarVerifier$VerifierStream::read@45
                      ; - jdk.internal.loader.Resource::getBytes@117
                      ; - jdk.internal.loader.URLClassPath$JarLoader$2::getBytes@1
                      ; - java.net.URLClassLoader::defineClass@179
                      ; - java.net.URLClassLoader$1::run@43
                      ; - java.net.URLClassLoader$1::run@1
  0x00000275ae8f65d4: a881 49ff 

  0x00000275ae8f65d8: ;   {other}
  0x00000275ae8f65d8: 0f1f 8400 | c839 0020 | 8944 2470 | 4c8b 9424 | 9800 0000 | 458b 5a18 | 458b 521c | 4489 9424 
  0x00000275ae8f65f8: 8800 0000 

  0x00000275ae8f65fc: ; implicit exception: dispatches to 0x00000275ae8fbcdc
  0x00000275ae8f65fc: 450f b653 | 0c83 f8ff | 7523 498b | d344 8b94 | 2488 0000 | 004d 8bc2 

  0x00000275ae8f6614: ;   {optimized virtual_call}
  0x00000275ae8f6614: c5f8 77e8 

  0x00000275ae8f6618: ; ImmutableOopMap {rbp=Oop [32]=NarrowOop [36]=NarrowOop [40]=Oop [48]=Oop [56]=Oop [64]=Oop [72]=Oop [84]=NarrowOop [108]=NarrowOop [120]=Oop [128]=Oop [144]=Oop [152]=Oop }
                      ;*invokevirtual processEntry {reexecute=0 rethrow=0 return_oop=0}
                      ; - java.util.jar.JarVerifier::update@39
                      ; - java.util.jar.JarVerifier$VerifierStream::read@63
                      ; - jdk.internal.loader.Resource::getBytes@117
                      ; - jdk.internal.loader.URLClassPath$JarLoader$2::getBytes@1
                      ; - java.net.URLClassLoader::defineClass@179
                      ; - java.net.URLClassLoader$1::run@43
                      ; - java.net.URLClassLoader$1::run@1
  0x00000275ae8f6618: 6481 49ff 

  0x00000275ae8f661c: ;   {other}
  0x00000275ae8f661c: 0f1f 8400 | 0c3a 0021 | e926 0100 | 0045 85d2 | 0f85 4a19 | 0000 448b | 9424 8800 | 0000 450f 
  0x00000275ae8f663c: b65a 0c45 | 85db 0f85 | 0701 0000 | 458b 5a14 | 458b cb41 | 8b6b 1085 | ed0f 8ef4 | 0000 0044 
  0x00000275ae8f665c: 8b54 2464 | 442b 5424 | 7444 3bd0 | 0f8c b648 | 0000 448b | 9c24 8800 | 0000 4d8b | d34c 8994 
  0x00000275ae8f667c: 24a0 0000 | 0045 33db | 418b db66 | 0f1f 8400 | 0000 0000 

  0x00000275ae8f6690: ; implicit exception: dispatches to 0x00000275ae8fbdec
  0x00000275ae8f6690: 418b 6910 | 85ed 0f8c | d046 0000 | 3bdd 0f83 | 1445 0000 | 458b 5114 | 458b da44 | 8bc3 4489 
  0x00000275ae8f66b0: 8424 8c00 | 0000 458b | 520c 453b | c20f 838d | 4500 0045 | 8bd3 438b | 6c82 1044 

  0x00000275ae8f66cc: ;   {metadata('java/security/MessageDigest$Delegate$CloneableDelegate')}
  0x00000275ae8f66cc: 8b55 0841 | 81fa e01e | 0701 0f85 | 644f 0000 | 448b 5d1c | 498b d34c | 8b84 2490 | 0000 0044 
  0x00000275ae8f66ec: 8b4c 2474 | 8b7c 2470 | 6690 c5f8 | 7748 b8ff | ffff ffff 

  0x00000275ae8f6700: ;   {virtual_call}
  0x00000275ae8f6700: ffff ffe8 

  0x00000275ae8f6704: ; ImmutableOopMap {rbp=Oop [32]=NarrowOop [36]=NarrowOop [40]=Oop [48]=Oop [56]=Oop [64]=Oop [72]=Oop [84]=NarrowOop [108]=NarrowOop [120]=Oop [128]=Oop [136]=NarrowOop [144]=Oop [152]=Oop [160]=Oop }
                      ;*invokevirtual engineUpdate {reexecute=0 rethrow=0 return_oop=0}
                      ; - java.security.MessageDigest$Delegate::engineUpdate@7
                      ; - java.security.MessageDigest::update@36
                      ; - sun.security.util.ManifestEntryVerifier::update@38
                      ; - java.util.jar.JarVerifier::update@30
                      ; - java.util.jar.JarVerifier$VerifierStream::read@63
                      ; - jdk.internal.loader.Resource::getBytes@117
                      ; - jdk.internal.loader.URLClassPath$JarLoader$2::getBytes@1
                      ; - java.net.URLClassLoader::defineClass@179
                      ; - java.net.URLClassLoader$1::run@43
                      ; - java.net.URLClassLoader$1::run@1
  0x00000275ae8f6704: 7883 49ff 

  0x00000275ae8f6708: ;   {other}
  0x00000275ae8f6708: 0f1f 8400 | f83a 0022 | c745 1001 | 0000 004d | 8b9f 5804 | 0000 448b | 9424 8800 | 0000 458b 
  0x00000275ae8f6728: 4214 458b | c844 8b84 | 248c 0000 | 0041 ffc0 

  0x00000275ae8f6738: ; ImmutableOopMap {r9=NarrowOop [32]=NarrowOop [36]=NarrowOop [40]=Oop [48]=Oop [56]=Oop [64]=Oop [72]=Oop [84]=NarrowOop [108]=NarrowOop [120]=Oop [128]=Oop [136]=NarrowOop [144]=Oop [152]=Oop [160]=Oop }
                      ;*goto {reexecute=1 rethrow=0 return_oop=0}
                      ; - (reexecute) sun.security.util.ManifestEntryVerifier::update@44
                      ; - java.util.jar.JarVerifier::update@30
                      ; - java.util.jar.JarVerifier$VerifierStream::read@63
                      ; - jdk.internal.loader.Resource::getBytes@117
                      ; - jdk.internal.loader.URLClassPath$JarLoader$2::getBytes@1
                      ; - java.net.URLClassLoader::defineClass@179
                      ; - java.net.URLClassLoader$1::run@43
                      ; - java.net.URLClassLoader$1::run@1
                      ;   {poll}
  0x00000275ae8f6738: 458b d041 | 8503 458b | 4110 453b | d07d 0841 | 8bda e941 | ffff ff4c | 8b94 2498 | 0000 004d 
  0x00000275ae8f6758: 8b52 104c | 635c 2470 | 4d2b d34c | 8b9c 2498 | 0000 004d | 8953 104d | 85d2 7530 | 4d8b d341 
  0x00000275ae8f6778: 8b6a 1c45 | 8b52 1845 | 85d2 0f84 | 2847 0000 | 4c8b c549 | 8bd2 488b | 6c24 4090 

  0x00000275ae8f6794: ;   {optimized virtual_call}
  0x00000275ae8f6794: c5f8 77e8 

  0x00000275ae8f6798: ; ImmutableOopMap {rbp=Oop [32]=NarrowOop [36]=NarrowOop [40]=Oop [48]=Oop [56]=Oop [64]=Oop [72]=Oop [84]=NarrowOop [108]=NarrowOop [120]=Oop [128]=Oop [144]=Oop [152]=Oop }
                      ;*invokevirtual processEntry {reexecute=0 rethrow=0 return_oop=0}
                      ; - java.util.jar.JarVerifier::update@39
                      ; - java.util.jar.JarVerifier$VerifierStream::read@99
                      ; - jdk.internal.loader.Resource::getBytes@117
                      ; - jdk.internal.loader.URLClassPath$JarLoader$2::getBytes@1
                      ; - java.net.URLClassLoader::defineClass@179
                      ; - java.net.URLClassLoader$1::run@43
                      ; - java.net.URLClassLoader$1::run@1
  0x00000275ae8f6798: e47f 49ff 

  0x00000275ae8f679c: ;   {other}
  0x00000275ae8f679c: 0f1f 8400 | 8c3b 0024 | 448b 5424 | 7041 8bc2 | e937 f7ff | ff45 33d2 | 4489 9424 | a800 0000 
  0x00000275ae8f67bc: e90d e6ff | ff41 ba2f | 0000 00e9 | b3e8 ffff | 4c89 9424 | 8800 0000 | e952 daff | ff33 c0e9 
  0x00000275ae8f67dc: 40fb ffff | 450f b651 | 1145 85d2 | 0f84 2e1a | 0000 4489 | 8c24 c000 | 0000 4c89 | 4424 7041 
  0x00000275ae8f67fc: 8beb 488b | 5424 6090 

  0x00000275ae8f6804: ;   {optimized virtual_call}
  0x00000275ae8f6804: c5f8 77e8 

  0x00000275ae8f6808: ; ImmutableOopMap {rbp=NarrowOop [32]=NarrowOop [40]=Oop [48]=Oop [56]=Oop [64]=Oop [72]=Oop [84]=NarrowOop [96]=Oop [108]=NarrowOop [112]=Oop [128]=Oop [192]=NarrowOop }
                      ;*invokevirtual verifiableEntry {reexecute=0 rethrow=0 return_oop=1}
                      ; - java.util.jar.JarFile::getInputStream@56
                      ; - jdk.internal.loader.URLClassPath$JarLoader$2::getInputStream@11
                      ; - jdk.internal.loader.Resource::cachedInputStream@9
                      ; - jdk.internal.loader.Resource::getByteBuffer@1
                      ; - java.net.URLClassLoader::defineClass@132
                      ; - java.net.URLClassLoader$1::run@43
                      ; - java.net.URLClassLoader$1::run@1
  0x00000275ae8f6808: 747f 49ff 

  0x00000275ae8f680c: ;   {other}
  0x00000275ae8f680c: 0f1f 8400 | fc3b 0025 | 4885 c00f | 8487 4700 | 004d 8b87 | b801 0000 | 4d8b d849 | 83c3 204d 
  0x00000275ae8f682c: 3b9f c801 | 0000 0f83 | 5a22 0000 | 4d89 9fb8 | 0100 0041 | 0f0d 8b00 | 0100 0049 | c700 0100 
  0x00000275ae8f684c: ;   {metadata('java/util/jar/JarVerifier$VerifierStream')}
  0x00000275ae8f684c: 0000 41c7 | 4008 a0ed | 0701 4589 | 600c 4d89 | 6010 4d89 | 6018 4889 | 4424 784c | 8984 2488 
  0x00000275ae8f686c: 0000 0048 | 8b54 2460 

  0x00000275ae8f6874: ;   {optimized virtual_call}
  0x00000275ae8f6874: c5f8 77e8 

  0x00000275ae8f6878: ; ImmutableOopMap {rbp=NarrowOop [32]=NarrowOop [40]=Oop [48]=Oop [56]=Oop [64]=Oop [72]=Oop [84]=NarrowOop [96]=Oop [108]=NarrowOop [112]=Oop [120]=Oop [128]=Oop [136]=Oop [192]=NarrowOop }
                      ;*invokevirtual getManifestFromReference {reexecute=0 rethrow=0 return_oop=1}
                      ; - java.util.jar.JarFile::getInputStream@71
                      ; - jdk.internal.loader.URLClassPath$JarLoader$2::getInputStream@11
                      ; - jdk.internal.loader.Resource::cachedInputStream@9
                      ; - jdk.internal.loader.Resource::getByteBuffer@1
                      ; - java.net.URLClassLoader::defineClass@132
                      ; - java.net.URLClassLoader$1::run@43
                      ; - java.net.URLClassLoader$1::run@1
  0x00000275ae8f6878: 047f 49ff 

  0x00000275ae8f687c: ;   {other}
  0x00000275ae8f687c: 0f1f 8400 | 6c3c 0026 | 4889 8424 | 9000 0000 | 488b 5424 | 604c 8b44 | 2470 488b | 6c24 4090 
  0x00000275ae8f689c: ;   {optimized virtual_call}
  0x00000275ae8f689c: c5f8 77e8 

  0x00000275ae8f68a0: ; ImmutableOopMap {rbp=Oop [32]=NarrowOop [40]=Oop [48]=Oop [56]=Oop [64]=Oop [72]=Oop [84]=NarrowOop [96]=Oop [108]=NarrowOop [120]=Oop [128]=Oop [136]=Oop [144]=Oop [192]=NarrowOop }
                      ;*invokespecial getInputStream {reexecute=0 rethrow=0 return_oop=1}
                      ; - java.util.jar.JarFile::getInputStream@77
                      ; - jdk.internal.loader.URLClassPath$JarLoader$2::getInputStream@11
                      ; - jdk.internal.loader.Resource::cachedInputStream@9
                      ; - jdk.internal.loader.Resource::getByteBuffer@1
                      ; - java.net.URLClassLoader::defineClass@132
                      ; - java.net.URLClassLoader$1::run@43
                      ; - java.net.URLClassLoader$1::run@1
  0x00000275ae8f68a0: dc7e 49ff 

  0x00000275ae8f68a4: ;   {other}
  0x00000275ae8f68a4: 0f1f 8400 | 943c 0027 | 448b 8424 | c000 0000 | 418b 6830 | 4885 c00f | 847f 4700 | 0048 8b8c 
  0x00000275ae8f68c4: 2488 0000 | 0089 6918 | 4c8b d94c | 8bc8 4489 | 490c 49c1 | eb09 49ba | 0000 60b5 | 7502 0000 
  0x00000275ae8f68e4: 4788 241a | 4d8b 8fb8 | 0100 004d | 8bd1 4983 | c230 4d3b | 97c8 0100 | 000f 83e1 | 2100 004d 
  0x00000275ae8f6904: 8997 b801 | 0000 410f | 0d8a 0001 | 0000 49c7 | 0101 0000 

  0x00000275ae8f6918: ;   {metadata('sun/security/util/ManifestEntryVerifier')}
  0x00000275ae8f6918: 0041 c741 | 08c8 ce04 | 0145 8961 | 0c4d 8961 | 104d 8961 | 184d 8961 | 204d 8961 | 288b 6d30 
  0x00000275ae8f6938: 41c6 410c | 0149 8b87 | b801 0000 | 4c8b d049 | 83c2 304d | 3b97 c801 | 0000 0f83 | c121 0000 
  0x00000275ae8f6958: 4d89 97b8 | 0100 0041 | 0f0d 8a00 | 0100 0048 | c700 0100 

  0x00000275ae8f696c: ;   {metadata('java/util/HashMap')}
  0x00000275ae8f696c: 0000 c740 | 0868 a908 | 0044 8960 | 0c4c 8960 | 104c 8960 | 2849 ba00 | 0000 0010 | 0000 004c 
  0x00000275ae8f698c: 8950 1848 | c740 2000 | 0040 3f4c | 8bd0 4589 | 5110 4d8b | d149 c1ea | 0949 bb00 | 0060 b575 
  0x00000275ae8f69ac: 0200 0047 | 8824 1349 | 8b87 b801 | 0000 4c8b | d049 83c2 | 184d 3b97 | c801 0000 | 0f83 d521 
  0x00000275ae8f69cc: 0000 4d89 | 97b8 0100 | 0041 0f0d | 8a00 0100 | 0048 c700 | 0100 0000 

  0x00000275ae8f69e4: ;   {metadata('java/util/ArrayList')}
  0x00000275ae8f69e4: c740 08d0 | 890b 0044 | 8960 0c44 

  0x00000275ae8f69f0: ;   {oop(a 'java/lang/Object'[0] {0x0000000080000778})}
  0x00000275ae8f69f0: 8960 10c7 | 4014 7807 | 0080 4d8b | d14c 8bd8 | 4589 5914 | 49c1 ea09 | 49bb 0000 | 60b5 7502 
  0x00000275ae8f6a10: 0000 4788 | 2413 498b | 87b8 0100 | 004c 8bd0 | 4983 c218 | 4d3b 97c8 | 0100 000f | 832e 2100 
  0x00000275ae8f6a30: 004d 8997 | b801 0000 | 410f 0d8a | 0001 0000 | 48c7 0001 

  0x00000275ae8f6a44: ;   {metadata('java/util/ArrayList')}
  0x00000275ae8f6a44: 0000 00c7 | 4008 d089 | 0b00 4489 | 600c 4489 

  0x00000275ae8f6a54: ;   {oop(a 'java/lang/Object'[0] {0x0000000080000778})}
  0x00000275ae8f6a54: 6010 c740 | 1478 0700 | 8041 8969 | 204c 8b94 | 2490 0000 | 004d 8bda | 4589 5924 | 4d8b d148 
  0x00000275ae8f6a74: 8bd8 4189 | 5918 49c1 | ea09 49bb | 0000 60b5 | 7502 0000 | 4788 2413 | 448b 5118 | 4d8b d944 
  0x00000275ae8f6a94: 8959 1c4c | 8bd9 49c1 | eb09 48bb | 0000 60b5 | 7502 0000 | 4688 241b | 4585 d20f | 841b 4200 
  0x00000275ae8f6ab4: 0048 8be9 | 4489 4424 | 2449 8bd2 | 4c8b 4424 | 7866 6690 

  0x00000275ae8f6ac8: ;   {optimized virtual_call}
  0x00000275ae8f6ac8: c5f8 77e8 

  0x00000275ae8f6acc: ; ImmutableOopMap {rbp=Oop [32]=NarrowOop [36]=NarrowOop [40]=Oop [48]=Oop [56]=Oop [64]=Oop [72]=Oop [84]=NarrowOop [96]=Oop [108]=NarrowOop [120]=Oop [128]=Oop }
                      ;*invokevirtual beginEntry {reexecute=0 rethrow=0 return_oop=0}
                      ; - java.util.jar.JarVerifier$VerifierStream::<init>@47
                      ; - java.util.jar.JarFile::getInputStream@84
                      ; - jdk.internal.loader.URLClassPath$JarLoader$2::getInputStream@11
                      ; - jdk.internal.loader.Resource::cachedInputStream@9
                      ; - jdk.internal.loader.Resource::getByteBuffer@1
                      ; - java.net.URLClassLoader::defineClass@132
                      ; - java.net.URLClassLoader$1::run@43
                      ; - java.net.URLClassLoader$1::run@1
  0x00000275ae8f6acc: b07c 49ff 

  0x00000275ae8f6ad0: ;   {other}
  0x00000275ae8f6ad0: 0f1f 8400 | c03e 0028 | 4c8b 5424 | 784d 8b52 | 204c 8bdd | 4d89 5310 | 4d85 d20f | 8482 0900 
  0x00000275ae8f6af0: 004c 8b44 | 2460 488d | 8424 1801 | 0000 4883 | 3800 0f84 | 7900 0000 | 4d8b 1041 | f6c2 020f 
  0x00000275ae8f6b10: 8462 0000 | 0049 83ba | 8600 0000 | 0074 0949 | ff8a 8600 | 0000 eb4b | 498b 8296 | 0000 0049 
  0x00000275ae8f6b30: 0b82 8e00 | 0000 750a | 49c7 423e | 0000 0000 | eb3d 4983 | ba9e 0000 | 0000 7422 | 4833 c049 
  0x00000275ae8f6b50: c742 3e00 | 0000 00f0 | 8304 2400 | 4983 ba9e | 0000 0000 | 750d f04d | 0fb1 7a3e | 7505 83c8 
  0x00000275ae8f6b70: 01eb 0ca8 | 00eb 084c | 8b10 f04d | 0fb1 1075 | 0a49 ff8f | 5005 0000 | 4533 d20f | 8573 4200 
  0x00000275ae8f6b90: 0049 8bdb | e9c6 ecff | ff45 0fb6 | 5a11 4585 | db0f 84c2 | 1600 0044 | 8994 24d0 | 0000 004c 
  0x00000275ae8f6bb0: 894c 2470 | 418b e848 | 8b54 2460 | 4d8b c190 

  0x00000275ae8f6bc0: ;   {optimized virtual_call}
  0x00000275ae8f6bc0: c5f8 77e8 

  0x00000275ae8f6bc4: ; ImmutableOopMap {rbp=NarrowOop [32]=NarrowOop [40]=Oop [48]=Oop [56]=Oop [64]=Oop [72]=Oop [84]=NarrowOop [96]=Oop [108]=NarrowOop [112]=Oop [128]=Oop [208]=NarrowOop }
                      ;*invokevirtual verifiableEntry {reexecute=0 rethrow=0 return_oop=1}
                      ; - java.util.jar.JarFile::getInputStream@56
                      ; - jdk.internal.loader.URLClassPath$JarLoader$2::getInputStream@11
                      ; - jdk.internal.loader.Resource::cachedInputStream@9
                      ; - jdk.internal.loader.Resource::getBytes@1
                      ; - jdk.internal.loader.URLClassPath$JarLoader$2::getBytes@1
                      ; - java.net.URLClassLoader::defineClass@179
                      ; - java.net.URLClassLoader$1::run@43
                      ; - java.net.URLClassLoader$1::run@1
  0x00000275ae8f6bc4: b87b 49ff 

  0x00000275ae8f6bc8: ;   {other}
  0x00000275ae8f6bc8: 0f1f 8400 | b83f 0029 | 4885 c00f | 8413 4400 | 004d 8b87 | b801 0000 | 4d8b d849 | 83c3 204d 
  0x00000275ae8f6be8: 3b9f c801 | 0000 0f83 | c81e 0000 | 4d89 9fb8 | 0100 0041 | 0f0d 8b00 | 0100 0049 | c700 0100 
  0x00000275ae8f6c08: ;   {metadata('java/util/jar/JarVerifier$VerifierStream')}
  0x00000275ae8f6c08: 0000 41c7 | 4008 a0ed | 0701 4589 | 600c 4d89 | 6010 4d89 | 6018 4889 | 4424 784c | 8984 2488 
  0x00000275ae8f6c28: 0000 0048 | 8b54 2460 

  0x00000275ae8f6c30: ;   {optimized virtual_call}
  0x00000275ae8f6c30: c5f8 77e8 

  0x00000275ae8f6c34: ; ImmutableOopMap {rbp=NarrowOop [32]=NarrowOop [40]=Oop [48]=Oop [56]=Oop [64]=Oop [72]=Oop [84]=NarrowOop [96]=Oop [108]=NarrowOop [112]=Oop [120]=Oop [128]=Oop [136]=Oop [208]=NarrowOop }
                      ;*invokevirtual getManifestFromReference {reexecute=0 rethrow=0 return_oop=1}
                      ; - java.util.jar.JarFile::getInputStream@71
                      ; - jdk.internal.loader.URLClassPath$JarLoader$2::getInputStream@11
                      ; - jdk.internal.loader.Resource::cachedInputStream@9
                      ; - jdk.internal.loader.Resource::getBytes@1
                      ; - jdk.internal.loader.URLClassPath$JarLoader$2::getBytes@1
                      ; - java.net.URLClassLoader::defineClass@179
                      ; - java.net.URLClassLoader$1::run@43
                      ; - java.net.URLClassLoader$1::run@1
  0x00000275ae8f6c34: 487b 49ff 

  0x00000275ae8f6c38: ;   {other}
  0x00000275ae8f6c38: 0f1f 8400 | 2840 002a | 4889 8424 | 9000 0000 | 488b 5424 | 604c 8b44 | 2470 488b | 6c24 4090 
  0x00000275ae8f6c58: ;   {optimized virtual_call}
  0x00000275ae8f6c58: c5f8 77e8 

  0x00000275ae8f6c5c: ; ImmutableOopMap {rbp=Oop [32]=NarrowOop [40]=Oop [48]=Oop [56]=Oop [64]=Oop [72]=Oop [84]=NarrowOop [96]=Oop [108]=NarrowOop [120]=Oop [128]=Oop [136]=Oop [144]=Oop [208]=NarrowOop }
                      ;*invokespecial getInputStream {reexecute=0 rethrow=0 return_oop=1}
                      ; - java.util.jar.JarFile::getInputStream@77
                      ; - jdk.internal.loader.URLClassPath$JarLoader$2::getInputStream@11
                      ; - jdk.internal.loader.Resource::cachedInputStream@9
                      ; - jdk.internal.loader.Resource::getBytes@1
                      ; - jdk.internal.loader.URLClassPath$JarLoader$2::getBytes@1
                      ; - java.net.URLClassLoader::defineClass@179
                      ; - java.net.URLClassLoader$1::run@43
                      ; - java.net.URLClassLoader$1::run@1
  0x00000275ae8f6c5c: 207b 49ff 

  0x00000275ae8f6c60: ;   {other}
  0x00000275ae8f6c60: 0f1f 8400 | 5040 002b | 448b 8424 | d000 0000 | 418b 6830 | 4885 c00f | 842f 4400 | 004c 8b8c 
  0x00000275ae8f6c80: 2488 0000 | 0041 8969 | 184d 8bd9 | 4c8b d045 | 8951 0c49 | c1eb 0949 | ba00 0060 | b575 0200 
  0x00000275ae8f6ca0: 0047 8824 | 1a49 8b8f | b801 0000 | 4c8b d149 | 83c2 304d | 3b97 c801 | 0000 0f83 | 271f 0000 
  0x00000275ae8f6cc0: 4d89 97b8 | 0100 0041 | 0f0d 8a00 | 0100 0048 | c701 0100 

  0x00000275ae8f6cd4: ;   {metadata('sun/security/util/ManifestEntryVerifier')}
  0x00000275ae8f6cd4: 0000 c741 | 08c8 ce04 | 0144 8961 | 0c4c 8961 | 104c 8961 | 184c 8961 | 204c 8961 | 288b 6d30 
  0x00000275ae8f6cf4: c641 0c01 | 498b 87b8 | 0100 004c | 8bd0 4983 | c230 4d3b | 97c8 0100 | 000f 830a | 1f00 004d 
  0x00000275ae8f6d14: 8997 b801 | 0000 410f | 0d8a 0001 | 0000 48c7 | 0001 0000 

  0x00000275ae8f6d28: ;   {metadata('java/util/HashMap')}
  0x00000275ae8f6d28: 00c7 4008 | 68a9 0800 | 4489 600c | 4c89 6010 | 4c89 6028 | 49ba 0000 | 0000 1000 | 0000 4c89 
  0x00000275ae8f6d48: 5018 48c7 | 4020 0000 | 403f 4c8b | d844 8959 | 104c 8bd1 | 49c1 ea09 | 49bb 0000 | 60b5 7502 
  0x00000275ae8f6d68: 0000 4788 | 2413 498b | 87b8 0100 | 004c 8bd0 | 4983 c218 | 4d3b 97c8 | 0100 000f | 83da 1e00 
  0x00000275ae8f6d88: 004d 8997 | b801 0000 | 410f 0d8a | 0001 0000 | 48c7 0001 

  0x00000275ae8f6d9c: ;   {metadata('java/util/ArrayList')}
  0x00000275ae8f6d9c: 0000 00c7 | 4008 d089 | 0b00 4489 | 600c 4489 

  0x00000275ae8f6dac: ;   {oop(a 'java/lang/Object'[0] {0x0000000080000778})}
  0x00000275ae8f6dac: 6010 c740 | 1478 0700 | 804c 8bd1 | 488b d889 | 5914 49c1 | ea09 49bb | 0000 60b5 | 7502 0000 
  0x00000275ae8f6dcc: 4788 2413 | 498b 87b8 | 0100 004c | 8bd0 4983 | c218 4d3b | 97c8 0100 | 000f 83bc | 1e00 004d 
  0x00000275ae8f6dec: 8997 b801 | 0000 410f | 0d8a 0001 | 0000 48c7 | 0001 0000 

  0x00000275ae8f6e00: ;   {metadata('java/util/ArrayList')}
  0x00000275ae8f6e00: 00c7 4008 | d089 0b00 | 4489 600c | 4489 6010 

  0x00000275ae8f6e10: ;   {oop(a 'java/lang/Object'[0] {0x0000000080000778})}
  0x00000275ae8f6e10: c740 1478 | 0700 8089 | 6920 4c8b | 9424 9000 | 0000 4489 | 5124 4c8b | d14c 8bd8 | 4489 5918 
  0x00000275ae8f6e30: 49c1 ea09 | 49bb 0000 | 60b5 7502 | 0000 4788 | 2413 458b | 5118 488b | d941 8959 | 1c4d 8bd9 
  0x00000275ae8f6e50: 49c1 eb09 | 48bb 0000 | 60b5 7502 | 0000 4688 | 241b 4585 | d20f 84a9 | 3e00 0049 | 8be9 4489 
  0x00000275ae8f6e70: 4424 2449 | 8bd2 4c8b | 4424 784c | 8bc9 6690 

  0x00000275ae8f6e80: ;   {optimized virtual_call}
  0x00000275ae8f6e80: c5f8 77e8 

  0x00000275ae8f6e84: ; ImmutableOopMap {rbp=Oop [32]=NarrowOop [36]=NarrowOop [40]=Oop [48]=Oop [56]=Oop [64]=Oop [72]=Oop [84]=NarrowOop [96]=Oop [108]=NarrowOop [120]=Oop [128]=Oop }
                      ;*invokevirtual beginEntry {reexecute=0 rethrow=0 return_oop=0}
                      ; - java.util.jar.JarVerifier$VerifierStream::<init>@47
                      ; - java.util.jar.JarFile::getInputStream@84
                      ; - jdk.internal.loader.URLClassPath$JarLoader$2::getInputStream@11
                      ; - jdk.internal.loader.Resource::cachedInputStream@9
                      ; - jdk.internal.loader.Resource::getBytes@1
                      ; - jdk.internal.loader.URLClassPath$JarLoader$2::getBytes@1
                      ; - java.net.URLClassLoader::defineClass@179
                      ; - java.net.URLClassLoader$1::run@43
                      ; - java.net.URLClassLoader$1::run@1
  0x00000275ae8f6e84: f878 49ff 

  0x00000275ae8f6e88: ;   {other}
  0x00000275ae8f6e88: 0f1f 8400 | 7842 002c | 4c8b 5424 | 784d 8b52 | 204c 8bc5 | 4d89 5010 | 4d85 d20f | 840d 0600 
  0x00000275ae8f6ea8: 004c 8b5c | 2460 488d | 8424 1801 | 0000 4883 | 3800 0f84 | 7900 0000 | 4d8b 1341 | f6c2 020f 
  0x00000275ae8f6ec8: 8462 0000 | 0049 83ba | 8600 0000 | 0074 0949 | ff8a 8600 | 0000 eb4b | 498b 8296 | 0000 0049 
  0x00000275ae8f6ee8: 0b82 8e00 | 0000 750a | 49c7 423e | 0000 0000 | eb3d 4983 | ba9e 0000 | 0000 7422 | 4833 c049 
  0x00000275ae8f6f08: c742 3e00 | 0000 00f0 | 8304 2400 | 4983 ba9e | 0000 0000 | 750d f04d | 0fb1 7a3e | 7505 83c8 
  0x00000275ae8f6f28: 01eb 0ca8 | 00eb 084c | 8b10 f04d | 0fb1 1375 | 0a49 ff8f | 5005 0000 | 4533 d20f | 85ec 3e00 
  0x00000275ae8f6f48: 0049 8bd8 | e962 ecff | ff44 0fb6 | 5511 4585 | d20f 85da 

  0x00000275ae8f6f5c: ;   {oop([B{0x0000000080334c70})}
  0x00000275ae8f6f5c: d3ff ff48 | bd70 4c33 | 8000 0000 | 0066 6690 

  0x00000275ae8f6f6c: ;   {static_call}
  0x00000275ae8f6f6c: c5f8 77e8 

  0x00000275ae8f6f70: ; ImmutableOopMap {rbp=Oop [56]=Derived_oop_rbp [48]=Oop [64]=Oop [72]=Oop [80]=NarrowOop [84]=NarrowOop [96]=Oop [108]=NarrowOop [112]=Oop [120]=Oop [128]=Oop [136]=Oop [160]=Oop [32]=Derived_oop_[160] [168]=Oop [40]=Derived_oop_[168] [184]=NarrowOop }
                      ;*invokestatic beginInit {reexecute=0 rethrow=0 return_oop=1}
                      ; - java.util.jar.JarFile::ensureInitialization@31
                      ; - java.util.jar.JavaUtilJarAccessImpl::ensureInitialization@1
                      ; - jdk.internal.loader.URLClassPath$JarLoader$2::getManifest@10
                      ; - java.net.URLClassLoader::defineClass@34
                      ; - java.net.URLClassLoader$1::run@43
                      ; - java.net.URLClassLoader$1::run@1
  0x00000275ae8f6f70: 0c7e 49ff 

  0x00000275ae8f6f74: ;   {other}
  0x00000275ae8f6f74: 0f1f 8400 | 6443 002d | 4889 8424 | 9000 0000 | 488b 5424 

  0x00000275ae8f6f88: ;   {oop([B{0x00000000805ec220})}
  0x00000275ae8f6f88: 6049 ba20 | c25e 8000 | 0000 004c | 8994 24a8 

  0x00000275ae8f6f98: ;   {oop([B{0x00000000805ec240})}
  0x00000275ae8f6f98: 0000 0049 | ba40 c25e | 8000 0000 | 004c 8994 | 24b0 0000 | 0066 6690 

  0x00000275ae8f6fb0: ;   {optimized virtual_call}
  0x00000275ae8f6fb0: c5f8 77e8 

  0x00000275ae8f6fb4: ; ImmutableOopMap {rbp=Oop [56]=Derived_oop_rbp [48]=Oop [64]=Oop [72]=Oop [80]=NarrowOop [84]=NarrowOop [96]=Oop [108]=NarrowOop [112]=Oop [120]=Oop [128]=Oop [136]=Oop [144]=Oop [168]=Oop [32]=Derived_oop_[168] [176]=Oop [40]=Derived_oop_[176] [184]=NarrowOop }
                      ;*invokevirtual initializeVerifier {reexecute=0 rethrow=0 return_oop=0}
                      ; - java.util.jar.JarFile::ensureInitialization@36
                      ; - java.util.jar.JavaUtilJarAccessImpl::ensureInitialization@1
                      ; - jdk.internal.loader.URLClassPath$JarLoader$2::getManifest@10
                      ; - java.net.URLClassLoader::defineClass@34
                      ; - java.net.URLClassLoader$1::run@43
                      ; - java.net.URLClassLoader$1::run@1
  0x00000275ae8f6fb4: c877 49ff 

  0x00000275ae8f6fb8: ;   {other}
  0x00000275ae8f6fb8: 0f1f 8400 | a843 002e | 448b 9c24 | b800 0000 | 41c6 4311 | 0148 8b94 | 2490 0000 | 0066 6690 
  0x00000275ae8f6fd8: ;   {static_call}
  0x00000275ae8f6fd8: c5f8 77e8 

  0x00000275ae8f6fdc: ; ImmutableOopMap {rbp=Oop [56]=Derived_oop_rbp [48]=Oop [64]=Oop [72]=Oop [80]=NarrowOop [84]=NarrowOop [96]=Oop [108]=NarrowOop [112]=Oop [120]=Oop [128]=Oop [136]=Oop [168]=Oop [32]=Derived_oop_[168] [176]=Oop [40]=Derived_oop_[176] }
                      ;*invokestatic endInit {reexecute=0 rethrow=0 return_oop=0}
                      ; - java.util.jar.JarFile::ensureInitialization@45
                      ; - java.util.jar.JavaUtilJarAccessImpl::ensureInitialization@1
                      ; - jdk.internal.loader.URLClassPath$JarLoader$2::getManifest@10
                      ; - java.net.URLClassLoader::defineClass@34
                      ; - java.net.URLClassLoader$1::run@43
                      ; - java.net.URLClassLoader$1::run@1
  0x00000275ae8f6fdc: a07d 49ff 

  0x00000275ae8f6fe0: ;   {other}
  0x00000275ae8f6fe0: 0f1f 8400 | d043 002f | e94c d3ff | ff4c 8b4c | 2420 488b | 4c24 2844 | 8b54 2438 | 498b b758 
  0x00000275ae8f7000: 0400 0044 

  0x00000275ae8f7004: ; ImmutableOopMap {r11=NarrowOop r9=Oop rcx=Oop [48]=Oop [64]=Oop [72]=Oop [80]=NarrowOop [84]=NarrowOop [108]=NarrowOop [112]=Oop [120]=Oop [128]=Oop [136]=Oop [144]=Oop }
                      ;*ifnonnull {reexecute=1 rethrow=0 return_oop=0}
                      ; - (reexecute) java.util.HashMap::getNode@145
                      ; - java.util.HashMap::get@2
                      ; - java.util.jar.Manifest::getAttributes@5
                      ; - java.util.jar.Manifest::getTrustedAttributes@2
                      ; - java.util.jar.JavaUtilJarAccessImpl::getTrustedAttributes@2
                      ; - java.net.URLClassLoader::isSealed@18
                      ; - java.net.URLClassLoader::getAndVerifyPackage@68
                      ; - java.net.URLClassLoader::defineClass@46
                      ; - java.net.URLClassLoader$1::run@43
                      ; - java.net.URLClassLoader$1::run@1
                      ;   {poll}
  0x00000275ae8f7004: 8b5d 1885 | 0645 85db | 0f84 fce4 | ffff 498b | ebe9 cdf3 | ffff 4c8b | 4c24 204c | 8b44 2428 
  0x00000275ae8f7024: 448b 5c24 | 3849 8b9f | 5804 0000 

  0x00000275ae8f7030: ; ImmutableOopMap {r8=Oop r9=Oop rdi=NarrowOop [48]=Oop [64]=Oop [72]=Oop [80]=NarrowOop [84]=NarrowOop [108]=NarrowOop [112]=Oop [120]=Oop [128]=Oop [136]=Oop [144]=Oop }
                      ;*ifnonnull {reexecute=1 rethrow=0 return_oop=0}
                      ; - (reexecute) java.util.HashMap::getNode@145
                      ; - java.util.LinkedHashMap::get@2
                      ; - java.util.jar.Attributes::get@5
                      ; - java.util.jar.Attributes::getValue@2
                      ; - java.net.URLClassLoader::isSealed@58
                      ; - java.net.URLClassLoader::getAndVerifyPackage@68
                      ; - java.net.URLClassLoader::defineClass@46
                      ; - java.net.URLClassLoader$1::run@43
                      ; - java.net.URLClassLoader$1::run@1
                      ;   {poll}
  0x00000275ae8f7030: 8b7d 1885 | 0385 ff0f | 840b e6ff | ff48 8bef | e92c f4ff | ff4c 894c | 2420 b904 | 0000 0041 
  0x00000275ae8f7050: b801 0000 | 0045 33c9 | 33f6 4c8b | 5424 784c | 8954 2460 

  0x00000275ae8f7064: ;   {optimized virtual_call}
  0x00000275ae8f7064: c5f8 77e8 

  0x00000275ae8f7068: ; ImmutableOopMap {[32]=Oop [48]=Oop [64]=Oop [72]=Oop [80]=NarrowOop [84]=NarrowOop [96]=Oop [108]=NarrowOop [112]=Oop [128]=Oop [136]=Oop [144]=Oop }
                      ;*invokevirtual regionMatches {reexecute=0 rethrow=0 return_oop=0}
                      ; - java.lang.String::equalsIgnoreCase@33
                      ; - java.net.URLClassLoader::isSealed@68
                      ; - java.net.URLClassLoader::getAndVerifyPackage@68
                      ; - java.net.URLClassLoader::defineClass@46
                      ; - java.net.URLClassLoader$1::run@43
                      ; - java.net.URLClassLoader$1::run@1
  0x00000275ae8f7068: 1477 49ff 

  0x00000275ae8f706c: ;   {other}
  0x00000275ae8f706c: 0f1f 8400 | 5c44 0032 | 85c0 0f84 | cce5 ffff | 4c8b 4c24 | 20ba 45ff | ffff 488b | 6c24 404c 
  0x00000275ae8f708c: 8b54 2448 | 4c89 5424 | 2044 8b5c | 2450 4489 | 5c24 2844 | 8b54 2454 | 4489 5424 | 2c4c 8b54 
  0x00000275ae8f70ac: 2458 4c89 | 5424 384c | 894c 2450 

  0x00000275ae8f70b8: ;   {runtime_call UncommonTrapBlob}
  0x00000275ae8f70b8: c5f8 77e8 

  0x00000275ae8f70bc: ; ImmutableOopMap {rbp=Oop [32]=Oop [40]=NarrowOop [44]=NarrowOop [80]=Oop [108]=NarrowOop [112]=Oop [136]=Oop }
                      ;*ifeq {reexecute=1 rethrow=0 return_oop=0}
                      ; - (reexecute) java.net.URLClassLoader::getAndVerifyPackage@71
                      ; - java.net.URLClassLoader::defineClass@46
                      ; - java.net.URLClassLoader$1::run@43
                      ; - java.net.URLClassLoader$1::run@1
  0x00000275ae8f70bc: 40c9 49ff 

  0x00000275ae8f70c0: ;   {other}
  0x00000275ae8f70c0: 0f1f 8400 | b044 0033 | 458b 590c | 4963 f348 | c1e6 0241 | 81fb 0000 | 0400 0f87 | 0b1c 0000 
  0x00000275ae8f70e0: 498b 87b8 | 0100 004c | 8d56 1749 | 83e2 f84c | 8bc0 4d03 | c24d 3b87 | c801 0000 | 0f83 e91b 
  0x00000275ae8f7100: 0000 4d89 | 87b8 0100 | 0041 0f0d | 8800 0100 | 0048 c700 | 0100 0000 | 410f 0d88 | 4001 0000 
  0x00000275ae8f7120: ;   {metadata('java/security/CodeSigner'[])}
  0x00000275ae8f7120: c740 08a0 | d407 0144 | 8958 0c41 | 0f0d 8880 | 0100 0049 | 8bc9 4883 | c110 488b | d048 83c2 
  0x00000275ae8f7140: 1048 8bd8 | 4883 c607 | 48c1 ee03 | 4c8b c6c5 | f877 49ba | 6074 d7ad | 7502 0000 

  0x00000275ae8f715c: ;   {other}
  0x00000275ae8f715c: 41ff d20f | 1f84 0000 | 0000 0089 | 5f10 4c8b | d749 c1ea | 0949 bb00 | 0060 b575 | 0200 0047 
  0x00000275ae8f717c: 8824 13e9 | 34ef ffff 

  0x00000275ae8f7184: ;   {metadata('java/util/jar/JarVerifier$VerifierStream')}
  0x00000275ae8f7184: 4181 faa0 | ed07 010f | 85d5 3c00 | 0048 8bea | 448b 550c | 4585 d274 | 3144 894c | 2424 4889 
  0x00000275ae8f71a4: 7424 3049 | 8bd2 c5f8 | 7748 b8ff | ffff ffff 

  0x00000275ae8f71b4: ;   {virtual_call}
  0x00000275ae8f71b4: ffff ffe8 

  0x00000275ae8f71b8: ; ImmutableOopMap {rbp=Oop [32]=NarrowOop [40]=Oop [48]=Oop [64]=Oop [72]=Oop [84]=NarrowOop [108]=NarrowOop [128]=Oop [144]=Oop }
                      ;*invokevirtual close {reexecute=0 rethrow=0 return_oop=0}
                      ; - java.util.jar.JarVerifier$VerifierStream::close@11
                      ; - jdk.internal.loader.Resource::getBytes@183
                      ; - jdk.internal.loader.URLClassPath$JarLoader$2::getBytes@1
                      ; - java.net.URLClassLoader::defineClass@179
                      ; - java.net.URLClassLoader$1::run@43
                      ; - java.net.URLClassLoader$1::run@1
  0x00000275ae8f71b8: c478 49ff 

  0x00000275ae8f71bc: ;   {other}
  0x00000275ae8f71bc: 0f1f 8400 | ac45 0034 | 488b 7424 | 3044 8b4c | 2424 4489 | 651c 4489 | 650c 4489 | 6518 e977 
  0x00000275ae8f71dc: edff ff8b | efe9 1dc8 | ffff 4c63 | d03d 0000 | 1000 0f87 | 041c 0000 | 4c89 9424 | 9800 0000 
  0x00000275ae8f71fc: 4c89 ac24 | 9000 0000 | 898c 2488 | 0000 0089 | 7c24 7448 | 8954 2478 | 896c 2470 | 4489 5c24 
  0x00000275ae8f721c: 6848 895c | 2460 4489 | 4c24 5044 | 8944 2424 | 4889 7424 | 384d 8b97 | b801 0000 | 4d8b c24c 
  0x00000275ae8f723c: 8b9c 2498 | 0000 0049 | 83c3 1749 | 83e3 f84d | 03d3 4d3b | 97c8 0100 | 000f 83da | 1b00 004d 
  0x00000275ae8f725c: 8997 b801 | 0000 410f | 0d8a 0001 | 0000 49c7 | 0001 0000 | 0041 0f0d | 8a40 0100 

  0x00000275ae8f7278: ;   {metadata({type array byte})}
  0x00000275ae8f7278: 0041 c740 | 0818 2300 | 0041 8940 | 0c41 0f0d | 8a80 0100 | 004d 8bd0 | 498b da49 | 8bd2 4883 
  0x00000275ae8f7298: c210 4c8b | 9424 9800 | 0000 4983 | c207 49c1 | ea03 488b | 8c24 9000 | 0000 4d8b | c2c5 f877 
  0x00000275ae8f72b8: 49ba 6074 | d7ad 7502 | 0000 41ff 

  0x00000275ae8f72c4: ;   {other}
  0x00000275ae8f72c4: d20f 1f84 | 0000 0000 | 00e9 b8eb | ffff 41ba | 2d00 0000 | 41b8 0600 | 0000 4533 | db44 8994 
  0x00000275ae8f72e4: 24f0 0000 | 0044 8984 | 24f4 0000 | 004c 899c | 24e8 0000 | 00e9 3acc | ffff 418b | 480c 498b 
  0x00000275ae8f7304: e84c 63c9 | 49c1 e102 | 81f9 0000 | 0400 0f87 | 3e22 0000 | 498b 9fb8 | 0100 004d | 8d51 1749 
  0x00000275ae8f7324: 83e2 f84c | 8bdb 4d03 | da4d 3b9f | c801 0000 | 0f83 1c22 | 0000 4d89 | 9fb8 0100 | 0041 0f0d 
  0x00000275ae8f7344: 8b00 0100 | 0048 c703 | 0100 0000 | 410f 0d8b | 4001 0000 

  0x00000275ae8f7358: ;   {metadata('java/security/CodeSigner'[])}
  0x00000275ae8f7358: c743 08a0 | d407 0189 | 4b0c 410f | 0d8b 8001 | 0000 498d | 4810 488b | d348 83c2 | 1049 83c1 
  0x00000275ae8f7378: 0749 c1e9 | 034d 8bc1 | c5f8 7749 | ba60 74d7 | ad75 0200 | 0041 ffd2 

  0x00000275ae8f7390: ;   {other}
  0x00000275ae8f7390: 0f1f 8400 | 0000 0000 | 4889 9c24 | e800 0000 | e96f ecff | ff4c 8944 | 2460 896c 

  0x00000275ae8f73ac: ;   {oop(".class"{0x00000000800044c8})}
  0x00000275ae8f73ac: 2454 48ba | c844 0080 | 0000 0000 | 448b 4c24 | 50bf 0100 

  0x00000275ae8f73c0: ;   {oop([B{0x0000000080334c70})}
  0x00000275ae8f73c0: 0000 48bd | 704c 3380 | 0000 0000 

  0x00000275ae8f73cc: ;   {oop([B{0x00000000805ec220})}
  0x00000275ae8f73cc: 49ba 20c2 | 5e80 0000 | 0000 4c89 

  0x00000275ae8f73d8: ;   {oop([B{0x00000000805ec240})}
  0x00000275ae8f73d8: 5424 6849 | ba40 c25e | 8000 0000 | 004c 8954 | 2470 6690 

  0x00000275ae8f73ec: ;   {optimized virtual_call}
  0x00000275ae8f73ec: c5f8 77e8 

  0x00000275ae8f73f0: ; ImmutableOopMap {rbp=Oop [64]=Derived_oop_rbp [32]=Oop [48]=Oop [72]=Oop [96]=Oop [104]=Oop [40]=Derived_oop_[104] [112]=Oop [56]=Derived_oop_[112] }
                      ;*invokevirtual getBytes {reexecute=0 rethrow=0 return_oop=0}
                      ; - java.lang.StringConcatHelper::prepend@32
                      ; - java.lang.StringConcatHelper::simpleConcat@71
                      ; - java.lang.String::concat@11
                      ; - java.net.URLClassLoader$1::run@13
                      ; - java.net.URLClassLoader$1::run@1
  0x00000275ae8f73f0: 8c73 49ff 

  0x00000275ae8f73f4: ;   {other}
  0x00000275ae8f73f4: 0f1f 8400 | e447 0035 | 488b 5c24 | 588b 6c24 | 544c 8b44 | 2460 e923 | c8ff ff89 | 7c24 584c 
  0x00000275ae8f7414: 8944 2450 | 4889 5c24 | 2044 8bcf | bf01 0000 

  0x00000275ae8f7424: ;   {oop([B{0x0000000080334c70})}
  0x00000275ae8f7424: 0048 bd70 | 4c33 8000 

  0x00000275ae8f742c: ;   {oop([B{0x00000000805ec220})}
  0x00000275ae8f742c: 0000 0049 | ba20 c25e | 8000 0000 | 004c 8954 

  0x00000275ae8f743c: ;   {oop([B{0x00000000805ec240})}
  0x00000275ae8f743c: 2460 49ba | 40c2 5e80 | 0000 0000 | 4c89 5424 | 6866 6690 

  0x00000275ae8f7450: ;   {optimized virtual_call}
  0x00000275ae8f7450: c5f8 77e8 

  0x00000275ae8f7454: ; ImmutableOopMap {rbp=Oop [64]=Derived_oop_rbp [48]=Oop [72]=Oop [80]=Oop [96]=Oop [40]=Derived_oop_[96] [104]=Oop [56]=Derived_oop_[104] }
                      ;*invokevirtual getBytes {reexecute=0 rethrow=0 return_oop=0}
                      ; - java.lang.StringConcatHelper::prepend@32
                      ; - java.lang.StringConcatHelper::simpleConcat@81
                      ; - java.lang.String::concat@11
                      ; - java.net.URLClassLoader$1::run@13
                      ; - java.net.URLClassLoader$1::run@1
  0x00000275ae8f7454: 2873 49ff 

  0x00000275ae8f7458: ;   {other}
  0x00000275ae8f7458: 0f1f 8400 | 4848 0036 | 488b 5c24 | 204c 8b44 | 2450 8b7c | 2458 e949 | c8ff ff41 | 8b6b 1c45 
  0x00000275ae8f7478: 8b53 1845 | 85d2 0f84 | 9c3d 0000 | 4c89 5c24 | 7049 8bd2 | 4c8b cd41 | b8ff ffff | ff48 8b6c 
  0x00000275ae8f7498: 2440 6690 

  0x00000275ae8f749c: ;   {optimized virtual_call}
  0x00000275ae8f749c: c5f8 77e8 

  0x00000275ae8f74a0: ; ImmutableOopMap {rbp=Oop [32]=NarrowOop [40]=Oop [48]=Oop [56]=Oop [64]=Oop [72]=Oop [84]=NarrowOop [96]=Oop [108]=NarrowOop [112]=Oop [128]=Oop }
                      ;*invokevirtual update {reexecute=0 rethrow=0 return_oop=0}
                      ; - java.util.jar.JarVerifier$VerifierStream::<init>@76
                      ; - java.util.jar.JarFile::getInputStream@84
                      ; - jdk.internal.loader.URLClassPath$JarLoader$2::getInputStream@11
                      ; - jdk.internal.loader.Resource::cachedInputStream@9
                      ; - jdk.internal.loader.Resource::getByteBuffer@1
                      ; - java.net.URLClassLoader::defineClass@132
                      ; - java.net.URLClassLoader$1::run@43
                      ; - java.net.URLClassLoader$1::run@1
  0x00000275ae8f74a0: dc72 49ff 

  0x00000275ae8f74a4: ;   {other}
  0x00000275ae8f74a4: 0f1f 8400 | 9448 0037 | 4c8b 5c24 | 70e9 3bf6 | ffff 418b | 681c 458b | 5818 4585 | db0f 848d 
  0x00000275ae8f74c4: 3d00 004c | 8944 2470 | 498b d34c | 8bcd 41b8 | ffff ffff | 488b 6c24 | 4066 6690 

  0x00000275ae8f74e0: ;   {optimized virtual_call}
  0x00000275ae8f74e0: c5f8 77e8 

  0x00000275ae8f74e4: ; ImmutableOopMap {rbp=Oop [32]=NarrowOop [40]=Oop [48]=Oop [56]=Oop [64]=Oop [72]=Oop [84]=NarrowOop [96]=Oop [108]=NarrowOop [112]=Oop [128]=Oop }
                      ;*invokevirtual update {reexecute=0 rethrow=0 return_oop=0}
                      ; - java.util.jar.JarVerifier$VerifierStream::<init>@76
                      ; - java.util.jar.JarFile::getInputStream@84
                      ; - jdk.internal.loader.URLClassPath$JarLoader$2::getInputStream@11
                      ; - jdk.internal.loader.Resource::cachedInputStream@9
                      ; - jdk.internal.loader.Resource::getBytes@1
                      ; - jdk.internal.loader.URLClassPath$JarLoader$2::getBytes@1
                      ; - java.net.URLClassLoader::defineClass@179
                      ; - java.net.URLClassLoader$1::run@43
                      ; - java.net.URLClassLoader$1::run@1
  0x00000275ae8f74e4: 9872 49ff 

  0x00000275ae8f74e8: ;   {other}
  0x00000275ae8f74e8: 0f1f 8400 | d848 0038 | 4c8b 4424 | 70e9 aff9 

  0x00000275ae8f74f8: ;   {oop("/"{0x0000000080000698})}
  0x00000275ae8f74f8: ffff 48ba | 9806 0080 | 0000 0000 | 4c8b c044 | 8b8c 24a8 | 0000 00bf | 0100 0000 

  0x00000275ae8f7514: ;   {oop([B{0x0000000080334c70})}
  0x00000275ae8f7514: 48bd 704c | 3380 0000 

  0x00000275ae8f751c: ;   {oop([B{0x00000000805ec220})}
  0x00000275ae8f751c: 0000 49ba | 20c2 5e80 | 0000 0000 | 4c89 9424 | e000 0000 

  0x00000275ae8f7530: ;   {oop([B{0x00000000805ec240})}
  0x00000275ae8f7530: 49ba 40c2 | 5e80 0000 | 0000 4c89 | 9424 f800 | 0000 6690 

  0x00000275ae8f7544: ;   {optimized virtual_call}
  0x00000275ae8f7544: c5f8 77e8 

  0x00000275ae8f7548: ; ImmutableOopMap {rbp=Oop [56]=Derived_oop_rbp [48]=Oop [64]=Oop [72]=Oop [80]=NarrowOop [84]=NarrowOop [96]=Oop [104]=NarrowOop [108]=NarrowOop [112]=Oop [120]=Oop [128]=Oop [136]=Oop [144]=Oop [160]=Oop [192]=Oop [216]=Oop [224]=Oop [32]=Derived_oop_[224] [248]=Oop [40]=Derived_oop_[248] }
                      ;*invokevirtual getBytes {reexecute=0 rethrow=0 return_oop=0}
                      ; - java.lang.StringConcatHelper::prepend@32
                      ; - java.lang.StringConcatHelper::simpleConcat@71
                      ; - java.lang.String::concat@11
                      ; - java.net.URLClassLoader::isSealed@15
                      ; - java.net.URLClassLoader::getAndVerifyPackage@68
                      ; - java.net.URLClassLoader::defineClass@46
                      ; - java.net.URLClassLoader$1::run@43
                      ; - java.net.URLClassLoader$1::run@1
  0x00000275ae8f7548: 3472 49ff 

  0x00000275ae8f754c: ;   {other}
  0x00000275ae8f754c: 0f1f 8400 | 3c49 0039 | 4c8b 9424 | d800 0000 | 458b 5214 | 4585 d20f | 842b 3d00 | 004c 8b9c 
  0x00000275ae8f756c: 24d8 0000 | 0045 0fbe | 4310 4489 | 8424 9c00 | 0000 e9e7 | dcff ff48 | 8b94 24d8 | 0000 004c 
  0x00000275ae8f758c: 8b84 24c0 | 0000 0044 | 8b8c 24a8 | 0000 00bf | 0100 0000 

  0x00000275ae8f75a0: ;   {oop([B{0x0000000080334c70})}
  0x00000275ae8f75a0: 48bd 704c | 3380 0000 

  0x00000275ae8f75a8: ;   {oop([B{0x00000000805ec220})}
  0x00000275ae8f75a8: 0000 49ba | 20c2 5e80 | 0000 0000 | 4c89 9424 | d800 0000 

  0x00000275ae8f75bc: ;   {oop([B{0x00000000805ec240})}
  0x00000275ae8f75bc: 49ba 40c2 | 5e80 0000 | 0000 4c89 | 9424 e000 | 0000 6690 

  0x00000275ae8f75d0: ;   {optimized virtual_call}
  0x00000275ae8f75d0: c5f8 77e8 

  0x00000275ae8f75d4: ; ImmutableOopMap {rbp=Oop [56]=Derived_oop_rbp [48]=Oop [64]=Oop [72]=Oop [80]=NarrowOop [84]=NarrowOop [96]=Oop [104]=NarrowOop [108]=NarrowOop [112]=Oop [120]=Oop [128]=Oop [136]=Oop [144]=Oop [160]=Oop [192]=Oop [216]=Oop [32]=Derived_oop_[216] [224]=Oop [40]=Derived_oop_[224] }
                      ;*invokevirtual getBytes {reexecute=0 rethrow=0 return_oop=0}
                      ; - java.lang.StringConcatHelper::prepend@32
                      ; - java.lang.StringConcatHelper::simpleConcat@81
                      ; - java.lang.String::concat@11
                      ; - java.net.URLClassLoader::isSealed@15
                      ; - java.net.URLClassLoader::getAndVerifyPackage@68
                      ; - java.net.URLClassLoader::defineClass@46
                      ; - java.net.URLClassLoader$1::run@43
                      ; - java.net.URLClassLoader$1::run@1
  0x00000275ae8f75d4: a871 49ff 

  0x00000275ae8f75d8: ;   {other}
  0x00000275ae8f75d8: 0f1f 8400 | c849 003a | e937 ddff | ff44 8954 | 2450 4489 | 4424 2448 | 8974 2438 | 488b 6c24 
  0x00000275ae8f75f8: 3044 8865 | 3af0 8344 | 24c0 0090 

  0x00000275ae8f7604: ;   {static_call}
  0x00000275ae8f7604: c5f8 77e8 

  0x00000275ae8f7608: ; ImmutableOopMap {rbp=Oop [32]=NarrowOop [36]=NarrowOop [40]=Oop [56]=Oop [64]=Oop [72]=Oop [84]=NarrowOop [108]=NarrowOop [128]=Oop }
                      ;*invokestatic clearInterruptEvent {reexecute=0 rethrow=0 return_oop=0}
                      ; - java.lang.Thread::getAndClearInterrupt@14
                      ; - java.lang.Thread::interrupted@3
                      ; - jdk.internal.loader.Resource::getBytes@5
                      ; - jdk.internal.loader.URLClassPath$JarLoader$2::getBytes@1
                      ; - java.net.URLClassLoader::defineClass@179
                      ; - java.net.URLClassLoader$1::run@43
                      ; - java.net.URLClassLoader$1::run@1
  0x00000275ae8f7608: 7477 49ff 

  0x00000275ae8f760c: ;   {other}
  0x00000275ae8f760c: 0f1f 8400 | fc49 003b | 4889 6c24 | 3048 8b74 | 2438 448b | 4424 2444 | 8b4c 2450 | e958 e6ff 
  0x00000275ae8f762c: ff44 895c | 2438 4c89 | 4424 284c | 894c 2420 

  0x00000275ae8f763c: ;   {oop(a 'java/util/jar/Attributes$Name'{0x00000000802591d8})}
  0x00000275ae8f763c: 4c8b c148 | bad8 9125 | 8000 0000 | 0066 6690 

  0x00000275ae8f764c: ;   {optimized virtual_call}
  0x00000275ae8f764c: c5f8 77e8 

  0x00000275ae8f7650: ; ImmutableOopMap {rbp=Oop [32]=Oop [40]=Oop [48]=Oop [64]=Oop [72]=Oop [80]=NarrowOop [84]=NarrowOop [108]=NarrowOop [112]=Oop [120]=Oop [128]=Oop [136]=Oop [144]=Oop }
                      ;*invokevirtual equals {reexecute=0 rethrow=0 return_oop=0}
                      ; - java.util.HashMap::getNode@128
                      ; - java.util.LinkedHashMap::get@2
                      ; - java.util.jar.Attributes::get@5
                      ; - java.util.jar.Attributes::getValue@2
                      ; - java.net.URLClassLoader::isSealed@58
                      ; - java.net.URLClassLoader::getAndVerifyPackage@68
                      ; - java.net.URLClassLoader::defineClass@46
                      ; - java.net.URLClassLoader$1::run@43
                      ; - java.net.URLClassLoader$1::run@1
  0x00000275ae8f7650: 2c71 49ff 

  0x00000275ae8f7654: ;   {other}
  0x00000275ae8f7654: 0f1f 8400 | 444a 003c | 85c0 0f84 | b6f9 ffff | 4c8b 4c24 | 204c 8b44 | 2428 e919 | eeff ff4c 
  0x00000275ae8f7674: 63c5 4d8d | 5010 4d8b | ca49 83e1 | f848 8bfb | 4903 f949 | c1ea 034d | 2bda 498b | cb48 33c0 
  0x00000275ae8f7694: 4883 f908 | 7f10 48ff | c978 4f48 | 8904 cf48 | ffc9 7df7 | eb44 c5fd | efc0 e90d | 0000 00c5 
  0x00000275ae8f76b4: fe7f 07c5 | fe7f 4720 | 4883 c740 | 4883 e908 | 7ded 4883 | c104 7c0c | c5fe 7f07 | 4883 c720 
  0x00000275ae8f76d4: 4883 e904 | 4883 c104 | 7e10 48ff | c9c5 f9d6 | 0748 83c7 | 0848 ffc9 | 7df3 488b | 8c24 9000 
  0x00000275ae8f76f4: 0000 c5f8 | 7749 bac0 | 6dd7 ad75 | 0200 0041 

  0x00000275ae8f7704: ;   {other}
  0x00000275ae8f7704: ffd2 0f1f | 8400 0000 | 0000 e977 | e7ff ff44 | 8bdf 41f7 | db33 f6eb | 6f49 ba00 | 0000 0001 
  0x00000275ae8f7724: 0000 0049 | 3bda 0f84 | fa07 0000 | 498b 87b8 | 0100 004c | 8bd0 4983 | c228 4d3b | 97c8 0100 
  0x00000275ae8f7744: 000f 8335 | 2f00 004d | 8997 b801 | 0000 410f | 0d8a 0001 | 0000 48c7 | 0001 0000 

  0x00000275ae8f7760: ;   {metadata('java/lang/InternalError')}
  0x00000275ae8f7760: 00c7 4008 | 3807 0100 | 4489 600c | 4c89 6010 | 4c89 6018 | 4c89 6020 | 4c8b d04c | 8954 2430 
  0x00000275ae8f7780: 85ff 7d8f | 448b dfbe | 0100 0000 | 4183 fbf6 | 0f8f 363b | 0000 4183 | fb9c 0f8f | 783b 0000 
  0x00000275ae8f77a0: 4181 fb18 | fcff ff0f | 8f3b 3b00 | 0041 81fb | f0d8 ffff | 0f8f 413b | 0000 4181 | fb60 79fe 
  0x00000275ae8f77c0: ff0f 8f0d | 3b00 0041 | 81fb c0bd | f0ff 0f8f | 4c3b 0000 | 4181 fb80 | 6967 ff0f | 8f0f 3b00 
  0x00000275ae8f77e0: 0041 81fb | 001f 0afa | 0f8f 153b | 0000 4181 | fb00 3665 | c40f 8fe1 | 3a00 0083 | c60a 498b 
  0x00000275ae8f7800: afb8 0100 | 0044 8d46 | 324c 63ee | 4d8d 5549 | 4983 e2f8 | 4c8b dd4d | 03da 4d3b | 9fc8 0100 
  0x00000275ae8f7820: 000f 83b3 | 2e00 004d | 899f b801 | 0000 410f | 0d8b 0001 | 0000 48c7 | 4500 0100 | 0000 410f 
  0x00000275ae8f7840: 0d8b 4001 

  0x00000275ae8f7844: ;   {metadata({type array byte})}
  0x00000275ae8f7844: 0000 c745 | 0818 2300 | 0044 8945 | 0c41 0f0d | 8b80 0100 | 0048 8bd5 | 4883 c210 | 488b 4c24 
  0x00000275ae8f7864: 3841 b827 | 0000 00c5 | f877 49ba | c06d d7ad | 7502 0000 

  0x00000275ae8f7878: ;   {other}
  0x00000275ae8f7878: 41ff d20f | 1f84 0000 | 0000 0081 | ff00 0000 | 8074 1c85 | ff7d 14ba | 2d00 0000 | 83c6 2745 
  0x00000275ae8f7898: 33c9 442b | cf44 0f4c | cfeb 3533 | d2eb ed48 | 8bd5 4883 | c237 488b | 4c24 4041 | b80b 0000 
  0x00000275ae8f78b8: 00c5 f877 | 49ba c06d | d7ad 7502 | 0000 41ff 

  0x00000275ae8f78c8: ;   {other}
  0x00000275ae8f78c8: d20f 1f84 | 0000 0000 | 00eb 4bff | ce44 8bc9 | 4d63 d145 | 8bd9 41c1 | fb1f 4d69 | d267 6666 
  0x00000275ae8f78e8: 6649 c1fa | 2245 8bd2 | 418b ca41 | 2bcb 448d | 04cd 0000 | 0000 418d | 3c48 442b | cf41 83c1 
  0x00000275ae8f7908: 3044 884c | 350f 453b | d375 c085 | d274 0783 | c6fe 8854 | 3510 4a8d | 542d 3748 | 8b4c 2428 
  0x00000275ae8f7928: 41b8 0b00 | 0000 c5f8 | 7749 bac0 | 6dd7 ad75 | 0200 0041 

  0x00000275ae8f793c: ;   {other}
  0x00000275ae8f793c: ffd2 0f1f | 8400 0000 | 0000 4d8b | 87b8 0100 | 004d 8bd0 | 4983 c218 | 4d3b 97c8 | 0100 000f 
  0x00000275ae8f795c: 83fb 2d00 | 004d 8997 | b801 0000 | 410f 0d8a | 0001 0000 | 49c7 0001 

  0x00000275ae8f7974: ;   {metadata('java/lang/String')}
  0x00000275ae8f7974: 0000 0041 | c740 0878 | e800 0045 | 8960 0c4d | 8960 104c | 8bdd 4589 | 5814 488b | 5424 3048 
  0x00000275ae8f7994: 8b6c 2448 

  0x00000275ae8f7998: ;   {optimized virtual_call}
  0x00000275ae8f7998: c5f8 77e8 

  0x00000275ae8f799c: ; ImmutableOopMap {rbp=Oop [48]=Oop }
                      ;*invokespecial <init> {reexecute=0 rethrow=0 return_oop=0}
                      ; - java.lang.StringConcatHelper::newString@63
                      ; - java.lang.StringConcatHelper::simpleConcat@90
                      ; - java.lang.String::concat@11
                      ; - java.net.URLClassLoader$1::run@13
                      ; - java.net.URLClassLoader$1::run@1
  0x00000275ae8f799c: e06d 49ff 

  0x00000275ae8f79a0: ;   {other}
  0x00000275ae8f79a0: 0f1f 8400 | 904d 003d | 488b 5424 | 30e9 2303 | 0000 4c89 | 5424 5044 | 8944 2430 | 458b d041 
  0x00000275ae8f79c0: f7da 33ff | e984 0000 | 004d 8bda | 49ba 0000 | 0000 0100 | 0000 4d3b | da0f 842a | 0600 0049 
  0x00000275ae8f79e0: 8b87 b801 | 0000 4c8b | d049 83c2 | 284d 3b97 | c801 0000 | 0f83 1a2e | 0000 4d89 | 97b8 0100 
  0x00000275ae8f7a00: 0041 0f0d | 8a00 0100 | 0048 c700 | 0100 0000 

  0x00000275ae8f7a10: ;   {metadata('java/lang/InternalError')}
  0x00000275ae8f7a10: c740 0838 | 0701 0044 | 8960 0c4c | 8960 104c | 8960 184c | 8960 204c | 8bd0 448b | 8424 a800 
  0x00000275ae8f7a30: 0000 4585 | c00f 8d77 | ffff ff4c | 8954 2450 | 4489 4424 | 3045 8bd0 | bf01 0000 | 0041 83fa 
  0x00000275ae8f7a50: f60f 8fd1 | 3800 0041 | 83fa 9c0f | 8f19 3900 | 0041 81fa | 18fc ffff | 0f8f d838 | 0000 4181 
  0x00000275ae8f7a70: faf0 d8ff | ff0f 8fe0 | 3800 0041 | 81fa 6079 | feff 0f8f | a838 0000 | 4181 fac0 | bdf0 ff0f 
  0x00000275ae8f7a90: 8fed 3800 | 0041 81fa | 8069 67ff | 0f8f ac38 | 0000 4181 | fa00 1f0a | fa0f 8fb4 | 3800 0041 
  0x00000275ae8f7ab0: 81fa 0036 | 65c4 0f8f | 7c38 0000 | 83c7 0a4d | 8b97 b801 | 0000 448d | 4732 4863 | df4c 8d5b 
  0x00000275ae8f7ad0: 4949 83e3 | f84d 8bca | 4d03 cb4d | 3b8f c801 | 0000 0f83 | c42c 0000 | 4d89 8fb8 | 0100 0041 
  0x00000275ae8f7af0: 0f0d 8900 | 0100 0049 | c702 0100 | 0000 410f | 0d89 4001 

  0x00000275ae8f7b04: ;   {metadata({type array byte})}
  0x00000275ae8f7b04: 0000 41c7 | 4208 1823 | 0000 4589 | 420c 410f | 0d89 8001 | 0000 498b | d248 83c2 | 1049 8bf2 
  0x00000275ae8f7b24: 488b 4c24 | 2841 b827 | 0000 00c5 | f877 49ba | c06d d7ad | 7502 0000 

  0x00000275ae8f7b3c: ;   {other}
  0x00000275ae8f7b3c: 41ff d20f | 1f84 0000 | 0000 0044 | 8b54 2430 | 4181 fa00 | 0000 8074 | 2944 8b44 | 2430 4585 
  0x00000275ae8f7b5c: d27d 1a44 | 8b9c 24f0 | 0000 0083 | c727 4533 | d245 2bd0 | 450f 4cd0 | 418b c3eb | 3c45 33db 
  0x00000275ae8f7b7c: ebe9 488b | d648 83c2 | 3748 8b4c | 2438 41b8 | 0b00 0000 | c5f8 7749 | bac0 6dd7 | ad75 0200 
  0x00000275ae8f7b9c: 0041 ffd2 

  0x00000275ae8f7ba0: ;   {other}
  0x00000275ae8f7ba0: 0f1f 8400 | 0000 0000 | eb56 660f | 1f44 0000 | ffcf 448b | d14d 63da | 458b c241 | c1f8 1f4d 
  0x00000275ae8f7bc0: 69db 6766 | 6666 49c1 | fb22 458b | db41 8bcb | 412b c844 | 8d0c cd00 | 0000 0045 | 8d0c 4945 
  0x00000275ae8f7be0: 2bd1 4183 | c230 4488 | 543e 0f45 | 3bd8 75c0 | 448b d045 | 85d2 7408 | 83c7 fe44 | 8854 3e10 
  0x00000275ae8f7c00: 488d 541e | 3748 8b4c | 2420 41b8 | 0b00 0000 | c5f8 7749 | bac0 6dd7 | ad75 0200 | 0041 ffd2 
  0x00000275ae8f7c20: ;   {other}
  0x00000275ae8f7c20: 0f1f 8400 | 0000 0000 | 498b 87b8 | 0100 004c | 8bd0 4983 | c218 4d3b | 97c8 0100 | 000f 8341 
  0x00000275ae8f7c40: 2b00 004d | 8997 b801 | 0000 410f | 0d8a 0001 | 0000 48c7 | 0001 0000 

  0x00000275ae8f7c58: ;   {metadata('java/lang/String')}
  0x00000275ae8f7c58: 00c7 4008 | 78e8 0000 | 4489 600c | 4c89 6010 | 4c8b c04c | 8bde 4589 | 5814 488b | 5424 5048 
  0x00000275ae8f7c78: 8b6c 2440 | 4c8b 5424 | 784c 8954 | 2428 4c8b | 9424 8000 | 0000 4c89 | 5424 304c | 8b54 2470 
  0x00000275ae8f7c98: 4c89 5424 | 384c 8b94 | 2488 0000 | 004c 8994 | 2480 0000 | 004c 8b94 | 2490 0000 | 004c 8994 
  0x00000275ae8f7cb8: 2488 0000 | 0066 6690 

  0x00000275ae8f7cc0: ;   {optimized virtual_call}
  0x00000275ae8f7cc0: c5f8 77e8 

  0x00000275ae8f7cc4: ; ImmutableOopMap {rbp=Oop [40]=Oop [48]=Oop [56]=Oop [64]=Oop [72]=Oop [80]=Oop [96]=Oop [108]=NarrowOop [128]=Oop [136]=Oop [160]=Oop }
                      ;*invokespecial <init> {reexecute=0 rethrow=0 return_oop=0}
                      ; - java.lang.StringConcatHelper::newString@63
                      ; - java.lang.StringConcatHelper::simpleConcat@90
                      ; - java.lang.String::concat@11
                      ; - java.net.URLClassLoader::isSealed@15
                      ; - java.net.URLClassLoader::getAndVerifyPackage@68
                      ; - java.net.URLClassLoader::defineClass@46
                      ; - java.net.URLClassLoader$1::run@43
                      ; - java.net.URLClassLoader$1::run@1
  0x00000275ae8f7cc4: b86a 49ff 

  0x00000275ae8f7cc8: ;   {other}
  0x00000275ae8f7cc8: 0f1f 8400 | b850 003e | 488b 5424 | 50c5 f877 | 4881 c430 | 0100 005d 

  0x00000275ae8f7ce0: ;   {runtime_call _rethrow_Java}
  0x00000275ae8f7ce0: e91b de54 | ff49 8be9 | 498b d04c | 8b84 24a0 | 0000 0090 

  0x00000275ae8f7cf4: ;   {optimized virtual_call}
  0x00000275ae8f7cf4: c5f8 77e8 

  0x00000275ae8f7cf8: ; ImmutableOopMap {rbp=Oop [48]=Oop [64]=Oop [72]=Oop [80]=NarrowOop [84]=NarrowOop [108]=NarrowOop [112]=Oop [120]=Oop [128]=Oop [136]=Oop [144]=Oop [160]=Oop }
                      ;*invokevirtual afterNodeAccess {reexecute=0 rethrow=0 return_oop=0}
                      ; - java.util.LinkedHashMap::get@21
                      ; - java.util.jar.Attributes::get@5
                      ; - java.util.jar.Attributes::getValue@2
                      ; - java.net.URLClassLoader::isSealed@58
                      ; - java.net.URLClassLoader::getAndVerifyPackage@68
                      ; - java.net.URLClassLoader::defineClass@46
                      ; - java.net.URLClassLoader$1::run@43
                      ; - java.net.URLClassLoader$1::run@1
  0x00000275ae8f7cf8: 846a 49ff 

  0x00000275ae8f7cfc: ;   {other}
  0x00000275ae8f7cfc: 0f1f 8400 | ec50 003f | 4c8b cde9 | 94d8 ffff | 498b 87b8 | 0100 004c | 8bd0 4983 | c218 4d3b 
  0x00000275ae8f7d1c: 97c8 0100 | 000f 833a | 2b00 004d | 8997 b801 | 0000 410f | 0d8a 0001 | 0000 48c7 | 0001 0000 
  0x00000275ae8f7d3c: ;   {metadata('java/lang/String')}
  0x00000275ae8f7d3c: 00c7 4008 | 78e8 0000 | 4489 600c | 4489 6010 

  0x00000275ae8f7d4c: ;   {oop([B{0x0000000080630110})}
  0x00000275ae8f7d4c: c740 1410 

  0x00000275ae8f7d50: ;   {oop("/"{0x0000000080000698})}
  0x00000275ae8f7d50: 0163 8049 | ba98 0600 | 8000 0000 | 0045 0fb6 | 5a11 4488 | 5811 458b | 520c 4489 | 500c e908 
  0x00000275ae8f7d70: d6ff ff4c | 8944 2428 | 488b 5424 | 784c 8b84 | 2488 0000 | 004c 8b8c | 24e8 0000 | 0048 8bbc 
  0x00000275ae8f7d90: 24e8 0000 | 0048 8bb4 | 24e8 0000 | 0048 8b8c | 24e8 0000 | 004c 8b94 | 24e8 0000 | 004c 8914 
  0x00000275ae8f7db0: 244c 8b94 | 24e8 0000 | 004c 8954 | 2408 4c8b | 9424 e800 | 0000 4c89 | 5424 104c | 8bd2 4c89 
  0x00000275ae8f7dd0: 5424 6090 

  0x00000275ae8f7dd4: ;   {optimized virtual_call}
  0x00000275ae8f7dd4: c5f8 77e8 

  0x00000275ae8f7dd8: ; ImmutableOopMap {[40]=Oop [48]=Oop [64]=Oop [72]=Oop [80]=NarrowOop [84]=NarrowOop [96]=Oop [108]=NarrowOop [112]=Oop [128]=Oop [136]=Oop }
                      ;*invokevirtual definePackage {reexecute=0 rethrow=0 return_oop=1}
                      ; - java.net.URLClassLoader::defineClass@81
                      ; - java.net.URLClassLoader$1::run@43
                      ; - java.net.URLClassLoader$1::run@1
  0x00000275ae8f7dd8: a469 49ff 

  0x00000275ae8f7ddc: ;   {other}
  0x00000275ae8f7ddc: 0f1f 8400 | cc51 0040 | e95f d8ff | ff4c 63c5 | 4d8d 5810 | 4d8b cb49 | 83e1 f848 | 8bfb 4903 
  0x00000275ae8f7dfc: f949 c1eb | 034d 2bd3 | 498b ca48 | 33c0 4883 | f908 7f10 | 48ff c978 | 4f48 8904 | cf48 ffc9 
  0x00000275ae8f7e1c: 7df7 eb44 | c5fd efc0 | e90d 0000 | 00c5 fe7f | 07c5 fe7f | 4720 4883 | c740 4883 | e908 7ded 
  0x00000275ae8f7e3c: 4883 c104 | 7c0c c5fe | 7f07 4883 | c720 4883 | e904 4883 | c104 7e10 | 48ff c9c5 | f9d6 0748 
  0x00000275ae8f7e5c: 83c7 0848 | ffc9 7df3 | 488b 8c24 | 9000 0000 | c5f8 7749 | bac0 6dd7 | ad75 0200 | 0041 ffd2 
  0x00000275ae8f7e7c: ;   {other}
  0x00000275ae8f7e7c: 0f1f 8400 | 0000 0000 | e96c c3ff 

  0x00000275ae8f7e88: ;   {oop(""{0x0000000080000e88})}
  0x00000275ae8f7e88: ff49 ba88 | 0e00 8000 | 0000 00e9 | 8bc3 ffff | 33c0 e955 | c6ff ff33 | c0e9 bac9 | ffff 4533 
  0x00000275ae8f7ea8: c045 33d2 | e9a1 d5ff | ff49 ba00 | 0000 0001 | 0000 0049 | 0bd2 448b | d2e9 47bc | ffff 4c8b 
  0x00000275ae8f7ec8: 9c24 b800 | 0000 49ba | 0000 0000 | 0100 0000 | 4d0b da4c | 899c 24b8 | 0000 0045 | 8bd3 4489 
  0x00000275ae8f7ee8: 9424 a800 | 0000 e94e 

  0x00000275ae8f7ef0: ;   {metadata({type array byte})}
  0x00000275ae8f7ef0: d2ff ff48 | ba18 2300 | bb75 0200 | 0044 8b84 | 248c 0000 | 0066 6690 

  0x00000275ae8f7f08: ;   {runtime_call _new_array_nozero_Java}
  0x00000275ae8f7f08: c5f8 77e8 

  0x00000275ae8f7f0c: ; ImmutableOopMap {[32]=NarrowOop [36]=NarrowOop [40]=Oop [48]=Oop [56]=Oop [64]=Oop [72]=Oop [84]=NarrowOop [96]=Oop [144]=Derived_oop_[96] [108]=NarrowOop [120]=Oop [128]=Oop }
                      ;*newarray {reexecute=0 rethrow=0 return_oop=1}
                      ; - java.util.Arrays::copyOf@15
                      ; - jdk.internal.loader.Resource::getBytes@94
                      ; - jdk.internal.loader.URLClassPath$JarLoader$2::getBytes@1
                      ; - java.net.URLClassLoader::defineClass@179
                      ; - java.net.URLClassLoader$1::run@43
                      ; - java.net.URLClassLoader$1::run@1
  0x00000275ae8f7f0c: 7073 4bff 

  0x00000275ae8f7f10: ;   {other}
  0x00000275ae8f7f10: 0f1f 8400 | 0053 0041 | 488b d8e9 | 12df ffff | b8ff ffff | ffe9 bedf | ffff 498b | 87b8 0100 
  0x00000275ae8f7f30: 004c 8bd0 | 4983 c218 | 4d3b 97c8 | 0100 000f | 8313 3200 | 004d 8997 | b801 0000 | 410f 0d8a 
  0x00000275ae8f7f50: 0001 0000 | 48c7 0001 

  0x00000275ae8f7f58: ;   {metadata('java/lang/String')}
  0x00000275ae8f7f58: 0000 00c7 | 4008 78e8 | 0000 4489 | 600c 48c7 | 4010 0100 | 0000 448b | 5c24 6844 | 8958 14e9 
  0x00000275ae8f7f78: 9abd ffff | 458b 5b24 | 4585 db0f | 8403 3400 | 0049 8bd3 | 4c8b 8424 | 9000 0000 | 448b 4c24 
  0x00000275ae8f7f98: 748b f890 

  0x00000275ae8f7f9c: ;   {optimized virtual_call}
  0x00000275ae8f7f9c: c5f8 77e8 

  0x00000275ae8f7fa0: ; ImmutableOopMap {rbp=Oop [32]=NarrowOop [36]=NarrowOop [40]=Oop [48]=Oop [56]=Oop [64]=Oop [72]=Oop [84]=NarrowOop [108]=NarrowOop [120]=Oop [128]=Oop [144]=Oop [152]=Oop }
                      ;*invokevirtual write {reexecute=0 rethrow=0 return_oop=0}
                      ; - java.util.jar.JarVerifier::update@19
                      ; - java.util.jar.JarVerifier$VerifierStream::read@63
                      ; - jdk.internal.loader.Resource::getBytes@117
                      ; - jdk.internal.loader.URLClassPath$JarLoader$2::getBytes@1
                      ; - java.net.URLClassLoader::defineClass@179
                      ; - java.net.URLClassLoader$1::run@43
                      ; - java.net.URLClassLoader$1::run@1
  0x00000275ae8f7fa0: dc67 49ff 

  0x00000275ae8f7fa4: ;   {other}
  0x00000275ae8f7fa4: 0f1f 8400 | 9453 0042 | e99e e7ff | ff4c 8b94 | 2488 0000 | 0041 c642 | 1101 33c0 | e92f c5ff 
  0x00000275ae8f7fc4: ff4c 8984 | 24d0 0000 

  0x00000275ae8f7fcc: ;   {oop([B{0x00000000805ec220})}
  0x00000275ae8f7fcc: 0049 ba20 | c25e 8000 | 0000 004c | 8994 24d8 

  0x00000275ae8f7fdc: ;   {oop([B{0x00000000805ec240})}
  0x00000275ae8f7fdc: 0000 0049 | ba40 c25e | 8000 0000 | 004c 8994 | 24e0 0000 | 0066 6690 

  0x00000275ae8f7ff4: ;   {static_call}
  0x00000275ae8f7ff4: c5f8 77e8 

  0x00000275ae8f7ff8: ; ImmutableOopMap {rbp=Oop [56]=Derived_oop_rbp [48]=Oop [64]=Oop [72]=Oop [80]=NarrowOop [84]=NarrowOop [96]=Oop [104]=NarrowOop [108]=NarrowOop [112]=Oop [120]=Oop [128]=Oop [136]=Oop [208]=Oop [216]=Oop [32]=Derived_oop_[216] [224]=Oop [40]=Derived_oop_[224] }
                      ;*invokestatic hashCode {reexecute=0 rethrow=0 return_oop=0}
                      ; - java.lang.String::hashCode@37
                      ; - java.util.concurrent.ConcurrentHashMap::get@1
                      ; - java.lang.ClassLoader::getDefinedPackage@13
                      ; - java.net.URLClassLoader::getAndVerifyPackage@2
                      ; - java.net.URLClassLoader::defineClass@46
                      ; - java.net.URLClassLoader$1::run@43
                      ; - java.net.URLClassLoader$1::run@1
  0x00000275ae8f7ff8: 846d 49ff 

  0x00000275ae8f7ffc: ;   {other}
  0x00000275ae8f7ffc: 0f1f 8400 | ec53 0043 | e9d7 c4ff | ff49 8b87 | b801 0000 | 4c8b d049 | 83c2 184d | 3b97 c801 
  0x00000275ae8f801c: 0000 0f83 | 8131 0000 | 4d89 97b8 | 0100 0041 | 0f0d 8a00 | 0100 0048 | c700 0100 

  0x00000275ae8f8038: ;   {metadata('java/lang/String')}
  0x00000275ae8f8038: 0000 c740 | 0878 e800 | 0044 8960 | 0c48 c740 | 1001 0000 | 0089 6814 | e926 d3ff | ff4c 8b94 
  0x00000275ae8f8058: 2488 0000 | 0041 c642 | 1101 33c0 | e9f7 c7ff 

  0x00000275ae8f8068: ;   {oop([B{0x0000000080334c70})}
  0x00000275ae8f8068: ff48 bd70 | 4c33 8000 | 0000 004c | 8994 24d0 

  0x00000275ae8f8078: ;   {oop([B{0x00000000805ec220})}
  0x00000275ae8f8078: 0000 0049 | ba20 c25e | 8000 0000 | 004c 8994 | 24d8 0000 

  0x00000275ae8f808c: ;   {oop([B{0x00000000805ec240})}
  0x00000275ae8f808c: 0049 ba40 | c25e 8000 | 0000 004c | 8994 24e0 | 0000 0090 

  0x00000275ae8f80a0: ;   {static_call}
  0x00000275ae8f80a0: c5f8 77e8 

  0x00000275ae8f80a4: ; ImmutableOopMap {rbp=Oop [56]=Derived_oop_rbp [48]=Oop [64]=Oop [72]=Oop [80]=NarrowOop [84]=NarrowOop [96]=Oop [104]=NarrowOop [108]=NarrowOop [112]=Oop [120]=Oop [128]=Oop [136]=Oop [144]=NarrowOop [208]=Oop [216]=Oop [32]=Derived_oop_[216] [224]=Oop [40]=Derived_oop_[224] }
                      ;*invokestatic hashCode {reexecute=0 rethrow=0 return_oop=0}
                      ; - java.lang.String::hashCode@37
                      ; - java.util.concurrent.ConcurrentHashMap::get@1
                      ; - java.lang.ClassLoader::definePackage@47
                      ; - java.lang.ClassLoader::getDefinedPackage@32
                      ; - java.net.URLClassLoader::getAndVerifyPackage@2
                      ; - java.net.URLClassLoader::defineClass@46
                      ; - java.net.URLClassLoader$1::run@43
                      ; - java.net.URLClassLoader$1::run@1
  0x00000275ae8f80a4: d86c 49ff 

  0x00000275ae8f80a8: ;   {other}
  0x00000275ae8f80a8: 0f1f 8400 | 9854 0044 | e997 c7ff | ff48 8b4c | 2428 c641 | 1101 4533 | c045 33d2 | 4c8b 4c24 
  0x00000275ae8f80c8: 208b 7c24 | 38e9 80d3 | ffff 4489 | 4424 3c89 | 7c24 3848 | 8944 2428 | 4c89 4c24 | 2066 6690 
  0x00000275ae8f80e8: ;   {static_call}
  0x00000275ae8f80e8: c5f8 77e8 

  0x00000275ae8f80ec: ; ImmutableOopMap {rbp=Oop [32]=Oop [40]=Oop [48]=Oop [56]=NarrowOop [64]=Oop [72]=Oop [80]=NarrowOop [84]=NarrowOop [108]=NarrowOop [112]=Oop [120]=Oop [128]=Oop [136]=Oop [144]=Oop }
                      ;*invokestatic hashCode {reexecute=0 rethrow=0 return_oop=0}
                      ; - java.lang.String::hashCode@37
                      ; - java.util.HashMap::hash@9
                      ; - java.util.HashMap::getNode@23
                      ; - java.util.HashMap::get@2
                      ; - java.util.jar.Manifest::getAttributes@5
                      ; - java.util.jar.Manifest::getTrustedAttributes@2
                      ; - java.util.jar.JavaUtilJarAccessImpl::getTrustedAttributes@2
                      ; - java.net.URLClassLoader::isSealed@18
                      ; - java.net.URLClassLoader::getAndVerifyPackage@68
                      ; - java.net.URLClassLoader::defineClass@46
                      ; - java.net.URLClassLoader$1::run@43
                      ; - java.net.URLClassLoader$1::run@1
  0x00000275ae8f80ec: 906c 49ff 

  0x00000275ae8f80f0: ;   {other}
  0x00000275ae8f80f0: 0f1f 8400 | e054 0045 | e91b d3ff | ff41 8beb | 4489 4c24 | 5044 8944 | 2424 4889 

  0x00000275ae8f810c: ;   {metadata({type array byte})}
  0x00000275ae8f810c: 7424 3848 | ba18 2300 | bb75 0200 | 0045 33c0 

  0x00000275ae8f811c: ;   {runtime_call _new_array_Java}
  0x00000275ae8f811c: c5f8 77e8 

  0x00000275ae8f8120: ; ImmutableOopMap {[32]=NarrowOop [36]=NarrowOop [40]=Oop [48]=Oop [56]=Oop [64]=Oop [72]=Oop [84]=NarrowOop [108]=NarrowOop [128]=Oop }
                      ;*newarray {reexecute=0 rethrow=0 return_oop=1}
                      ; - jdk.internal.loader.Resource::getBytes@30
                      ; - jdk.internal.loader.URLClassPath$JarLoader$2::getBytes@1
                      ; - java.net.URLClassLoader::defineClass@179
                      ; - java.net.URLClassLoader$1::run@43
                      ; - java.net.URLClassLoader$1::run@1
  0x00000275ae8f8120: dc74 4bff 

  0x00000275ae8f8124: ;   {other}
  0x00000275ae8f8124: 0f1f 8400 | 1455 0046 | 488b 7424 | 3844 8b44 | 2424 448b | 4c24 5048 | 8bd8 448b | dde9 93db 
  0x00000275ae8f8144: ;   {metadata('java/security/CodeSource')}
  0x00000275ae8f8144: ffff 48ba | 285c 00bb | 7502 0000 | 488b 6c24 | 4066 6690 

  0x00000275ae8f8158: ;   {runtime_call _new_instance_Java}
  0x00000275ae8f8158: c5f8 77e8 

  0x00000275ae8f815c: ; ImmutableOopMap {rbp=Oop [32]=NarrowOop [40]=Oop [64]=Oop [72]=Oop [84]=NarrowOop [108]=NarrowOop [128]=Oop [144]=Oop [232]=Oop }
                      ;*new {reexecute=0 rethrow=0 return_oop=1}
                      ; - java.net.URLClassLoader::defineClass@190
                      ; - java.net.URLClassLoader$1::run@43
                      ; - java.net.URLClassLoader$1::run@1
  0x00000275ae8f815c: a077 4bff 

  0x00000275ae8f8160: ;   {other}
  0x00000275ae8f8160: 0f1f 8400 | 5055 0047 | 4c8b d8e9 | edde ffff | 4889 4c24 

  0x00000275ae8f8174: ;   {metadata('java/security/SecureClassLoader$1')}
  0x00000275ae8f8174: 3848 ba50 | ba11 bb75 | 0200 0090 

  0x00000275ae8f8180: ;   {runtime_call _new_instance_Java}
  0x00000275ae8f8180: c5f8 77e8 

  0x00000275ae8f8184: ; ImmutableOopMap {rbp=NarrowOop [32]=NarrowOop [40]=Oop [56]=Oop [64]=Oop [72]=Oop [84]=NarrowOop [128]=Oop [144]=Oop }
                      ;*new {reexecute=0 rethrow=0 return_oop=1}
                      ; - java.security.SecureClassLoader::getProtectionDomain@20
                      ; - java.security.SecureClassLoader::defineClass@9
                      ; - java.net.URLClassLoader::defineClass@220
                      ; - java.net.URLClassLoader$1::run@43
                      ; - java.net.URLClassLoader$1::run@1
  0x00000275ae8f8184: 7877 4bff 

  0x00000275ae8f8188: ;   {other}
  0x00000275ae8f8188: 0f1f 8400 | 7855 0048 | 448b 5c24 | 2048 8b4c | 2438 4c8b | c8e9 0ee1 | ffff 488b 

  0x00000275ae8f81a4: ;   {metadata('java/security/SecureClassLoader$CodeSourceKey')}
  0x00000275ae8f81a4: ef48 bab8 | b411 bb75 | 0200 0090 

  0x00000275ae8f81b0: ;   {runtime_call _new_instance_Java}
  0x00000275ae8f81b0: c5f8 77e8 

  0x00000275ae8f81b4: ; ImmutableOopMap {rbp=Oop [32]=NarrowOop [40]=Oop [64]=Oop [72]=Oop [84]=NarrowOop [128]=Oop [144]=Oop }
                      ;*new {reexecute=0 rethrow=0 return_oop=1}
                      ; - java.security.SecureClassLoader::getProtectionDomain@6
                      ; - java.security.SecureClassLoader::defineClass@9
                      ; - java.net.URLClassLoader::defineClass@220
                      ; - java.net.URLClassLoader$1::run@43
                      ; - java.net.URLClassLoader$1::run@1
  0x00000275ae8f81b4: 4877 4bff 

  0x00000275ae8f81b8: ;   {other}
  0x00000275ae8f81b8: 0f1f 8400 | a855 0049 | 488b fd48 | 8bc8 e998 

  0x00000275ae8f81c8: ;   {metadata('java/lang/String')}
  0x00000275ae8f81c8: e0ff ff48 | ba78 e800 | bb75 0200 

  0x00000275ae8f81d4: ;   {oop([B{0x0000000080334c70})}
  0x00000275ae8f81d4: 0048 bd70 | 4c33 8000 

  0x00000275ae8f81dc: ;   {oop([B{0x00000000805ec220})}
  0x00000275ae8f81dc: 0000 0049 | ba20 c25e | 8000 0000 | 004c 8994 | 2488 0000 

  0x00000275ae8f81f0: ;   {oop([B{0x00000000805ec240})}
  0x00000275ae8f81f0: 0049 ba40 | c25e 8000 | 0000 004c | 8994 2490 | 0000 0090 

  0x00000275ae8f8204: ;   {runtime_call _new_instance_Java}
  0x00000275ae8f8204: c5f8 77e8 

  0x00000275ae8f8208: ; ImmutableOopMap {rbp=Oop [56]=Derived_oop_rbp [48]=Oop [64]=Oop [72]=Oop [80]=NarrowOop [84]=NarrowOop [96]=NarrowOop [108]=NarrowOop [112]=Oop [120]=Oop [128]=Oop [136]=Oop [32]=Derived_oop_[136] [144]=Oop [40]=Derived_oop_[144] }
                      ;*new {reexecute=0 rethrow=0 return_oop=1}
                      ; - java.lang.StringLatin1::newString@7
                      ; - java.lang.String::substring@41
                      ; - java.net.URLClassLoader::defineClass@28
                      ; - java.net.URLClassLoader$1::run@43
                      ; - java.net.URLClassLoader$1::run@1
  0x00000275ae8f8208: f476 4bff 

  0x00000275ae8f820c: ;   {other}
  0x00000275ae8f820c: 0f1f 8400 | fc55 004a | 488b e8e9 | d5bd ffff | 4c89 4424 | 7044 895c | 2424 418b | e948 8b54 
  0x00000275ae8f822c: 2460 6690 

  0x00000275ae8f8230: ;   {optimized virtual_call}
  0x00000275ae8f8230: c5f8 77e8 

  0x00000275ae8f8234: ; ImmutableOopMap {rbp=NarrowOop [32]=NarrowOop [36]=NarrowOop [40]=Oop [48]=Oop [56]=Oop [64]=Oop [72]=Oop [84]=NarrowOop [96]=Oop [108]=NarrowOop [112]=Oop [128]=Oop }
                      ;*invokevirtual initializeVerifier {reexecute=0 rethrow=0 return_oop=0}
                      ; - java.util.jar.JarFile::getInputStream@33
                      ; - jdk.internal.loader.URLClassPath$JarLoader$2::getInputStream@11
                      ; - jdk.internal.loader.Resource::cachedInputStream@9
                      ; - jdk.internal.loader.Resource::getByteBuffer@1
                      ; - java.net.URLClassLoader::defineClass@132
                      ; - java.net.URLClassLoader$1::run@43
                      ; - java.net.URLClassLoader$1::run@1
  0x00000275ae8f8234: 4865 49ff 

  0x00000275ae8f8238: ;   {other}
  0x00000275ae8f8238: 0f1f 8400 | 2856 004b | 448b d541 | c642 1101 | 453b 6230 | 0f84 6206 | 0000 4489 | 9424 c000 
  0x00000275ae8f8258: 0000 448b | 5c24 244c | 8b44 2470 | e98d e5ff | ff4c 894c | 2470 4489 | 4424 2441 | 8bea 488b 
  0x00000275ae8f8278: 5424 6090 

  0x00000275ae8f827c: ;   {optimized virtual_call}
  0x00000275ae8f827c: c5f8 77e8 

  0x00000275ae8f8280: ; ImmutableOopMap {rbp=NarrowOop [32]=NarrowOop [36]=NarrowOop [40]=Oop [48]=Oop [56]=Oop [64]=Oop [72]=Oop [84]=NarrowOop [96]=Oop [108]=NarrowOop [112]=Oop [128]=Oop }
                      ;*invokevirtual initializeVerifier {reexecute=0 rethrow=0 return_oop=0}
                      ; - java.util.jar.JarFile::getInputStream@33
                      ; - jdk.internal.loader.URLClassPath$JarLoader$2::getInputStream@11
                      ; - jdk.internal.loader.Resource::cachedInputStream@9
                      ; - jdk.internal.loader.Resource::getBytes@1
                      ; - jdk.internal.loader.URLClassPath$JarLoader$2::getBytes@1
                      ; - java.net.URLClassLoader::defineClass@179
                      ; - java.net.URLClassLoader$1::run@43
                      ; - java.net.URLClassLoader$1::run@1
  0x00000275ae8f8280: fc64 49ff 

  0x00000275ae8f8284: ;   {other}
  0x00000275ae8f8284: 0f1f 8400 | 7456 004c | 448b dd41 | c643 1101 | 453b 6330 | 0f84 0407 | 0000 4489 | 9c24 d000 
  0x00000275ae8f82a4: 0000 448b | 4424 244c | 8b4c 2470 | e9fa e8ff | ff89 5424 | 5444 895c | 2450 894c | 2440 4c8b 
  0x00000275ae8f82c4: 5424 304c | 8954 2438 | 4889 7424 | 3089 5c24 | 2c44 8944 | 2428 4c8b | 5424 484c | 8954 2420 
  0x00000275ae8f82e4: 488b ef89 

  0x00000275ae8f82e8: ;   {metadata({type array byte})}
  0x00000275ae8f82e8: 7c24 4448 | ba18 2300 | bb75 0200 | 0044 8bc3 

  0x00000275ae8f82f8: ;   {runtime_call _new_array_Java}
  0x00000275ae8f82f8: c5f8 77e8 

  0x00000275ae8f82fc: ; ImmutableOopMap {rbp=Oop [32]=Oop [40]=NarrowOop [48]=Oop [56]=Oop [68]=NarrowOop [72]=Oop }
                      ;*invokevirtual allocateUninitializedArray0 {reexecute=0 rethrow=0 return_oop=1}
                      ; - jdk.internal.misc.Unsafe::allocateUninitializedArray@51
                      ; - java.lang.StringConcatHelper::newArray@33
                      ; - java.lang.StringLatin1::replace@49
                      ; - java.lang.String::replace@18
                      ; - java.net.URLClassLoader$1::run@8
                      ; - java.net.URLClassLoader$1::run@1
  0x00000275ae8f82fc: 0073 4bff 

  0x00000275ae8f8300: ;   {other}
  0x00000275ae8f8300: 0f1f 8400 | f056 004d | 448b 4424 | 288b 5c24 | 2c48 8b74 | 2430 4c8b | 5c24 384c | 895c 2430 
  0x00000275ae8f8320: 8b4c 2440 | 488b e88b | 7c24 4444 | 8b5c 2450 | 8b54 2454 | e977 b5ff 

  0x00000275ae8f8338: ;   {metadata('java/lang/String')}
  0x00000275ae8f8338: ff48 ba78 | e800 bb75 | 0200 0048 | 8974 2428 

  0x00000275ae8f8348: ;   {runtime_call _new_instance_Java}
  0x00000275ae8f8348: c5f8 77e8 

  0x00000275ae8f834c: ; ImmutableOopMap {rbp=Oop [40]=Oop [48]=Oop [72]=Oop }
                      ;*new {reexecute=0 rethrow=0 return_oop=1}
                      ; - java.lang.StringLatin1::replace@116
                      ; - java.lang.String::replace@18
                      ; - java.net.URLClassLoader$1::run@8
                      ; - java.net.URLClassLoader$1::run@1
  0x00000275ae8f834c: b075 4bff 

  0x00000275ae8f8350: ;   {other}
  0x00000275ae8f8350: 0f1f 8400 | 4057 004e | e93d b7ff | ff45 8bd2 | 4489 9424 | c400 0000 | e93d e2ff | ff89 6c24 
  0x00000275ae8f8370: ;   {metadata({type array byte})}
  0x00000275ae8f8370: 5448 ba18 | 2300 bb75 | 0200 0044 | 8b44 2454 | 4889 7c24 

  0x00000275ae8f8384: ;   {oop([B{0x0000000080334c70})}
  0x00000275ae8f8384: 6048 bd70 | 4c33 8000 

  0x00000275ae8f838c: ;   {oop([B{0x00000000805ec220})}
  0x00000275ae8f838c: 0000 0049 | ba20 c25e | 8000 0000 | 004c 8954 

  0x00000275ae8f839c: ;   {oop([B{0x00000000805ec240})}
  0x00000275ae8f839c: 2468 49ba | 40c2 5e80 | 0000 0000 | 4c89 5424 | 7066 6690 

  0x00000275ae8f83b0: ;   {runtime_call _new_array_Java}
  0x00000275ae8f83b0: c5f8 77e8 

  0x00000275ae8f83b4: ; ImmutableOopMap {rbp=Oop [64]=Derived_oop_rbp [32]=Oop [48]=Oop [72]=Oop [104]=Oop [40]=Derived_oop_[104] [112]=Oop [56]=Derived_oop_[112] }
                      ;*invokevirtual allocateUninitializedArray0 {reexecute=0 rethrow=0 return_oop=1}
                      ; - jdk.internal.misc.Unsafe::allocateUninitializedArray@51
                      ; - java.lang.StringConcatHelper::newArray@33
                      ; - java.lang.StringConcatHelper::simpleConcat@61
                      ; - java.lang.String::concat@11
                      ; - java.net.URLClassLoader$1::run@13
                      ; - java.net.URLClassLoader$1::run@1
  0x00000275ae8f83b4: 4872 4bff 

  0x00000275ae8f83b8: ;   {other}
  0x00000275ae8f83b8: 0f1f 8400 | a857 004f | 8b6c 2454 | e905 b8ff 

  0x00000275ae8f83c8: ;   {metadata('java/lang/String')}
  0x00000275ae8f83c8: ff48 ba78 | e800 bb75 | 0200 004c | 8944 2450 

  0x00000275ae8f83d8: ;   {oop([B{0x0000000080334c70})}
  0x00000275ae8f83d8: 48bd 704c | 3380 0000 

  0x00000275ae8f83e0: ;   {oop([B{0x00000000805ec220})}
  0x00000275ae8f83e0: 0000 49ba | 20c2 5e80 | 0000 0000 | 4c89 5424 

  0x00000275ae8f83f0: ;   {oop([B{0x00000000805ec240})}
  0x00000275ae8f83f0: 5849 ba40 | c25e 8000 | 0000 004c | 8954 2460 

  0x00000275ae8f8400: ;   {runtime_call _new_instance_Java}
  0x00000275ae8f8400: c5f8 77e8 

  0x00000275ae8f8404: ; ImmutableOopMap {rbp=Oop [64]=Derived_oop_rbp [48]=Oop [72]=Oop [80]=Oop [88]=Oop [40]=Derived_oop_[88] [96]=Oop [56]=Derived_oop_[96] [104]=NarrowOop }
                      ;*new {reexecute=0 rethrow=0 return_oop=1}
                      ; - java.lang.StringConcatHelper::newString@6
                      ; - java.lang.StringConcatHelper::simpleConcat@90
                      ; - java.lang.String::concat@11
                      ; - java.net.URLClassLoader$1::run@13
                      ; - java.net.URLClassLoader$1::run@1
  0x00000275ae8f8404: f874 4bff 

  0x00000275ae8f8408: ;   {other}
  0x00000275ae8f8408: 0f1f 8400 | f857 0050 | e9f8 b8ff | ff44 8d14 | 3f45 85d2 | 0f8c cf2f | 0000 438d | 1409 85d2 
  0x00000275ae8f8428: 0f8c c32f | 0000 4c8b | ee44 8bf7 | 418b c18b | f145 8d1c | 1241 3beb | 0f82 a62f | 0000 4b8d 
  0x00000275ae8f8448: 7c10 1049 | 8bf5 8bd0 | 8bca 83e1 | 0f83 e2f0 | 741c 488d | 3416 488d | 3c57 48f7 | dac4 e27d 
  0x00000275ae8f8468: 3004 16c5 | fe7f 0457 | 4883 c210 | 75ef 8bd1 | 83e1 0783 | e2f8 7427 | c4e2 7930 | 06c5 fa7f 
  0x00000275ae8f8488: 0748 83c6 | 0848 83c7 | 10e9 1100 | 0000 c4e2 | 7930 0416 | c5fa 7f04 | 5748 83c2 | 0875 ef8b 
  0x00000275ae8f84a8: d183 fa04 | 7c19 c5f9 | 6e06 c4e2 | 7930 c0c5 | f9d6 0748 | 83ea 0448 | 83c6 0448 | 83c7 0885 
  0x00000275ae8f84c8: d274 1848 | 8d34 1648 | 8d3c 5748 | f7da 0fb6 | 0c16 6689 | 0c57 48ff | c275 f341 | 8bfe e9d1 
  0x00000275ae8f84e8: ;   {metadata({type array byte})}
  0x00000275ae8f84e8: b7ff ff48 | ba18 2300 | bb75 0200 | 0044 8b44 

  0x00000275ae8f84f8: ;   {oop([B{0x0000000080334c70})}
  0x00000275ae8f84f8: 2468 48bd | 704c 3380 | 0000 0000 

  0x00000275ae8f8504: ;   {oop([B{0x00000000805ec220})}
  0x00000275ae8f8504: 49ba 20c2 | 5e80 0000 | 0000 4c89 | 9424 b800 

  0x00000275ae8f8514: ;   {oop([B{0x00000000805ec240})}
  0x00000275ae8f8514: 0000 49ba | 40c2 5e80 | 0000 0000 | 4c89 9424 | c000 0000 

  0x00000275ae8f8528: ;   {runtime_call _new_array_nozero_Java}
  0x00000275ae8f8528: c5f8 77e8 

  0x00000275ae8f852c: ; ImmutableOopMap {rbp=Oop [56]=Derived_oop_rbp [48]=Oop [64]=Oop [72]=Oop [80]=NarrowOop [84]=NarrowOop [108]=NarrowOop [112]=Oop [120]=Oop [128]=Oop [136]=Oop [184]=Oop [32]=Derived_oop_[184] [192]=Oop [40]=Derived_oop_[192] [200]=Oop [144]=Derived_oop_[200] }
                      ;*newarray {reexecute=0 rethrow=0 return_oop=1}
                      ; - java.util.Arrays::copyOfRangeByte@10
                      ; - java.util.Arrays::copyOfRange@13
                      ; - java.lang.StringLatin1::newString@16
                      ; - java.lang.String::substring@41
                      ; - java.net.URLClassLoader::defineClass@28
                      ; - java.net.URLClassLoader$1::run@43
                      ; - java.net.URLClassLoader$1::run@1
  0x00000275ae8f852c: 506d 4bff 

  0x00000275ae8f8530: ;   {other}
  0x00000275ae8f8530: 0f1f 8400 | 2059 0051 | 488b d8e9 | 5cbc ffff 

  0x00000275ae8f8540: ;   {metadata({type array byte})}
  0x00000275ae8f8540: 48ba 1823 | 00bb 7502 | 0000 448b | 8424 ac00 | 0000 4c89 | 9424 e000 

  0x00000275ae8f8558: ;   {oop([B{0x0000000080334c70})}
  0x00000275ae8f8558: 0000 48bd | 704c 3380 | 0000 0000 

  0x00000275ae8f8564: ;   {oop([B{0x00000000805ec220})}
  0x00000275ae8f8564: 49ba 20c2 | 5e80 0000 | 0000 4c89 | 9424 f800 

  0x00000275ae8f8574: ;   {oop([B{0x00000000805ec240})}
  0x00000275ae8f8574: 0000 49ba | 40c2 5e80 | 0000 0000 | 4c89 9424 | 0001 0000 

  0x00000275ae8f8588: ;   {runtime_call _new_array_Java}
  0x00000275ae8f8588: c5f8 77e8 

  0x00000275ae8f858c: ; ImmutableOopMap {rbp=Oop [56]=Derived_oop_rbp [48]=Oop [64]=Oop [72]=Oop [80]=NarrowOop [84]=NarrowOop [96]=Oop [104]=NarrowOop [108]=NarrowOop [112]=Oop [120]=Oop [128]=Oop [136]=Oop [144]=Oop [160]=Oop [176]=Oop [216]=Oop [248]=Oop [32]=Derived_oop_[248] [256]=Oop [40]=Derived_oop_[256] }
                      ;*invokevirtual allocateUninitializedArray0 {reexecute=0 rethrow=0 return_oop=1}
                      ; - jdk.internal.misc.Unsafe::allocateUninitializedArray@51
                      ; - java.lang.StringConcatHelper::newArray@33
                      ; - java.lang.StringConcatHelper::simpleConcat@61
                      ; - java.lang.String::concat@11
                      ; - java.net.URLClassLoader::isSealed@15
                      ; - java.net.URLClassLoader::getAndVerifyPackage@68
                      ; - java.net.URLClassLoader::defineClass@46
                      ; - java.net.URLClassLoader$1::run@43
                      ; - java.net.URLClassLoader$1::run@1
  0x00000275ae8f858c: 7070 4bff 

  0x00000275ae8f8590: ;   {other}
  0x00000275ae8f8590: 0f1f 8400 | 8059 0052 | e968 ccff 

  0x00000275ae8f859c: ;   {metadata('java/lang/String')}
  0x00000275ae8f859c: ff48 ba78 | e800 bb75 | 0200 0090 

  0x00000275ae8f85a8: ;   {runtime_call _new_instance_Java}
  0x00000275ae8f85a8: c5f8 77e8 

  0x00000275ae8f85ac: ; ImmutableOopMap {rbp=NarrowOop [48]=Oop [64]=Oop [72]=Oop [80]=NarrowOop [84]=NarrowOop [96]=Oop [104]=NarrowOop [108]=NarrowOop [112]=Oop [120]=Oop [128]=Oop [136]=Oop [144]=Oop [160]=Oop [192]=Oop }
                      ;*new {reexecute=0 rethrow=0 return_oop=1}
                      ; - java.lang.StringConcatHelper::newString@6
                      ; - java.lang.StringConcatHelper::simpleConcat@90
                      ; - java.lang.String::concat@11
                      ; - java.net.URLClassLoader::isSealed@15
                      ; - java.net.URLClassLoader::getAndVerifyPackage@68
                      ; - java.net.URLClassLoader::defineClass@46
                      ; - java.net.URLClassLoader$1::run@43
                      ; - java.net.URLClassLoader$1::run@1
  0x00000275ae8f85ac: 5073 4bff 

  0x00000275ae8f85b0: ;   {other}
  0x00000275ae8f85b0: 0f1f 8400 | a059 0053 | e9bb cdff | ff44 8984 | 24d4 0000 | 0089 9424 | d000 0000 | 4d8b d14d 
  0x00000275ae8f85d0: 8bda 4489 | 8c24 ac00 

  0x00000275ae8f85d8: ;   {metadata({type array byte})}
  0x00000275ae8f85d8: 0000 48ba | 1823 00bb | 7502 0000 | 448b 8424 | 9c00 0000 

  0x00000275ae8f85ec: ;   {oop([B{0x0000000080334c70})}
  0x00000275ae8f85ec: 48bd 704c | 3380 0000 | 0000 4c89 | 9c24 d800 

  0x00000275ae8f85fc: ;   {oop([B{0x00000000805ec220})}
  0x00000275ae8f85fc: 0000 49ba | 20c2 5e80 | 0000 0000 | 4c89 9424 | e000 0000 

  0x00000275ae8f8610: ;   {oop([B{0x00000000805ec240})}
  0x00000275ae8f8610: 49ba 40c2 | 5e80 0000 | 0000 4c89 | 9424 f800 | 0000 6690 

  0x00000275ae8f8624: ;   {runtime_call _new_array_Java}
  0x00000275ae8f8624: c5f8 77e8 

  0x00000275ae8f8628: ; ImmutableOopMap {rbp=Oop [56]=Derived_oop_rbp [48]=Oop [64]=Oop [72]=Oop [80]=NarrowOop [84]=NarrowOop [96]=Oop [104]=NarrowOop [108]=NarrowOop [112]=Oop [120]=Oop [128]=Oop [136]=Oop [144]=Oop [160]=Oop [172]=NarrowOop [216]=Oop [224]=Oop [32]=Derived_oop_[224] [248]=Oop [40]=Derived_oop_[248] }
                      ;*invokevirtual allocateUninitializedArray0 {reexecute=0 rethrow=0 return_oop=1}
                      ; - jdk.internal.misc.Unsafe::allocateUninitializedArray@51
                      ; - java.lang.StringConcatHelper::newArray@33
                      ; - java.lang.StringLatin1::replace@49
                      ; - java.lang.String::replace@18
                      ; - java.net.URLClassLoader::isSealed@9
                      ; - java.net.URLClassLoader::getAndVerifyPackage@68
                      ; - java.net.URLClassLoader::defineClass@46
                      ; - java.net.URLClassLoader$1::run@43
                      ; - java.net.URLClassLoader$1::run@1
  0x00000275ae8f8628: d46f 4bff 

  0x00000275ae8f862c: ;   {other}
  0x00000275ae8f862c: 0f1f 8400 | 1c5a 0054 | 4c8b d844 | 8b8c 24ac | 0000 008b | 9424 d000 | 0000 448b | 8424 d400 
  0x00000275ae8f864c: 0000 e903 

  0x00000275ae8f8650: ;   {metadata('java/lang/String')}
  0x00000275ae8f8650: c8ff ff48 | ba78 e800 | bb75 0200 

  0x00000275ae8f865c: ;   {oop([B{0x0000000080334c70})}
  0x00000275ae8f865c: 0048 bd70 | 4c33 8000 

  0x00000275ae8f8664: ;   {oop([B{0x00000000805ec220})}
  0x00000275ae8f8664: 0000 0049 | ba20 c25e | 8000 0000 | 004c 8994 | 24d0 0000 

  0x00000275ae8f8678: ;   {oop([B{0x00000000805ec240})}
  0x00000275ae8f8678: 0049 ba40 | c25e 8000 | 0000 004c | 8994 24d8 | 0000 0090 

  0x00000275ae8f868c: ;   {runtime_call _new_instance_Java}
  0x00000275ae8f868c: c5f8 77e8 

  0x00000275ae8f8690: ; ImmutableOopMap {rbp=Oop [56]=Derived_oop_rbp [48]=Oop [64]=Oop [72]=Oop [80]=NarrowOop [84]=NarrowOop [96]=Oop [104]=NarrowOop [108]=NarrowOop [112]=Oop [120]=Oop [128]=Oop [136]=Oop [144]=Oop [160]=Oop [176]=Oop [208]=Oop [32]=Derived_oop_[208] [216]=Oop [40]=Derived_oop_[216] }
                      ;*new {reexecute=0 rethrow=0 return_oop=1}
                      ; - java.lang.StringLatin1::replace@116
                      ; - java.lang.String::replace@18
                      ; - java.net.URLClassLoader::isSealed@9
                      ; - java.net.URLClassLoader::getAndVerifyPackage@68
                      ; - java.net.URLClassLoader::defineClass@46
                      ; - java.net.URLClassLoader$1::run@43
                      ; - java.net.URLClassLoader$1::run@1
  0x00000275ae8f8690: 6c72 4bff 

  0x00000275ae8f8694: ;   {other}
  0x00000275ae8f8694: 0f1f 8400 | 845a 0055 | e938 caff | ff8b 9c24 | a800 0000 | d1e3 85db | 0f8c 722d | 0000 438d 
  0x00000275ae8f86b4: 0c1b 85c9 | 0f8c 662d | 0000 448d | 040b 8bbc | 24ac 0000 | 0041 3bf8 | 0f82 522d | 0000 4c8b 
  0x00000275ae8f86d4: 9424 c000 | 0000 498d | 7c1a 1049 | 8bf1 418b | d38b ca83 | e10f 83e2 | f074 1c48 | 8d34 1648 
  0x00000275ae8f86f4: 8d3c 5748 | f7da c4e2 | 7d30 0416 | c5fe 7f04 | 5748 83c2 | 1075 ef8b | d183 e107 | 83e2 f874 
  0x00000275ae8f8714: 27c4 e279 | 3006 c5fa | 7f07 4883 | c608 4883 | c710 e911 | 0000 00c4 | e279 3004 | 16c5 fa7f 
  0x00000275ae8f8734: 0457 4883 | c208 75ef | 8bd1 83fa | 047c 19c5 | f96e 06c4 | e279 30c0 | c5f9 d607 | 4883 ea04 
  0x00000275ae8f8754: 4883 c604 | 4883 c708 | 85d2 7418 | 488d 3416 | 488d 3c57 | 48f7 da0f | b60c 1666 | 890c 5748 
  0x00000275ae8f8774: ffc2 75f3 | e99f cbff 

  0x00000275ae8f877c: ;   {metadata('java/lang/ClassLoader$$Lambda+0x00000275bc3d4858')}
  0x00000275ae8f877c: ff48 ba58 | 483d bc75 

  0x00000275ae8f8784: ;   {oop([B{0x0000000080334c70})}
  0x00000275ae8f8784: 0200 0048 | bd70 4c33 | 8000 0000 

  0x00000275ae8f8790: ;   {oop([B{0x00000000805ec220})}
  0x00000275ae8f8790: 0049 ba20 | c25e 8000 | 0000 004c | 8994 24c8 

  0x00000275ae8f87a0: ;   {oop([B{0x00000000805ec240})}
  0x00000275ae8f87a0: 0000 0049 | ba40 c25e | 8000 0000 | 004c 8994 | 24d0 0000 | 0066 6690 

  0x00000275ae8f87b8: ;   {runtime_call _new_instance_Java}
  0x00000275ae8f87b8: c5f8 77e8 

  0x00000275ae8f87bc: ; ImmutableOopMap {rbp=Oop [56]=Derived_oop_rbp [48]=Oop [64]=Oop [72]=Oop [80]=NarrowOop [84]=NarrowOop [96]=Oop [104]=NarrowOop [108]=NarrowOop [112]=Oop [120]=Oop [128]=Oop [136]=Oop [192]=NarrowOop [200]=Oop [32]=Derived_oop_[200] [208]=Oop [40]=Derived_oop_[208] }
                      ;*invokevirtual allocateInstance {reexecute=0 rethrow=0 return_oop=1}
                      ; - java.lang.invoke.DirectMethodHandle::allocateInstance@12
                      ; - java.lang.invoke.DirectMethodHandle$Holder::newInvokeSpecial@1
                      ; - java.lang.invoke.Invokers$Holder::linkToTargetMethod@6
                      ; - java.lang.ClassLoader::definePackage@73
                      ; - java.lang.ClassLoader::getDefinedPackage@32
                      ; - java.net.URLClassLoader::getAndVerifyPackage@2
                      ; - java.net.URLClassLoader::defineClass@46
                      ; - java.net.URLClassLoader$1::run@43
                      ; - java.net.URLClassLoader$1::run@1
  0x00000275ae8f87bc: 4071 4bff 

  0x00000275ae8f87c0: ;   {other}
  0x00000275ae8f87c0: 0f1f 8400 | b05b 0056 | 4c8b c8e9 | bac3 ffff 

  0x00000275ae8f87d0: ;   {metadata({type array byte})}
  0x00000275ae8f87d0: 48ba 1823 | 00bb 7502 | 0000 448b 

  0x00000275ae8f87dc: ;   {oop([B{0x0000000080334c70})}
  0x00000275ae8f87dc: c548 bd70 | 4c33 8000 

  0x00000275ae8f87e4: ;   {oop([B{0x00000000805ec220})}
  0x00000275ae8f87e4: 0000 0049 | ba20 c25e | 8000 0000 | 004c 8994 | 24b0 0000 

  0x00000275ae8f87f8: ;   {oop([B{0x00000000805ec240})}
  0x00000275ae8f87f8: 0049 ba40 | c25e 8000 | 0000 004c | 8994 24b8 | 0000 0090 

  0x00000275ae8f880c: ;   {runtime_call _new_array_nozero_Java}
  0x00000275ae8f880c: c5f8 77e8 

  0x00000275ae8f8810: ; ImmutableOopMap {rbp=Oop [56]=Derived_oop_rbp [48]=Oop [64]=Oop [72]=Oop [80]=NarrowOop [84]=NarrowOop [96]=NarrowOop [108]=NarrowOop [112]=Oop [120]=Oop [128]=Oop [136]=Oop [176]=Oop [32]=Derived_oop_[176] [184]=Oop [40]=Derived_oop_[184] [200]=Oop [144]=Derived_oop_[200] }
                      ;*invokevirtual clone {reexecute=1 rethrow=0 return_oop=1}
                      ; - (reexecute) java.util.Arrays::copyOfRange@18
                      ; - java.lang.StringLatin1::newString@16
                      ; - java.lang.String::substring@41
                      ; - java.net.URLClassLoader::defineClass@28
                      ; - java.net.URLClassLoader$1::run@43
                      ; - java.net.URLClassLoader$1::run@1
  0x00000275ae8f8810: 6c6a 4bff 

  0x00000275ae8f8814: ;   {other}
  0x00000275ae8f8814: 0f1f 8400 | 045c 0057 | 488b d8e9 | 76b8 ffff | 4889 5c24 | 504c 894c | 2440 4c89 | 4424 384c 
  0x00000275ae8f8834: 8b54 2430 | 4c89 5424 | 284c 8b54 | 2448 4c89 

  0x00000275ae8f8844: ;   {metadata('java/lang/String')}
  0x00000275ae8f8844: 5424 2048 | ba78 e800 | bb75 0200 

  0x00000275ae8f8850: ;   {oop([B{0x0000000080334c70})}
  0x00000275ae8f8850: 0048 bd70 | 4c33 8000 

  0x00000275ae8f8858: ;   {oop([B{0x00000000805ec220})}
  0x00000275ae8f8858: 0000 0049 | ba20 c25e | 8000 0000 | 004c 8954 

  0x00000275ae8f8868: ;   {oop([B{0x00000000805ec240})}
  0x00000275ae8f8868: 2430 49ba | 40c2 5e80 | 0000 0000 | 4c89 5424 | 4866 6690 

  0x00000275ae8f887c: ;   {runtime_call _new_instance_Java}
  0x00000275ae8f887c: c5f8 77e8 

  0x00000275ae8f8880: ; ImmutableOopMap {rbp=Oop [80]=Derived_oop_rbp [32]=Oop [40]=Oop [48]=Oop [56]=Derived_oop_[48] [72]=Oop [64]=Derived_oop_[72] }
                      ;*new {reexecute=0 rethrow=0 return_oop=1}
                      ; - java.lang.StringConcatHelper::simpleConcat@17
                      ; - java.lang.String::concat@11
                      ; - java.net.URLClassLoader$1::run@13
                      ; - java.net.URLClassLoader$1::run@1
  0x00000275ae8f8880: 7c70 4bff 

  0x00000275ae8f8884: ;   {other}
  0x00000275ae8f8884: 0f1f 8400 | 745c 0058 | 4c8b 5424 | 204c 8954 | 2448 4c8b | 5424 284c | 8954 2430 | 4c8b 4424 
  0x00000275ae8f88a4: 384c 8b4c | 2440 488b | 5c24 50e9 | c5da ffff | 488b 5424 | 604c 8b44 | 2470 488b | 6c24 4090 
  0x00000275ae8f88c4: ;   {optimized virtual_call}
  0x00000275ae8f88c4: c5f8 77e8 

  0x00000275ae8f88c8: ; ImmutableOopMap {rbp=Oop [32]=NarrowOop [40]=Oop [48]=Oop [56]=Oop [64]=Oop [72]=Oop [84]=NarrowOop [96]=Oop [108]=NarrowOop [128]=Oop }
                      ;*invokespecial getInputStream {reexecute=0 rethrow=0 return_oop=1}
                      ; - java.util.jar.JarFile::getInputStream@50
                      ; - jdk.internal.loader.URLClassPath$JarLoader$2::getInputStream@11
                      ; - jdk.internal.loader.Resource::cachedInputStream@9
                      ; - jdk.internal.loader.Resource::getByteBuffer@1
                      ; - java.net.URLClassLoader::defineClass@132
                      ; - java.net.URLClassLoader$1::run@43
                      ; - java.net.URLClassLoader$1::run@1
  0x00000275ae8f88c8: b45e 49ff 

  0x00000275ae8f88cc: ;   {other}
  0x00000275ae8f88cc: 0f1f 8400 | bc5c 0059 | 488b d84c | 8b5c 2460 | 488d 8424 | 1801 0000 | 4883 3800 | 0f84 7900 
  0x00000275ae8f88ec: 0000 4d8b | 1341 f6c2 | 020f 8462 | 0000 0049 | 83ba 8600 | 0000 0074 | 0949 ff8a | 8600 0000 
  0x00000275ae8f890c: eb4b 498b | 8296 0000 | 0049 0b82 | 8e00 0000 | 750a 49c7 | 423e 0000 | 0000 eb3d | 4983 ba9e 
  0x00000275ae8f892c: 0000 0000 | 7422 4833 | c049 c742 | 3e00 0000 | 00f0 8304 | 2400 4983 | ba9e 0000 | 0000 750d 
  0x00000275ae8f894c: f04d 0fb1 | 7a3e 7505 | 83c8 01eb | 0ca8 00eb | 084c 8b10 | f04d 0fb1 | 1375 0a49 | ff8f 5005 
  0x00000275ae8f896c: 0000 4533 | d20f 84e8 | ceff ff49 | 8bcb 488d | 9424 1801 | 0000 4d8b | c7c5 f877 | 49ba 40d9 
  0x00000275ae8f898c: df26 f87f | 0000 41ff 

  0x00000275ae8f8994: ;   {other}
  0x00000275ae8f8994: d20f 1f84 | 0000 0000 | 00e9 bdce | ffff 488b | 5424 604c | 8b44 2470 | 488b 6c24 | 4066 6690 
  0x00000275ae8f89b4: ;   {optimized virtual_call}
  0x00000275ae8f89b4: c5f8 77e8 

  0x00000275ae8f89b8: ; ImmutableOopMap {rbp=Oop [32]=NarrowOop [40]=Oop [48]=Oop [56]=Oop [64]=Oop [72]=Oop [84]=NarrowOop [96]=Oop [108]=NarrowOop [128]=Oop }
                      ;*invokespecial getInputStream {reexecute=0 rethrow=0 return_oop=1}
                      ; - java.util.jar.JarFile::getInputStream@50
                      ; - jdk.internal.loader.URLClassPath$JarLoader$2::getInputStream@11
                      ; - jdk.internal.loader.Resource::cachedInputStream@9
                      ; - jdk.internal.loader.Resource::getBytes@1
                      ; - jdk.internal.loader.URLClassPath$JarLoader$2::getBytes@1
                      ; - java.net.URLClassLoader::defineClass@179
                      ; - java.net.URLClassLoader$1::run@43
                      ; - java.net.URLClassLoader$1::run@1
  0x00000275ae8f89b8: c45d 49ff 

  0x00000275ae8f89bc: ;   {other}
  0x00000275ae8f89bc: 0f1f 8400 | ac5d 005a | 488b d84c | 8b5c 2460 | 488d 8424 | 1801 0000 | 4883 3800 | 0f84 7900 
  0x00000275ae8f89dc: 0000 4d8b | 1341 f6c2 | 020f 8462 | 0000 0049 | 83ba 8600 | 0000 0074 | 0949 ff8a | 8600 0000 
  0x00000275ae8f89fc: eb4b 498b | 8296 0000 | 0049 0b82 | 8e00 0000 | 750a 49c7 | 423e 0000 | 0000 eb3d | 4983 ba9e 
  0x00000275ae8f8a1c: 0000 0000 | 7422 4833 | c049 c742 | 3e00 0000 | 00f0 8304 | 2400 4983 | ba9e 0000 | 0000 750d 
  0x00000275ae8f8a3c: f04d 0fb1 | 7a3e 7505 | 83c8 01eb | 0ca8 00eb | 084c 8b10 | f04d 0fb1 | 1375 0a49 | ff8f 5005 
  0x00000275ae8f8a5c: 0000 4533 | d20f 844c | d1ff ff49 | 8bcb 488d | 9424 1801 | 0000 4d8b | c7c5 f877 | 49ba 40d9 
  0x00000275ae8f8a7c: df26 f87f | 0000 41ff 

  0x00000275ae8f8a84: ;   {other}
  0x00000275ae8f8a84: d20f 1f84 | 0000 0000 | 00e9 21d1 | ffff 4889 

  0x00000275ae8f8a94: ;   {metadata('java/util/jar/JarVerifier$VerifierStream')}
  0x00000275ae8f8a94: 4424 7848 | baa0 ed07 | bc75 0200 | 0066 6690 

  0x00000275ae8f8aa4: ;   {runtime_call _new_instance_Java}
  0x00000275ae8f8aa4: c5f8 77e8 

  0x00000275ae8f8aa8: ; ImmutableOopMap {rbp=NarrowOop [32]=NarrowOop [40]=Oop [48]=Oop [56]=Oop [64]=Oop [72]=Oop [84]=NarrowOop [96]=Oop [108]=NarrowOop [112]=Oop [120]=Oop [128]=Oop [192]=NarrowOop }
                      ;*new {reexecute=0 rethrow=0 return_oop=1}
                      ; - java.util.jar.JarFile::getInputStream@66
                      ; - jdk.internal.loader.URLClassPath$JarLoader$2::getInputStream@11
                      ; - jdk.internal.loader.Resource::cachedInputStream@9
                      ; - jdk.internal.loader.Resource::getByteBuffer@1
                      ; - java.net.URLClassLoader::defineClass@132
                      ; - java.net.URLClassLoader$1::run@43
                      ; - java.net.URLClassLoader$1::run@1
  0x00000275ae8f8aa8: 546e 4bff 

  0x00000275ae8f8aac: ;   {other}
  0x00000275ae8f8aac: 0f1f 8400 | 9c5e 005b | 4c8b c0e9 | abdd ffff | 4889 4424 

  0x00000275ae8f8ac0: ;   {metadata('java/util/jar/JarVerifier$VerifierStream')}
  0x00000275ae8f8ac0: 7848 baa0 | ed07 bc75 | 0200 0090 

  0x00000275ae8f8acc: ;   {runtime_call _new_instance_Java}
  0x00000275ae8f8acc: c5f8 77e8 

  0x00000275ae8f8ad0: ; ImmutableOopMap {rbp=NarrowOop [32]=NarrowOop [40]=Oop [48]=Oop [56]=Oop [64]=Oop [72]=Oop [84]=NarrowOop [96]=Oop [108]=NarrowOop [112]=Oop [120]=Oop [128]=Oop [208]=NarrowOop }
                      ;*new {reexecute=0 rethrow=0 return_oop=1}
                      ; - java.util.jar.JarFile::getInputStream@66
                      ; - jdk.internal.loader.URLClassPath$JarLoader$2::getInputStream@11
                      ; - jdk.internal.loader.Resource::cachedInputStream@9
                      ; - jdk.internal.loader.Resource::getBytes@1
                      ; - jdk.internal.loader.URLClassPath$JarLoader$2::getBytes@1
                      ; - java.net.URLClassLoader::defineClass@179
                      ; - java.net.URLClassLoader$1::run@43
                      ; - java.net.URLClassLoader$1::run@1
  0x00000275ae8f8ad0: 2c6e 4bff 

  0x00000275ae8f8ad4: ;   {other}
  0x00000275ae8f8ad4: 0f1f 8400 | c45e 005c | 4c8b c0e9 | 3fe1 ffff | 4889 4c24 

  0x00000275ae8f8ae8: ;   {metadata('sun/security/util/ManifestEntryVerifier')}
  0x00000275ae8f8ae8: 7048 bac8 | ce04 bc75 | 0200 0090 

  0x00000275ae8f8af4: ;   {runtime_call _new_instance_Java}
  0x00000275ae8f8af4: c5f8 77e8 

  0x00000275ae8f8af8: ; ImmutableOopMap {rbp=NarrowOop [32]=NarrowOop [40]=Oop [48]=Oop [56]=Oop [64]=Oop [72]=Oop [84]=NarrowOop [96]=Oop [108]=NarrowOop [112]=Oop [120]=Oop [128]=Oop [144]=Oop [192]=NarrowOop }
                      ;*new {reexecute=0 rethrow=0 return_oop=1}
                      ; - java.util.jar.JarVerifier$VerifierStream::<init>@22
                      ; - java.util.jar.JarFile::getInputStream@84
                      ; - jdk.internal.loader.URLClassPath$JarLoader$2::getInputStream@11
                      ; - jdk.internal.loader.Resource::cachedInputStream@9
                      ; - jdk.internal.loader.Resource::getByteBuffer@1
                      ; - java.net.URLClassLoader::defineClass@132
                      ; - java.net.URLClassLoader$1::run@43
                      ; - java.net.URLClassLoader$1::run@1
  0x00000275ae8f8af8: 046e 4bff 

  0x00000275ae8f8afc: ;   {other}
  0x00000275ae8f8afc: 0f1f 8400 | ec5e 005d | 448b 8424 | c000 0000 | 488b 4c24 | 704c 8bc8 | e91c deff | ff4c 898c 
  0x00000275ae8f8b1c: 2488 0000 | 0048 894c | 2470 4489 

  0x00000275ae8f8b28: ;   {metadata('java/util/HashMap')}
  0x00000275ae8f8b28: 4424 2448 | ba68 a908 | bb75 0200 | 0066 6690 

  0x00000275ae8f8b38: ;   {runtime_call _new_instance_Java}
  0x00000275ae8f8b38: c5f8 77e8 

  0x00000275ae8f8b3c: ; ImmutableOopMap {rbp=NarrowOop [32]=NarrowOop [36]=NarrowOop [40]=Oop [48]=Oop [56]=Oop [64]=Oop [72]=Oop [84]=NarrowOop [96]=Oop [108]=NarrowOop [112]=Oop [120]=Oop [128]=Oop [136]=Oop [144]=Oop }
                      ;*new {reexecute=0 rethrow=0 return_oop=1}
                      ; - sun.security.util.ManifestEntryVerifier::<init>@20
                      ; - java.util.jar.JarVerifier$VerifierStream::<init>@32
                      ; - java.util.jar.JarFile::getInputStream@84
                      ; - jdk.internal.loader.URLClassPath$JarLoader$2::getInputStream@11
                      ; - jdk.internal.loader.Resource::cachedInputStream@9
                      ; - jdk.internal.loader.Resource::getByteBuffer@1
                      ; - java.net.URLClassLoader::defineClass@132
                      ; - java.net.URLClassLoader$1::run@43
                      ; - java.net.URLClassLoader$1::run@1
  0x00000275ae8f8b3c: c06d 4bff 

  0x00000275ae8f8b40: ;   {other}
  0x00000275ae8f8b40: 0f1f 8400 | 305f 005e | 448b 4424 | 2448 8b4c | 2470 4c8b | 8c24 8800 | 0000 e922 | deff ff4c 
  0x00000275ae8f8b60: 898c 2488 | 0000 0048 | 894c 2470 | 4489 4424 

  0x00000275ae8f8b70: ;   {metadata('java/util/ArrayList')}
  0x00000275ae8f8b70: 2448 bad0 | 890b bb75 | 0200 0090 

  0x00000275ae8f8b7c: ;   {runtime_call _new_instance_Java}
  0x00000275ae8f8b7c: c5f8 77e8 

  0x00000275ae8f8b80: ; ImmutableOopMap {rbp=NarrowOop [32]=NarrowOop [36]=NarrowOop [40]=Oop [48]=Oop [56]=Oop [64]=Oop [72]=Oop [84]=NarrowOop [96]=Oop [108]=NarrowOop [112]=Oop [120]=Oop [128]=Oop [136]=Oop [144]=Oop }
                      ;*new {reexecute=0 rethrow=0 return_oop=1}
                      ; - sun.security.util.ManifestEntryVerifier::<init>@44
                      ; - java.util.jar.JarVerifier$VerifierStream::<init>@32
                      ; - java.util.jar.JarFile::getInputStream@84
                      ; - jdk.internal.loader.URLClassPath$JarLoader$2::getInputStream@11
                      ; - jdk.internal.loader.Resource::cachedInputStream@9
                      ; - jdk.internal.loader.Resource::getByteBuffer@1
                      ; - java.net.URLClassLoader::defineClass@132
                      ; - java.net.URLClassLoader$1::run@43
                      ; - java.net.URLClassLoader$1::run@1
  0x00000275ae8f8b80: 7c6d 4bff 

  0x00000275ae8f8b84: ;   {other}
  0x00000275ae8f8b84: 0f1f 8400 | 745f 005f | 448b 4424 | 2448 8b4c | 2470 4c8b | 8c24 8800 | 0000 e9b3 | deff ff4c 
  0x00000275ae8f8ba4: 898c 2488 | 0000 0048 | 894c 2470 | 4489 4424 

  0x00000275ae8f8bb4: ;   {metadata('java/util/ArrayList')}
  0x00000275ae8f8bb4: 2448 bad0 | 890b bb75 | 0200 0090 

  0x00000275ae8f8bc0: ;   {runtime_call _new_instance_Java}
  0x00000275ae8f8bc0: c5f8 77e8 

  0x00000275ae8f8bc4: ; ImmutableOopMap {rbp=NarrowOop [32]=NarrowOop [36]=NarrowOop [40]=Oop [48]=Oop [56]=Oop [64]=Oop [72]=Oop [84]=NarrowOop [96]=Oop [108]=NarrowOop [112]=Oop [120]=Oop [128]=Oop [136]=Oop [144]=Oop }
                      ;*new {reexecute=0 rethrow=0 return_oop=1}
                      ; - sun.security.util.ManifestEntryVerifier::<init>@33
                      ; - java.util.jar.JarVerifier$VerifierStream::<init>@32
                      ; - java.util.jar.JarFile::getInputStream@84
                      ; - jdk.internal.loader.URLClassPath$JarLoader$2::getInputStream@11
                      ; - jdk.internal.loader.Resource::cachedInputStream@9
                      ; - jdk.internal.loader.Resource::getByteBuffer@1
                      ; - java.net.URLClassLoader::defineClass@132
                      ; - java.net.URLClassLoader$1::run@43
                      ; - java.net.URLClassLoader$1::run@1
  0x00000275ae8f8bc4: 386d 4bff 

  0x00000275ae8f8bc8: ;   {other}
  0x00000275ae8f8bc8: 0f1f 8400 | b85f 0060 | 448b 4424 | 2448 8b4c | 2470 4c8b | 8c24 8800 | 0000 e90c | deff ff4c 
  0x00000275ae8f8be8: 894c 2470 

  0x00000275ae8f8bec: ;   {metadata('sun/security/util/ManifestEntryVerifier')}
  0x00000275ae8f8bec: 48ba c8ce | 04bc 7502 | 0000 6690 

  0x00000275ae8f8bf8: ;   {runtime_call _new_instance_Java}
  0x00000275ae8f8bf8: c5f8 77e8 

  0x00000275ae8f8bfc: ; ImmutableOopMap {rbp=NarrowOop [32]=NarrowOop [40]=Oop [48]=Oop [56]=Oop [64]=Oop [72]=Oop [84]=NarrowOop [96]=Oop [108]=NarrowOop [112]=Oop [120]=Oop [128]=Oop [144]=Oop [208]=NarrowOop }
                      ;*new {reexecute=0 rethrow=0 return_oop=1}
                      ; - java.util.jar.JarVerifier$VerifierStream::<init>@22
                      ; - java.util.jar.JarFile::getInputStream@84
                      ; - jdk.internal.loader.URLClassPath$JarLoader$2::getInputStream@11
                      ; - jdk.internal.loader.Resource::cachedInputStream@9
                      ; - jdk.internal.loader.Resource::getBytes@1
                      ; - jdk.internal.loader.URLClassPath$JarLoader$2::getBytes@1
                      ; - java.net.URLClassLoader::defineClass@179
                      ; - java.net.URLClassLoader$1::run@43
                      ; - java.net.URLClassLoader$1::run@1
  0x00000275ae8f8bfc: 006d 4bff 

  0x00000275ae8f8c00: ;   {other}
  0x00000275ae8f8c00: 0f1f 8400 | f05f 0061 | 448b 8424 | d000 0000 | 4c8b 4c24 | 7048 8bc8 | e9d4 e0ff | ff48 898c 
  0x00000275ae8f8c20: 2488 0000 | 004c 894c | 2470 4489 

  0x00000275ae8f8c2c: ;   {metadata('java/util/HashMap')}
  0x00000275ae8f8c2c: 4424 2448 | ba68 a908 | bb75 0200 | 0066 6690 

  0x00000275ae8f8c3c: ;   {runtime_call _new_instance_Java}
  0x00000275ae8f8c3c: c5f8 77e8 

  0x00000275ae8f8c40: ; ImmutableOopMap {rbp=NarrowOop [32]=NarrowOop [36]=NarrowOop [40]=Oop [48]=Oop [56]=Oop [64]=Oop [72]=Oop [84]=NarrowOop [96]=Oop [108]=NarrowOop [112]=Oop [120]=Oop [128]=Oop [136]=Oop [144]=Oop }
                      ;*new {reexecute=0 rethrow=0 return_oop=1}
                      ; - sun.security.util.ManifestEntryVerifier::<init>@20
                      ; - java.util.jar.JarVerifier$VerifierStream::<init>@32
                      ; - java.util.jar.JarFile::getInputStream@84
                      ; - jdk.internal.loader.URLClassPath$JarLoader$2::getInputStream@11
                      ; - jdk.internal.loader.Resource::cachedInputStream@9
                      ; - jdk.internal.loader.Resource::getBytes@1
                      ; - jdk.internal.loader.URLClassPath$JarLoader$2::getBytes@1
                      ; - java.net.URLClassLoader::defineClass@179
                      ; - java.net.URLClassLoader$1::run@43
                      ; - java.net.URLClassLoader$1::run@1
  0x00000275ae8f8c40: bc6c 4bff 

  0x00000275ae8f8c44: ;   {other}
  0x00000275ae8f8c44: 0f1f 8400 | 3460 0062 | 448b 4424 | 244c 8b4c | 2470 488b | 8c24 8800 | 0000 e9d9 | e0ff ff48 
  0x00000275ae8f8c64: 898c 2488 | 0000 004c | 894c 2470 | 4489 4424 

  0x00000275ae8f8c74: ;   {metadata('java/util/ArrayList')}
  0x00000275ae8f8c74: 2448 bad0 | 890b bb75 | 0200 0090 

  0x00000275ae8f8c80: ;   {runtime_call _new_instance_Java}
  0x00000275ae8f8c80: c5f8 77e8 

  0x00000275ae8f8c84: ; ImmutableOopMap {rbp=NarrowOop [32]=NarrowOop [36]=NarrowOop [40]=Oop [48]=Oop [56]=Oop [64]=Oop [72]=Oop [84]=NarrowOop [96]=Oop [108]=NarrowOop [112]=Oop [120]=Oop [128]=Oop [136]=Oop [144]=Oop }
                      ;*new {reexecute=0 rethrow=0 return_oop=1}
                      ; - sun.security.util.ManifestEntryVerifier::<init>@33
                      ; - java.util.jar.JarVerifier$VerifierStream::<init>@32
                      ; - java.util.jar.JarFile::getInputStream@84
                      ; - jdk.internal.loader.URLClassPath$JarLoader$2::getInputStream@11
                      ; - jdk.internal.loader.Resource::cachedInputStream@9
                      ; - jdk.internal.loader.Resource::getBytes@1
                      ; - jdk.internal.loader.URLClassPath$JarLoader$2::getBytes@1
                      ; - java.net.URLClassLoader::defineClass@179
                      ; - java.net.URLClassLoader$1::run@43
                      ; - java.net.URLClassLoader$1::run@1
  0x00000275ae8f8c84: 786c 4bff 

  0x00000275ae8f8c88: ;   {other}
  0x00000275ae8f8c88: 0f1f 8400 | 7860 0063 | 448b 4424 | 244c 8b4c | 2470 488b | 8c24 8800 | 0000 e907 | e1ff ff48 
  0x00000275ae8f8ca8: 898c 2488 | 0000 004c | 894c 2470 | 4489 4424 

  0x00000275ae8f8cb8: ;   {metadata('java/util/ArrayList')}
  0x00000275ae8f8cb8: 2448 bad0 | 890b bb75 | 0200 0090 

  0x00000275ae8f8cc4: ;   {runtime_call _new_instance_Java}
  0x00000275ae8f8cc4: c5f8 77e8 

  0x00000275ae8f8cc8: ; ImmutableOopMap {rbp=NarrowOop [32]=NarrowOop [36]=NarrowOop [40]=Oop [48]=Oop [56]=Oop [64]=Oop [72]=Oop [84]=NarrowOop [96]=Oop [108]=NarrowOop [112]=Oop [120]=Oop [128]=Oop [136]=Oop [144]=Oop }
                      ;*new {reexecute=0 rethrow=0 return_oop=1}
                      ; - sun.security.util.ManifestEntryVerifier::<init>@44
                      ; - java.util.jar.JarVerifier$VerifierStream::<init>@32
                      ; - java.util.jar.JarFile::getInputStream@84
                      ; - jdk.internal.loader.URLClassPath$JarLoader$2::getInputStream@11
                      ; - jdk.internal.loader.Resource::cachedInputStream@9
                      ; - jdk.internal.loader.Resource::getBytes@1
                      ; - jdk.internal.loader.URLClassPath$JarLoader$2::getBytes@1
                      ; - java.net.URLClassLoader::defineClass@179
                      ; - java.net.URLClassLoader$1::run@43
                      ; - java.net.URLClassLoader$1::run@1
  0x00000275ae8f8cc8: 346c 4bff 

  0x00000275ae8f8ccc: ;   {other}
  0x00000275ae8f8ccc: 0f1f 8400 | bc60 0064 | 448b 4424 | 244c 8b4c | 2470 488b | 8c24 8800 | 0000 e925 | e1ff ff48 
  0x00000275ae8f8cec: 8974 2460 | 4889 7c24 

  0x00000275ae8f8cf4: ;   {metadata('java/security/CodeSigner'[])}
  0x00000275ae8f8cf4: 3848 baa0 | d407 bc75 | 0200 0045 | 8bc3 6690 

  0x00000275ae8f8d04: ;   {runtime_call _new_array_Java}
  0x00000275ae8f8d04: c5f8 77e8 

  0x00000275ae8f8d08: ; ImmutableOopMap {[32]=NarrowOop [40]=Oop [56]=Oop [64]=Oop [72]=Oop [84]=NarrowOop [128]=Oop [144]=Oop [232]=Oop }
                      ;*invokevirtual clone {reexecute=1 rethrow=0 return_oop=1}
                      ; - (reexecute) java.security.CodeSource::<init>@42
                      ; - java.net.URLClassLoader::defineClass@198
                      ; - java.net.URLClassLoader$1::run@43
                      ; - java.net.URLClassLoader$1::run@1
  0x00000275ae8f8d08: f468 4bff 

  0x00000275ae8f8d0c: ;   {other}
  0x00000275ae8f8d0c: 0f1f 8400 | fc60 0065 | 4c8b 8c24 | e800 0000 | 488b 7c24 | 3848 8b74 | 2460 e908 | e4ff ff4d 
  0x00000275ae8f8d2c: 63f2 e91d | d0ff ff4d | 8d53 fe49 | 8bca 488b | fa48 33c0 | 4883 f908 | 7f10 48ff | c978 4f48 
  0x00000275ae8f8d4c: 8904 cf48 | ffc9 7df7 | eb44 c5fd | efc0 e90d | 0000 00c5 | fe7f 07c5 | fe7f 4720 | 4883 c740 
  0x00000275ae8f8d6c: 4883 e908 | 7ded 4883 | c104 7c0c | c5fe 7f07 | 4883 c720 | 4883 e904 | 4883 c104 | 7e10 48ff 
  0x00000275ae8f8d8c: c9c5 f9d6 | 0748 83c7 | 0848 ffc9 | 7df3 e9eb | d0ff ffba | ccff ffff | 488b 6c24 | 404c 8b54 
  0x00000275ae8f8dac: 2448 4c89 | 5424 2844 | 8b5c 2454 | 4489 5c24 | 304c 8b54 | 2458 4c89 | 5424 4044 | 8b54 246c 
  0x00000275ae8f8dcc: 4489 5424 | 3444 8b5c | 2468 4489 | 5c24 5444 | 8b94 248c | 0000 0044 | 8954 246c 

  0x00000275ae8f8de8: ;   {runtime_call UncommonTrapBlob}
  0x00000275ae8f8de8: c5f8 77e8 

  0x00000275ae8f8dec: ; ImmutableOopMap {rbp=Oop [32]=NarrowOop [36]=NarrowOop [40]=Oop [48]=NarrowOop [52]=NarrowOop [56]=Oop [96]=Oop }
                      ;*newarray {reexecute=1 rethrow=0 return_oop=0}
                      ; - (reexecute) java.util.Arrays::copyOf@15
                      ; - jdk.internal.loader.Resource::getBytes@94
                      ; - jdk.internal.loader.URLClassPath$JarLoader$2::getBytes@1
                      ; - java.net.URLClassLoader::defineClass@179
                      ; - java.net.URLClassLoader$1::run@43
                      ; - java.net.URLClassLoader$1::run@1
  0x00000275ae8f8dec: 10ac 49ff 

  0x00000275ae8f8df0: ;   {other}
  0x00000275ae8f8df0: 0f1f 8400 | e061 0066 | 4889 7424 | 3844 8944 | 2424 4489 | 4c24 5048 | 895c 2460 | 4489 5c24 
  0x00000275ae8f8e10: 6889 6c24 | 7048 8954 | 2478 897c | 2474 898c | 2488 0000 | 004c 89ac | 2490 0000 | 004c 8994 
  0x00000275ae8f8e30: 2498 0000 

  0x00000275ae8f8e34: ;   {metadata({type array byte})}
  0x00000275ae8f8e34: 0048 ba18 | 2300 bb75 | 0200 0044 | 8bc0 488b | 6c24 4090 

  0x00000275ae8f8e48: ;   {runtime_call _new_array_nozero_Java}
  0x00000275ae8f8e48: c5f8 77e8 

  0x00000275ae8f8e4c: ; ImmutableOopMap {rbp=Oop [32]=NarrowOop [36]=NarrowOop [40]=Oop [48]=Oop [56]=Oop [64]=Oop [72]=Oop [84]=NarrowOop [96]=Oop [144]=Derived_oop_[96] [108]=NarrowOop [120]=Oop [128]=Oop }
                      ;*invokevirtual clone {reexecute=1 rethrow=0 return_oop=1}
                      ; - (reexecute) java.util.Arrays::copyOf@7
                      ; - jdk.internal.loader.Resource::getBytes@94
                      ; - jdk.internal.loader.URLClassPath$JarLoader$2::getBytes@1
                      ; - java.net.URLClassLoader::defineClass@179
                      ; - java.net.URLClassLoader$1::run@43
                      ; - java.net.URLClassLoader$1::run@1
  0x00000275ae8f8e4c: 3064 4bff 

  0x00000275ae8f8e50: ;   {other}
  0x00000275ae8f8e50: 0f1f 8400 | 4062 0067 | 4c8b c0e9 | 2de4 ffff | baf6 ffff | ff48 8944 | 2420 6690 

  0x00000275ae8f8e6c: ;   {runtime_call UncommonTrapBlob}
  0x00000275ae8f8e6c: c5f8 77e8 

  0x00000275ae8f8e70: ; ImmutableOopMap {[32]=Oop [72]=Oop }
                      ;*invokevirtual getResource {reexecute=0 rethrow=0 return_oop=0}
                      ; - java.net.URLClassLoader$1::run@26
                      ; - java.net.URLClassLoader$1::run@1
  0x00000275ae8f8e70: 8cab 49ff 

  0x00000275ae8f8e74: ;   {other}
  0x00000275ae8f8e74: 0f1f 8400 | 6462 0068 | ba76 ffff | ff8b ef44 | 8944 2428 | 895c 2430 

  0x00000275ae8f8e8c: ;   {runtime_call UncommonTrapBlob}
  0x00000275ae8f8e8c: c5f8 77e8 

  0x00000275ae8f8e90: ; ImmutableOopMap {rbp=NarrowOop [40]=NarrowOop [72]=Oop }
                      ;*if_icmpge {reexecute=1 rethrow=0 return_oop=0}
                      ; - (reexecute) java.lang.StringLatin1::replace@19
                      ; - java.lang.String::replace@18
                      ; - java.net.URLClassLoader$1::run@8
                      ; - java.net.URLClassLoader$1::run@1
  0x00000275ae8f8e90: 6cab 49ff 

  0x00000275ae8f8e94: ;   {other}
  0x00000275ae8f8e94: 0f1f 8400 | 8462 0069 | ba45 ffff | ff48 8b6c | 2440 4c8b | 5424 484c | 8954 2428 | 448b 5424 
  0x00000275ae8f8eb4: 5444 8954 | 2424 4c8b | 5424 584c | 8954 2438 | 4889 7424 | 4848 895c | 2450 4489 | 4424 4444 
  0x00000275ae8f8ed4: 894c 2458 | 4489 5c24 | 5c89 7c24 | 6489 4424 | 6866 6690 

  0x00000275ae8f8ee8: ;   {runtime_call UncommonTrapBlob}
  0x00000275ae8f8ee8: c5f8 77e8 

  0x00000275ae8f8eec: ; ImmutableOopMap {rbp=Oop [32]=NarrowOop [36]=NarrowOop [40]=Oop [68]=NarrowOop [72]=Oop [80]=Oop [108]=NarrowOop }
                      ;*if_icmplt {reexecute=1 rethrow=0 return_oop=0}
                      ; - (reexecute) jdk.internal.loader.Resource::getBytes@57
                      ; - jdk.internal.loader.URLClassPath$JarLoader$2::getBytes@1
                      ; - java.net.URLClassLoader::defineClass@179
                      ; - java.net.URLClassLoader$1::run@43
                      ; - java.net.URLClassLoader$1::run@1
  0x00000275ae8f8eec: 10ab 49ff 

  0x00000275ae8f8ef0: ;   {other}
  0x00000275ae8f8ef0: 0f1f 8400 | e062 006a | baf6 ffff | ff44 8954 | 2428 4889 | 4424 3090 

  0x00000275ae8f8f08: ;   {runtime_call UncommonTrapBlob}
  0x00000275ae8f8f08: c5f8 77e8 

  0x00000275ae8f8f0c: ; ImmutableOopMap {[40]=NarrowOop [48]=Oop [72]=Oop }
                      ;*invokevirtual defineClass {reexecute=0 rethrow=0 return_oop=0}
                      ; - java.net.URLClassLoader$1::run@43
                      ; - java.net.URLClassLoader$1::run@1
  0x00000275ae8f8f0c: f0aa 49ff 

  0x00000275ae8f8f10: ;   {other}
  0x00000275ae8f8f10: 0f1f 8400 | 0063 006b | baf6 ffff | ff48 8b6c | 2440 4c8b | 5424 484c | 8954 2420 

  0x00000275ae8f8f2c: ;   {runtime_call UncommonTrapBlob}
  0x00000275ae8f8f2c: c5f8 77e8 

  0x00000275ae8f8f30: ; ImmutableOopMap {rbp=Oop [32]=Oop [80]=NarrowOop [84]=NarrowOop [108]=NarrowOop [112]=Oop [136]=Oop }
                      ;*invokevirtual ensureInitialization {reexecute=0 rethrow=0 return_oop=0}
                      ; - java.util.jar.JavaUtilJarAccessImpl::ensureInitialization@1
                      ; - jdk.internal.loader.URLClassPath$JarLoader$2::getManifest@10
                      ; - java.net.URLClassLoader::defineClass@34
                      ; - java.net.URLClassLoader$1::run@43
                      ; - java.net.URLClassLoader$1::run@1
  0x00000275ae8f8f30: ccaa 49ff 

  0x00000275ae8f8f34: ;   {other}
  0x00000275ae8f8f34: 0f1f 8400 | 2463 006c | baf6 ffff | ff48 8b6c | 2440 4c8b | 5424 484c | 8954 2420 | 448b 5424 
  0x00000275ae8f8f54: 5044 8954 | 2428 448b | 5c24 5444 | 895c 242c | 4c8b 5424 | 584c 8954 | 2438 6690 

  0x00000275ae8f8f70: ;   {runtime_call UncommonTrapBlob}
  0x00000275ae8f8f70: c5f8 77e8 

  0x00000275ae8f8f74: ; ImmutableOopMap {rbp=Oop [32]=Oop [40]=NarrowOop [44]=NarrowOop [96]=Oop [108]=NarrowOop [112]=Oop [136]=Oop }
                      ;*invokevirtual get {reexecute=0 rethrow=0 return_oop=0}
                      ; - java.lang.ClassLoader::getDefinedPackage@13
                      ; - java.net.URLClassLoader::getAndVerifyPackage@2
                      ; - java.net.URLClassLoader::defineClass@46
                      ; - java.net.URLClassLoader$1::run@43
                      ; - java.net.URLClassLoader$1::run@1
  0x00000275ae8f8f74: 88aa 49ff 

  0x00000275ae8f8f78: ;   {other}
  0x00000275ae8f8f78: 0f1f 8400 | 6863 006d | 4d8b d8ba | 45ff ffff | 4c8b 4424 | 404c 8944 | 2420 4c8b | 4424 484c 
  0x00000275ae8f8f98: 8944 2428 | 4489 5424 | 304c 895c | 2438 6690 

  0x00000275ae8f8fa8: ;   {runtime_call UncommonTrapBlob}
  0x00000275ae8f8fa8: c5f8 77e8 

  0x00000275ae8f8fac: ; ImmutableOopMap {rbp=NarrowOop [32]=Oop [40]=Oop [48]=NarrowOop [56]=Oop [84]=NarrowOop [108]=NarrowOop }
                      ;*ifeq {reexecute=1 rethrow=0 return_oop=0}
                      ; - (reexecute) jdk.internal.loader.Resource::getByteBuffer@9
                      ; - java.net.URLClassLoader::defineClass@132
                      ; - java.net.URLClassLoader$1::run@43
                      ; - java.net.URLClassLoader$1::run@1
  0x00000275ae8f8fac: 50aa 49ff 

  0x00000275ae8f8fb0: ;   {other}
  0x00000275ae8f8fb0: 0f1f 8400 | a063 006e | bae4 ffff | ff4c 8b54 | 2440 4c89 | 5424 284c | 8b54 2448 | 4c89 5424 
  0x00000275ae8f8fd0: 3044 8b54 | 2454 4489 | 5424 244c | 8b54 2458 | 4c89 5424 | 4048 8974 | 2450 895c | 2468 6690 
  0x00000275ae8f8ff0: ;   {runtime_call UncommonTrapBlob}
  0x00000275ae8f8ff0: c5f8 77e8 

  0x00000275ae8f8ff4: ; ImmutableOopMap {[32]=NarrowOop [36]=NarrowOop [40]=Oop [48]=Oop [80]=Oop [108]=NarrowOop [144]=Oop }
                      ;*invokestatic checkIndex {reexecute=0 rethrow=0 return_oop=0}
                      ; - java.util.zip.CRC32::updateBytesCheck@30
                      ; - java.util.zip.CRC32::updateBytes@3
                      ; - java.util.zip.CRC32::update@31
                      ; - java.util.zip.Checksum::update@5
                      ; - jdk.internal.loader.URLClassPath$JarLoader$2::getBytes@15
                      ; - java.net.URLClassLoader::defineClass@179
                      ; - java.net.URLClassLoader$1::run@43
                      ; - java.net.URLClassLoader$1::run@1
  0x00000275ae8f8ff4: 08aa 49ff 

  0x00000275ae8f8ff8: ;   {other}
  0x00000275ae8f8ff8: 0f1f 8400 | e863 006f | baf6 ffff | ff48 8b6c | 2440 4c8b | 5424 484c | 8954 2428 | 4c89 4424 
  0x00000275ae8f9018: 4866 6690 

  0x00000275ae8f901c: ;   {runtime_call UncommonTrapBlob}
  0x00000275ae8f901c: c5f8 77e8 

  0x00000275ae8f9020: ; ImmutableOopMap {rbp=Oop [32]=NarrowOop [40]=Oop [72]=Oop [84]=NarrowOop [108]=NarrowOop [144]=Oop }
                      ;*invokevirtual maybeInstantiateVerifier {reexecute=0 rethrow=0 return_oop=0}
                      ; - java.util.jar.JarFile$JarFileEntry::getCodeSigners@4
                      ; - jdk.internal.loader.URLClassPath$JarLoader$2::getCodeSigners@4
                      ; - java.net.URLClassLoader::defineClass@185
                      ; - java.net.URLClassLoader$1::run@43
                      ; - java.net.URLClassLoader$1::run@1
  0x00000275ae8f9020: dca9 49ff 

  0x00000275ae8f9024: ;   {other}
  0x00000275ae8f9024: 0f1f 8400 | 1464 0070 | bae4 ffff | ff4c 8b54 | 2440 4c89 | 5424 284c | 8b54 2448 | 4c89 5424 
  0x00000275ae8f9044: 3844 8b54 | 2454 4489 | 5424 2448 | 897c 2440 | 4c89 4424 | 4844 894c | 2454 6690 

  0x00000275ae8f9060: ;   {runtime_call UncommonTrapBlob}
  0x00000275ae8f9060: c5f8 77e8 

  0x00000275ae8f9064: ; ImmutableOopMap {[32]=NarrowOop [36]=NarrowOop [40]=Oop [56]=Oop [64]=Oop [84]=NarrowOop [144]=Oop }
                      ;*invokestatic checkIndex {reexecute=0 rethrow=0 return_oop=0}
                      ; - java.nio.Buffer::checkIndex@8
                      ; - java.nio.DirectLongBufferU::get@11
                      ; - jdk.internal.perf.PerfCounter::get@5
                      ; - jdk.internal.perf.PerfCounter::add@1
                      ; - jdk.internal.perf.PerfCounter::addElapsedTimeFrom@6
                      ; - java.net.URLClassLoader::defineClass@207
                      ; - java.net.URLClassLoader$1::run@43
                      ; - java.net.URLClassLoader$1::run@1
  0x00000275ae8f9064: 98a9 49ff 

  0x00000275ae8f9068: ;   {other}
  0x00000275ae8f9068: 0f1f 8400 | 5864 0071 | ba76 ffff | ff8b 6c24 | 6044 895c | 2424 4c8b | 5424 404c | 8954 2428 
  0x00000275ae8f9088: 4c8b 5424 | 484c 8954 | 2430 6690 

  0x00000275ae8f9094: ;   {runtime_call UncommonTrapBlob}
  0x00000275ae8f9094: c5f8 77e8 

  0x00000275ae8f9098: ; ImmutableOopMap {rbp=NarrowOop [40]=Oop [48]=Oop [80]=NarrowOop [84]=NarrowOop }
                      ;*iflt {reexecute=1 rethrow=0 return_oop=0}
                      ; - (reexecute) java.lang.StringLatin1::lastIndexOf@19
                      ; - java.lang.String::lastIndexOf@13
                      ; - java.lang.String::lastIndexOf@8
                      ; - java.net.URLClassLoader::defineClass@7
                      ; - java.net.URLClassLoader$1::run@43
                      ; - java.net.URLClassLoader$1::run@1
  0x00000275ae8f9098: 64a9 49ff 

  0x00000275ae8f909c: ;   {other}
  0x00000275ae8f909c: 0f1f 8400 | 8c64 0072 | bade ffff | ff4c 8b54 | 2440 4c89 | 5424 204c | 8b54 2448 | 4c89 5424 
  0x00000275ae8f90bc: 2866 6690 

  0x00000275ae8f90c0: ;   {runtime_call UncommonTrapBlob}
  0x00000275ae8f90c0: c5f8 77e8 

  0x00000275ae8f90c4: ; ImmutableOopMap {[32]=Oop [40]=Oop [80]=NarrowOop [84]=NarrowOop }
                      ;*invokevirtual getCodeSourceURL {reexecute=0 rethrow=0 return_oop=0}
                      ; - java.net.URLClassLoader::defineClass@13
                      ; - java.net.URLClassLoader$1::run@43
                      ; - java.net.URLClassLoader$1::run@1
  0x00000275ae8f90c4: 38a9 49ff 

  0x00000275ae8f90c8: ;   {other}
  0x00000275ae8f90c8: 0f1f 8400 | b864 0073 | bade ffff | ff48 8b6c | 2440 4c8b | 5c24 484c | 895c 2420 | 448b 5c24 
  0x00000275ae8f90e8: 5044 895c | 2428 448b | 4424 5444 | 8944 242c | 4c8b 5c24 | 704c 895c | 2430 4c8b | 5c24 584c 
  0x00000275ae8f9108: 895c 2438 | 4489 5424 | 4466 6690 

  0x00000275ae8f9114: ;   {runtime_call UncommonTrapBlob}
  0x00000275ae8f9114: c5f8 77e8 

  0x00000275ae8f9118: ; ImmutableOopMap {rbp=Oop [32]=Oop [40]=NarrowOop [44]=NarrowOop [48]=Oop [68]=NarrowOop [108]=NarrowOop [136]=Oop [184]=NarrowOop }
                      ;*invokeinterface ensureInitialization {reexecute=0 rethrow=0 return_oop=0}
                      ; - jdk.internal.loader.URLClassPath$JarLoader$2::getManifest@10
                      ; - java.net.URLClassLoader::defineClass@34
                      ; - java.net.URLClassLoader$1::run@43
                      ; - java.net.URLClassLoader$1::run@1
  0x00000275ae8f9118: e4a8 49ff 

  0x00000275ae8f911c: ;   {other}
  0x00000275ae8f911c: 0f1f 8400 | 0c65 0074 | 488b d54c | 8d84 2410 

  0x00000275ae8f912c: ;   {oop([B{0x0000000080334c70})}
  0x00000275ae8f912c: 0100 0048 | bd70 4c33 | 8000 0000 

  0x00000275ae8f9138: ;   {oop([B{0x00000000805ec220})}
  0x00000275ae8f9138: 0049 ba20 | c25e 8000 | 0000 004c | 8994 24a0 

  0x00000275ae8f9148: ;   {oop([B{0x00000000805ec240})}
  0x00000275ae8f9148: 0000 0049 | ba40 c25e | 8000 0000 | 004c 8994 | 24a8 0000 | 0066 6690 

  0x00000275ae8f9160: ;   {runtime_call _complete_monitor_locking_Java}
  0x00000275ae8f9160: c5f8 77e8 

  0x00000275ae8f9164: ; ImmutableOopMap {rbp=Oop [56]=Derived_oop_rbp [48]=Oop [64]=Oop [72]=Oop [80]=NarrowOop [84]=NarrowOop [96]=Oop [108]=NarrowOop [112]=Oop [120]=Oop [128]=Oop [136]=Oop [160]=Oop [32]=Derived_oop_[160] [168]=Oop [40]=Derived_oop_[168] [184]=NarrowOop }
                      ;*synchronization entry
                      ; - java.util.jar.JarFile::ensureInitialization@-1
                      ; - java.util.jar.JavaUtilJarAccessImpl::ensureInitialization@1
                      ; - jdk.internal.loader.URLClassPath$JarLoader$2::getManifest@10
                      ; - java.net.URLClassLoader::defineClass@34
                      ; - java.net.URLClassLoader$1::run@43
                      ; - java.net.URLClassLoader$1::run@1
  0x00000275ae8f9164: 1871 4bff 

  0x00000275ae8f9168: ;   {other}
  0x00000275ae8f9168: 0f1f 8400 | 5865 0075 | e96e b1ff | ff48 8bcd | 488d 9424 | 1001 0000 | 4d8b c7c5 | f877 49ba 
  0x00000275ae8f9188: 40d9 df26 | f87f 0000 

  0x00000275ae8f9190: ;   {other}
  0x00000275ae8f9190: 41ff d20f | 1f84 0000 | 0000 00e9 | 3bb2 ffff | bade ffff | ff4c 8b54 | 2440 4c89 | 5424 204c 
  0x00000275ae8f91b0: 8b54 2448 | 4c89 5424 | 2844 8b54 | 2450 4489 | 5424 3044 | 8b5c 2454 | 4489 5c24 | 3466 6690 
  0x00000275ae8f91d0: ;   {runtime_call UncommonTrapBlob}
  0x00000275ae8f91d0: c5f8 77e8 

  0x00000275ae8f91d4: ; ImmutableOopMap {rbp=NarrowOop [32]=Oop [40]=Oop [48]=NarrowOop [52]=NarrowOop [108]=NarrowOop [112]=Oop [136]=Oop }
                      ;*invokevirtual getManifest {reexecute=0 rethrow=0 return_oop=0}
                      ; - jdk.internal.loader.URLClassPath$JarLoader$2::getManifest@22
                      ; - java.net.URLClassLoader::defineClass@34
                      ; - java.net.URLClassLoader$1::run@43
                      ; - java.net.URLClassLoader$1::run@1
  0x00000275ae8f91d4: 28a8 49ff 

  0x00000275ae8f91d8: ;   {other}
  0x00000275ae8f91d8: 0f1f 8400 | c865 0076 | 4889 4c24 | 284c 895c | 2420 418b | ea49 8bd3 | 4c8d 8424 | 1001 0000 
  0x00000275ae8f91f8: ;   {runtime_call _complete_monitor_locking_Java}
  0x00000275ae8f91f8: c5f8 77e8 

  0x00000275ae8f91fc: ; ImmutableOopMap {rbp=NarrowOop [32]=Oop [40]=Oop [48]=Oop [64]=Oop [72]=Oop [84]=NarrowOop [108]=NarrowOop [128]=Oop }
                      ;*synchronization entry
                      ; - jdk.internal.loader.Resource::cachedInputStream@-1
                      ; - jdk.internal.loader.Resource::getByteBuffer@1
                      ; - java.net.URLClassLoader::defineClass@132
                      ; - java.net.URLClassLoader$1::run@43
                      ; - java.net.URLClassLoader$1::run@1
  0x00000275ae8f91fc: 8070 4bff 

  0x00000275ae8f9200: ;   {other}
  0x00000275ae8f9200: 0f1f 8400 | f065 0077 | 448b d54c | 8b5c 2420 | 488b 4c24 | 28e9 a6c4 | ffff 488b | f149 8bfb 
  0x00000275ae8f9220: 418b da49 | 8bcb 488d | 9424 1001 | 0000 4d8b | c7c5 f877 | 49ba 40d9 | df26 f87f | 0000 41ff 
  0x00000275ae8f9240: ;   {other}
  0x00000275ae8f9240: d20f 1f84 | 0000 0000 | 0044 8bd3 | 4c8b df48 | 8bce e9d7 | c6ff ff49 | 8be8 498b | d04c 8d84 
  0x00000275ae8f9260: 2410 0100 | 0066 6690 

  0x00000275ae8f9268: ;   {runtime_call _complete_monitor_locking_Java}
  0x00000275ae8f9268: c5f8 77e8 

  0x00000275ae8f926c: ; ImmutableOopMap {rbp=Oop [32]=NarrowOop [40]=Oop [48]=Oop [64]=Oop [72]=Oop [84]=NarrowOop [108]=NarrowOop [128]=Oop }
                      ;*synchronization entry
                      ; - jdk.internal.loader.Resource::cachedInputStream@-1
                      ; - jdk.internal.loader.Resource::getBytes@1
                      ; - jdk.internal.loader.URLClassPath$JarLoader$2::getBytes@1
                      ; - java.net.URLClassLoader::defineClass@179
                      ; - java.net.URLClassLoader$1::run@43
                      ; - java.net.URLClassLoader$1::run@1
  0x00000275ae8f926c: 1070 4bff 

  0x00000275ae8f9270: ;   {other}
  0x00000275ae8f9270: 0f1f 8400 | 6066 0078 | 488b f5e9 | 95c7 ffff | 418b e848 | 8bce 488d | 9424 1001 | 0000 4d8b 
  0x00000275ae8f9290: c7c5 f877 | 49ba 40d9 | df26 f87f | 0000 41ff 

  0x00000275ae8f92a0: ;   {other}
  0x00000275ae8f92a0: d20f 1f84 | 0000 0000 | 0044 8bc5 | e9be c9ff | ffba deff | ffff 4c8b | 5424 404c | 8954 2428 
  0x00000275ae8f92c0: 4c8b 5424 | 484c 8954 | 2430 6690 

  0x00000275ae8f92cc: ;   {runtime_call UncommonTrapBlob}
  0x00000275ae8f92cc: c5f8 77e8 

  0x00000275ae8f92d0: ; ImmutableOopMap {rbp=NarrowOop [32]=NarrowOop [40]=Oop [48]=Oop [84]=NarrowOop [108]=NarrowOop [144]=Oop }
                      ;*invokevirtual getCodeSigners {reexecute=0 rethrow=0 return_oop=0}
                      ; - jdk.internal.loader.URLClassPath$JarLoader$2::getCodeSigners@4
                      ; - java.net.URLClassLoader::defineClass@185
                      ; - java.net.URLClassLoader$1::run@43
                      ; - java.net.URLClassLoader$1::run@1
  0x00000275ae8f92d0: 2ca7 49ff 

  0x00000275ae8f92d4: ;   {other}
  0x00000275ae8f92d4: 0f1f 8400 | c466 0079 | 4c89 4424 | 3848 8bef 

  0x00000275ae8f92e4: ;   {oop(a 'jdk/internal/perf/PerfCounter'{0x0000000080003428})}
  0x00000275ae8f92e4: 48ba 2834 | 0080 0000 | 0000 4c8d | 8424 1001 | 0000 6690 

  0x00000275ae8f92f8: ;   {runtime_call _complete_monitor_locking_Java}
  0x00000275ae8f92f8: c5f8 77e8 

  0x00000275ae8f92fc: ; ImmutableOopMap {rbp=Oop [32]=NarrowOop [40]=Oop [64]=Oop [72]=Oop [84]=NarrowOop [128]=Oop [144]=Oop }
                      ;*synchronization entry
                      ; - jdk.internal.perf.PerfCounter::add@-1
                      ; - jdk.internal.perf.PerfCounter::addElapsedTimeFrom@6
                      ; - java.net.URLClassLoader::defineClass@207
                      ; - java.net.URLClassLoader$1::run@43
                      ; - java.net.URLClassLoader$1::run@1
  0x00000275ae8f92fc: 806f 4bff 

  0x00000275ae8f9300: ;   {other}
  0x00000275ae8f9300: 0f1f 8400 | f066 007a | 488b fd4c | 8b44 2438 | e938 ceff | ffba ccff | ffff 4c8b | 5424 404c 
  0x00000275ae8f9320: 8954 2428 | 4c8b 5424 | 484c 8954 | 2438 448b | 5c24 5444 | 895c 2424 | 4889 7c24 | 404c 8944 
  0x00000275ae8f9340: 2448 4489 | 4c24 5490 

  0x00000275ae8f9348: ;   {runtime_call UncommonTrapBlob}
  0x00000275ae8f9348: c5f8 77e8 

  0x00000275ae8f934c: ; ImmutableOopMap {[32]=NarrowOop [36]=NarrowOop [40]=Oop [56]=Oop [64]=Oop [84]=NarrowOop [144]=Oop }
                      ;*invokestatic checkIndex {reexecute=0 rethrow=0 return_oop=0}
                      ; - java.nio.Buffer::checkIndex@8
                      ; - java.nio.DirectLongBufferU::get@11
                      ; - jdk.internal.perf.PerfCounter::get@5
                      ; - jdk.internal.perf.PerfCounter::add@1
                      ; - jdk.internal.perf.PerfCounter::addElapsedTimeFrom@6
                      ; - java.net.URLClassLoader::defineClass@207
                      ; - java.net.URLClassLoader$1::run@43
                      ; - java.net.URLClassLoader$1::run@1
  0x00000275ae8f934c: b0a6 49ff 

  0x00000275ae8f9350: ;   {other}
  0x00000275ae8f9350: 0f1f 8400 | 4067 007b 

  0x00000275ae8f9358: ;   {oop(a 'jdk/internal/perf/PerfCounter'{0x0000000080003428})}
  0x00000275ae8f9358: 48b9 2834 | 0080 0000 | 0000 488d | 9424 1001 | 0000 4d8b | c7c5 f877 | 49ba 40d9 | df26 f87f 
  0x00000275ae8f9378: 0000 41ff 

  0x00000275ae8f937c: ;   {other}
  0x00000275ae8f937c: d20f 1f84 | 0000 0000 | 00e9 9dce | ffff bade | ffff ff4c | 8b54 2440 | 4c89 5424 | 284c 8b54 
  0x00000275ae8f939c: 2448 4c89 | 5424 3844 | 895c 2420 | 448b 5424 | 5444 8954 | 2440 4889 | 4c24 484c | 894c 2450 
  0x00000275ae8f93bc: ;   {runtime_call UncommonTrapBlob}
  0x00000275ae8f93bc: c5f8 77e8 

  0x00000275ae8f93c0: ; ImmutableOopMap {rbp=NarrowOop [32]=NarrowOop [40]=Oop [56]=Oop [64]=NarrowOop [72]=Oop [80]=Oop [144]=Oop }
                      ;*invokeinterface computeIfAbsent {reexecute=0 rethrow=0 return_oop=0}
                      ; - java.security.SecureClassLoader::getProtectionDomain@28
                      ; - java.security.SecureClassLoader::defineClass@9
                      ; - java.net.URLClassLoader::defineClass@220
                      ; - java.net.URLClassLoader$1::run@43
                      ; - java.net.URLClassLoader$1::run@1
  0x00000275ae8f93c0: 3ca6 49ff 

  0x00000275ae8f93c4: ;   {other}
  0x00000275ae8f93c4: 0f1f 8400 | b467 007c | ba6e ffff | ff8b 6c24 | 6044 895c | 2424 4c8b | 5424 404c | 8954 2428 
  0x00000275ae8f93e4: 4c8b 5424 | 484c 8954 | 2440 6690 

  0x00000275ae8f93f0: ;   {runtime_call UncommonTrapBlob}
  0x00000275ae8f93f0: c5f8 77e8 

  0x00000275ae8f93f4: ; ImmutableOopMap {rbp=NarrowOop [40]=Oop [64]=Oop [80]=NarrowOop [84]=NarrowOop }
                      ;*iflt {reexecute=1 rethrow=0 return_oop=0}
                      ; - (reexecute) java.lang.StringLatin1::lastIndexOf@19
                      ; - java.lang.String::lastIndexOf@13
                      ; - java.lang.String::lastIndexOf@8
                      ; - java.net.URLClassLoader::defineClass@7
                      ; - java.net.URLClassLoader$1::run@43
                      ; - java.net.URLClassLoader$1::run@1
  0x00000275ae8f93f4: 08a6 49ff 

  0x00000275ae8f93f8: ;   {other}
  0x00000275ae8f93f8: 0f1f 8400 | e867 007d | ba45 ffff | ff48 8b6c | 2440 4c8b | 5424 484c | 8954 2428 | 448b 5424 
  0x00000275ae8f9418: 5444 8954 | 2424 4c8b | 5424 584c | 8954 2438 | 4889 7424 | 4848 895c | 2450 4489 | 4424 4444 
  0x00000275ae8f9438: 894c 2458 | 4489 5c24 | 5c89 7c24 | 6089 4c24 | 6466 6690 

  0x00000275ae8f944c: ;   {runtime_call UncommonTrapBlob}
  0x00000275ae8f944c: c5f8 77e8 

  0x00000275ae8f9450: ; ImmutableOopMap {rbp=Oop [32]=NarrowOop [36]=NarrowOop [40]=Oop [68]=NarrowOop [72]=Oop [80]=Oop [108]=NarrowOop }
                      ;*ifge {reexecute=1 rethrow=0 return_oop=0}
                      ; - (reexecute) jdk.internal.loader.Resource::getBytes@78
                      ; - jdk.internal.loader.URLClassPath$JarLoader$2::getBytes@1
                      ; - java.net.URLClassLoader::defineClass@179
                      ; - java.net.URLClassLoader$1::run@43
                      ; - java.net.URLClassLoader$1::run@1
  0x00000275ae8f9450: aca5 49ff 

  0x00000275ae8f9454: ;   {other}
  0x00000275ae8f9454: 0f1f 8400 | 4468 007e | ba45 ffff | ff48 8b6c | 2440 4c8b | 5424 484c | 8954 2428 | 448b 5c24 
  0x00000275ae8f9474: 5444 895c | 2430 4c8b | 5424 584c | 8954 2440 | 8944 2464 

  0x00000275ae8f9488: ;   {runtime_call UncommonTrapBlob}
  0x00000275ae8f9488: c5f8 77e8 

  0x00000275ae8f948c: ; ImmutableOopMap {rbp=Oop [32]=NarrowOop [36]=NarrowOop [40]=Oop [48]=NarrowOop [56]=Oop [108]=NarrowOop [144]=Oop }
                      ;*ifge {reexecute=1 rethrow=0 return_oop=0}
                      ; - (reexecute) jdk.internal.loader.Resource::getBytes@135
                      ; - jdk.internal.loader.URLClassPath$JarLoader$2::getBytes@1
                      ; - java.net.URLClassLoader::defineClass@179
                      ; - java.net.URLClassLoader$1::run@43
                      ; - java.net.URLClassLoader$1::run@1
  0x00000275ae8f948c: 70a5 49ff 

  0x00000275ae8f9490: ;   {other}
  0x00000275ae8f9490: 0f1f 8400 | 8068 007f | b901 0000 | 00e9 78a3 | ffff ba76 | ffff ff89 | 7c24 2089 | 4c24 2844 
  0x00000275ae8f94b0: 8944 242c | 895c 243c 

  0x00000275ae8f94b8: ;   {runtime_call UncommonTrapBlob}
  0x00000275ae8f94b8: c5f8 77e8 

  0x00000275ae8f94bc: ; ImmutableOopMap {rbp=Oop [32]=NarrowOop [44]=NarrowOop [72]=Oop }
                      ;*if_icmpge {reexecute=1 rethrow=0 return_oop=0}
                      ; - (reexecute) java.lang.StringLatin1::replace@82
                      ; - java.lang.String::replace@18
                      ; - java.net.URLClassLoader$1::run@8
                      ; - java.net.URLClassLoader$1::run@1
  0x00000275ae8f94bc: 40a5 49ff 

  0x00000275ae8f94c0: ;   {other}
  0x00000275ae8f94c0: 0f1f 8400 | b068 0080 | 4c63 d5e9 | 9ca6 ffff | bacc ffff | ff48 8b6c | 2448 4c89 | 4424 3890 
  0x00000275ae8f94e0: ;   {runtime_call UncommonTrapBlob}
  0x00000275ae8f94e0: c5f8 77e8 

  0x00000275ae8f94e4: ; ImmutableOopMap {rbp=Oop [32]=Oop [56]=Oop }
                      ;*invokestatic arraycopy {reexecute=0 rethrow=0 return_oop=0}
                      ; - java.lang.String::getBytes@22
                      ; - java.lang.StringConcatHelper::prepend@21
                      ; - java.lang.StringConcatHelper::simpleConcat@71
                      ; - java.lang.String::concat@11
                      ; - java.net.URLClassLoader$1::run@13
                      ; - java.net.URLClassLoader$1::run@1
  0x00000275ae8f94e4: 18a5 49ff 

  0x00000275ae8f94e8: ;   {other}
  0x00000275ae8f94e8: 0f1f 8400 | d868 0081 | bacc ffff | ff48 8b6c | 2448 4889 | 5c24 2889 | 4c24 304c | 8944 2438 
  0x00000275ae8f9508: 897c 2434 | 4489 4c24 | 4066 6690 

  0x00000275ae8f9514: ;   {runtime_call UncommonTrapBlob}
  0x00000275ae8f9514: c5f8 77e8 

  0x00000275ae8f9518: ; ImmutableOopMap {rbp=Oop [48]=NarrowOop [56]=Oop }
                      ;*invokestatic arraycopy {reexecute=0 rethrow=0 return_oop=0}
                      ; - java.lang.String::getBytes@22
                      ; - java.lang.StringConcatHelper::prepend@21
                      ; - java.lang.StringConcatHelper::simpleConcat@81
                      ; - java.lang.String::concat@11
                      ; - java.net.URLClassLoader$1::run@13
                      ; - java.net.URLClassLoader$1::run@1
  0x00000275ae8f9518: e4a4 49ff 

  0x00000275ae8f951c: ;   {other}
  0x00000275ae8f951c: 0f1f 8400 | 0c69 0082 | ba76 ffff | ff89 7c24 | 2089 4c24 | 2844 8944 | 242c 895c | 2438 6690 
  0x00000275ae8f953c: ;   {runtime_call UncommonTrapBlob}
  0x00000275ae8f953c: c5f8 77e8 

  0x00000275ae8f9540: ; ImmutableOopMap {rbp=Oop [32]=NarrowOop [44]=NarrowOop [72]=Oop }
                      ;*if_icmpge {reexecute=1 rethrow=0 return_oop=0}
                      ; - (reexecute) java.lang.StringLatin1::replace@61
                      ; - java.lang.String::replace@18
                      ; - java.net.URLClassLoader$1::run@8
                      ; - java.net.URLClassLoader$1::run@1
  0x00000275ae8f9540: bca4 49ff 

  0x00000275ae8f9544: ;   {other}
  0x00000275ae8f9544: 0f1f 8400 | 3469 0083 | b801 0000 | 00e9 c1a3 | ffff 4c89 | 4c24 6044 | 8944 2438 

  0x00000275ae8f9560: ;   {metadata('java/security/CodeSigner'[])}
  0x00000275ae8f9560: 48ba a0d4 | 07bc 7502 | 0000 448b | c166 6690 

  0x00000275ae8f9570: ;   {runtime_call _new_array_Java}
  0x00000275ae8f9570: c5f8 77e8 

  0x00000275ae8f9574: ; ImmutableOopMap {rbp=Oop [32]=NarrowOop [40]=Oop [56]=NarrowOop [64]=Oop [72]=Oop [84]=NarrowOop [108]=NarrowOop [128]=Oop [144]=Oop }
                      ;*invokevirtual clone {reexecute=1 rethrow=0 return_oop=1}
                      ; - (reexecute) java.util.jar.JarFile$JarFileEntry::getCodeSigners@70
                      ; - jdk.internal.loader.URLClassPath$JarLoader$2::getCodeSigners@4
                      ; - java.net.URLClassLoader::defineClass@185
                      ; - java.net.URLClassLoader$1::run@43
                      ; - java.net.URLClassLoader$1::run@1
  0x00000275ae8f9574: 8860 4bff 

  0x00000275ae8f9578: ;   {other}
  0x00000275ae8f9578: 0f1f 8400 | 6869 0084 | 448b 4424 | 384c 8b4c | 2460 488b | d8e9 d8dd | ffff 4c63 | 5424 684d 
  0x00000275ae8f9598: 8bda e948 | abff ff49 | 83c2 fe49 | 8bca 488b | fa48 33c0 | 4883 f908 | 7f10 48ff | c978 4f48 
  0x00000275ae8f95b8: 8904 cf48 | ffc9 7df7 | eb44 c5fd | efc0 e90d | 0000 00c5 | fe7f 07c5 | fe7f 4720 | 4883 c740 
  0x00000275ae8f95d8: 4883 e908 | 7ded 4883 | c104 7c0c | c5fe 7f07 | 4883 c720 | 4883 e904 | 4883 c104 | 7e10 48ff 
  0x00000275ae8f95f8: c9c5 f9d6 | 0748 83c7 | 0848 ffc9 | 7df3 e9ea | abff ffba | ccff ffff | 8b6c 2460 | 4c8b 5424 
  0x00000275ae8f9618: 404c 8954 | 2428 4c8b | 5424 484c | 8954 2430 | 448b 5424 | 5044 8954 | 2438 4c8b | 5424 584c 
  0x00000275ae8f9638: 8954 2448 | 4c8b 9424 | 8800 0000 | 4c89 5424 | 6066 6690 

  0x00000275ae8f964c: ;   {runtime_call UncommonTrapBlob}
  0x00000275ae8f964c: c5f8 77e8 

  0x00000275ae8f9650: ; ImmutableOopMap {rbp=NarrowOop [40]=Oop [48]=Oop [56]=NarrowOop [84]=NarrowOop [96]=Oop [108]=NarrowOop [112]=Oop [136]=Oop }
                      ;*newarray {reexecute=1 rethrow=0 return_oop=0}
                      ; - (reexecute) java.util.Arrays::copyOfRangeByte@10
                      ; - java.util.Arrays::copyOfRange@13
                      ; - java.lang.StringLatin1::newString@16
                      ; - java.lang.String::substring@41
                      ; - java.net.URLClassLoader::defineClass@28
                      ; - java.net.URLClassLoader$1::run@43
                      ; - java.net.URLClassLoader$1::run@1
  0x00000275ae8f9650: aca3 49ff 

  0x00000275ae8f9654: ;   {other}
  0x00000275ae8f9654: 0f1f 8400 | 446a 0085 | baf6 ffff | ff48 8b6c | 2440 4c8b | 5424 484c | 8954 2420 | 4489 4424 
  0x00000275ae8f9674: 2844 8b54 | 2454 4489 | 5424 2c4c | 8b54 2458 | 4c89 5424 | 3866 6690 

  0x00000275ae8f968c: ;   {runtime_call UncommonTrapBlob}
  0x00000275ae8f968c: c5f8 77e8 

  0x00000275ae8f9690: ; ImmutableOopMap {rbp=Oop [32]=Oop [40]=NarrowOop [44]=NarrowOop [96]=Oop [108]=NarrowOop [112]=Oop [136]=Oop }
                      ;*invokevirtual get {reexecute=0 rethrow=0 return_oop=0}
                      ; - java.lang.ClassLoader::definePackage@47
                      ; - java.lang.ClassLoader::getDefinedPackage@32
                      ; - java.net.URLClassLoader::getAndVerifyPackage@2
                      ; - java.net.URLClassLoader::defineClass@46
                      ; - java.net.URLClassLoader$1::run@43
                      ; - java.net.URLClassLoader$1::run@1
  0x00000275ae8f9690: 6ca3 49ff 

  0x00000275ae8f9694: ;   {other}
  0x00000275ae8f9694: 0f1f 8400 | 846a 0086 | 4d63 d8e9 | f9ba ffff | ba76 ffff | ff41 8be9 | 4c8b 5424 | 404c 8954 
  0x00000275ae8f96b4: 2420 4c8b | 5424 484c | 8954 2428 | 448b 5424 | 5044 8954 | 2430 448b | 5c24 5444 | 895c 2434 
  0x00000275ae8f96d4: 4c8b 5424 | 704c 8954 | 2438 4c8b | 5424 584c | 8954 2440 | 448b 5424 | 6c44 8954 | 2448 4c8b 
  0x00000275ae8f96f4: 5424 604c | 8954 2458 | 448b 5424 | 6844 8954 | 244c 4c8b | 9424 8800 | 0000 4c89 | 5424 6844 
  0x00000275ae8f9714: 8b9c 249c | 0000 0044 | 899c 248c | 0000 0090 

  0x00000275ae8f9724: ;   {runtime_call UncommonTrapBlob}
  0x00000275ae8f9724: c5f8 77e8 

  0x00000275ae8f9728: ; ImmutableOopMap {rbp=NarrowOop [32]=Oop [40]=Oop [48]=NarrowOop [52]=NarrowOop [56]=Oop [72]=NarrowOop [76]=NarrowOop [88]=Oop [104]=Oop [144]=Oop }
                      ;*if_icmpge {reexecute=1 rethrow=0 return_oop=0}
                      ; - (reexecute) java.lang.StringLatin1::replace@19
                      ; - java.lang.String::replace@18
                      ; - java.net.URLClassLoader::isSealed@9
                      ; - java.net.URLClassLoader::getAndVerifyPackage@68
                      ; - java.net.URLClassLoader::defineClass@46
                      ; - java.net.URLClassLoader$1::run@43
                      ; - java.net.URLClassLoader$1::run@1
  0x00000275ae8f9728: d4a2 49ff 

  0x00000275ae8f972c: ;   {other}
  0x00000275ae8f972c: 0f1f 8400 | 1c6b 0087 | ba45 ffff | ff48 8b6c | 2440 4c8b | 5424 484c | 8954 2420 | 448b 5424 
  0x00000275ae8f974c: 5044 8954 | 2428 448b | 5c24 5444 | 895c 242c | 4c8b 5424 | 704c 8954 | 2430 4c8b | 5424 584c 
  0x00000275ae8f976c: 8954 2438 | 448b 5424 | 6c44 8954 | 2440 6690 

  0x00000275ae8f977c: ;   {runtime_call UncommonTrapBlob}
  0x00000275ae8f977c: c5f8 77e8 

  0x00000275ae8f9780: ; ImmutableOopMap {rbp=Oop [32]=Oop [40]=NarrowOop [44]=NarrowOop [48]=Oop [64]=NarrowOop [96]=Oop [104]=NarrowOop [136]=Oop }
                      ;*ifeq {reexecute=1 rethrow=0 return_oop=0}
                      ; - (reexecute) java.lang.ClassLoader::definePackage@4
                      ; - java.lang.ClassLoader::getDefinedPackage@32
                      ; - java.net.URLClassLoader::getAndVerifyPackage@2
                      ; - java.net.URLClassLoader::defineClass@46
                      ; - java.net.URLClassLoader$1::run@43
                      ; - java.net.URLClassLoader$1::run@1
  0x00000275ae8f9780: 7ca2 49ff 

  0x00000275ae8f9784: ;   {other}
  0x00000275ae8f9784: 0f1f 8400 | 746b 0088 | bade ffff | ff48 8b6c | 2440 4c8b | 5424 484c | 8954 2420 | 448b 5c24 
  0x00000275ae8f97a4: 5044 895c | 2428 448b | 5424 5444 | 8954 242c | 4c8b 5424 | 704c 8954 | 2430 4c8b | 5424 584c 
  0x00000275ae8f97c4: 8954 2438 | 448b 5c24 | 6c44 895c | 2440 4c8b | 5424 604c | 8954 2450 | 448b 5c24 | 6844 895c 
  0x00000275ae8f97e4: 2444 4889 | 4424 6890 

  0x00000275ae8f97ec: ;   {runtime_call UncommonTrapBlob}
  0x00000275ae8f97ec: c5f8 77e8 

  0x00000275ae8f97f0: ; ImmutableOopMap {rbp=Oop [32]=Oop [40]=NarrowOop [44]=NarrowOop [48]=Oop [64]=NarrowOop [68]=NarrowOop [80]=Oop [104]=Oop [136]=Oop [144]=Oop }
                      ;*invokeinterface getTrustedAttributes {reexecute=0 rethrow=0 return_oop=0}
                      ; - java.net.URLClassLoader::isSealed@18
                      ; - java.net.URLClassLoader::getAndVerifyPackage@68
                      ; - java.net.URLClassLoader::defineClass@46
                      ; - java.net.URLClassLoader$1::run@43
                      ; - java.net.URLClassLoader$1::run@1
  0x00000275ae8f97f0: 0ca2 49ff 

  0x00000275ae8f97f4: ;   {other}
  0x00000275ae8f97f4: 0f1f 8400 | e46b 0089 | bade ffff | ff4c 8b54 | 2440 4c89 | 5424 204c | 8b54 2448 | 4c89 5424 
  0x00000275ae8f9814: 2844 8b5c | 2450 4489 | 5c24 3044 | 8b54 2454 | 4489 5424 | 344c 8b54 | 2470 4c89 | 5424 384c 
  0x00000275ae8f9834: 8b54 2458 | 4c89 5424 | 4044 8b5c | 246c 4489 | 5c24 484c | 8b94 2488 | 0000 004c | 8954 2460 
  0x00000275ae8f9854: 4c89 4c24 | 704c 894c | 2478 4889 | 8424 8800 | 0000 6690 

  0x00000275ae8f9868: ;   {runtime_call UncommonTrapBlob}
  0x00000275ae8f9868: c5f8 77e8 

  0x00000275ae8f986c: ; ImmutableOopMap {rbp=NarrowOop [32]=Oop [40]=Oop [48]=NarrowOop [52]=NarrowOop [56]=Oop [72]=NarrowOop [96]=Oop [112]=Oop [120]=Oop [136]=Oop [144]=Oop }
                      ;*invokeinterface get {reexecute=0 rethrow=0 return_oop=0}
                      ; - java.util.jar.Manifest::getAttributes@5
                      ; - java.util.jar.Manifest::getTrustedAttributes@2
                      ; - java.util.jar.JavaUtilJarAccessImpl::getTrustedAttributes@2
                      ; - java.net.URLClassLoader::isSealed@18
                      ; - java.net.URLClassLoader::getAndVerifyPackage@68
                      ; - java.net.URLClassLoader::defineClass@46
                      ; - java.net.URLClassLoader$1::run@43
                      ; - java.net.URLClassLoader$1::run@1
  0x00000275ae8f986c: 90a1 49ff 

  0x00000275ae8f9870: ;   {other}
  0x00000275ae8f9870: 0f1f 8400 | 606c 008a | bade ffff | ff4c 8b54 | 2440 4c89 | 5424 204c | 8b54 2448 | 4c89 5424 
  0x00000275ae8f9890: 2844 8b5c | 2450 4489 | 5c24 3044 | 8b54 2454 | 4489 5424 | 344c 8b54 | 2458 4c89 | 5424 4044 
  0x00000275ae8f98b0: 8b54 246c | 4489 5424 | 484c 894c | 2458 6690 

  0x00000275ae8f98c0: ;   {runtime_call UncommonTrapBlob}
  0x00000275ae8f98c0: c5f8 77e8 

  0x00000275ae8f98c4: ; ImmutableOopMap {rbp=NarrowOop [32]=Oop [40]=Oop [48]=NarrowOop [52]=NarrowOop [72]=NarrowOop [88]=Oop [112]=Oop [136]=Oop [144]=Oop }
                      ;*invokeinterface get {reexecute=0 rethrow=0 return_oop=0}
                      ; - java.util.jar.Attributes::get@5
                      ; - java.util.jar.Attributes::getValue@2
                      ; - java.net.URLClassLoader::isSealed@58
                      ; - java.net.URLClassLoader::getAndVerifyPackage@68
                      ; - java.net.URLClassLoader::defineClass@46
                      ; - java.net.URLClassLoader$1::run@43
                      ; - java.net.URLClassLoader$1::run@1
  0x00000275ae8f98c4: 38a1 49ff 

  0x00000275ae8f98c8: ;   {other}
  0x00000275ae8f98c8: 0f1f 8400 | b86c 008b | bacc ffff | ff48 8b6c | 2440 4c8b | 5424 484c | 8954 2420 | 448b 5424 
  0x00000275ae8f98e8: 5044 8954 | 2428 448b | 5c24 5444 | 895c 242c | 4c8b 5424 | 704c 8954 | 2430 4c8b | 5424 584c 
  0x00000275ae8f9908: 8954 2438 | 448b 5424 | 6c44 8954 | 2440 4c8b | 5424 604c | 8954 2450 | 4c8b 9424 | 8800 0000 
  0x00000275ae8f9928: 4c89 5424 | 584c 8b94 | 2490 0000 | 004c 8954 | 2470 448b | 5c24 6844 | 895c 2444 | 4889 8424 
  0x00000275ae8f9948: 9000 0000 

  0x00000275ae8f994c: ;   {runtime_call UncommonTrapBlob}
  0x00000275ae8f994c: c5f8 77e8 

  0x00000275ae8f9950: ; ImmutableOopMap {rbp=Oop [32]=Oop [40]=NarrowOop [44]=NarrowOop [48]=Oop [64]=NarrowOop [68]=NarrowOop [80]=Oop [88]=Oop [112]=Oop [144]=Oop [192]=Oop [216]=Oop }
                      ;*invokestatic arraycopy {reexecute=0 rethrow=0 return_oop=0}
                      ; - java.lang.String::getBytes@22
                      ; - java.lang.StringConcatHelper::prepend@21
                      ; - java.lang.StringConcatHelper::simpleConcat@71
                      ; - java.lang.String::concat@11
                      ; - java.net.URLClassLoader::isSealed@15
                      ; - java.net.URLClassLoader::getAndVerifyPackage@68
                      ; - java.net.URLClassLoader::defineClass@46
                      ; - java.net.URLClassLoader$1::run@43
                      ; - java.net.URLClassLoader$1::run@1
  0x00000275ae8f9950: aca0 49ff 

  0x00000275ae8f9954: ;   {other}
  0x00000275ae8f9954: 0f1f 8400 | 446d 008c | bacc ffff | ff48 8b6c | 2440 4c8b | 4424 484c | 8944 2420 | 448b 4424 
  0x00000275ae8f9974: 5044 8944 | 2428 448b | 4c24 5444 | 894c 242c | 4c8b 4424 | 704c 8944 | 2430 4c8b | 4424 584c 
  0x00000275ae8f9994: 8944 2438 | 448b 4424 | 6c44 8944 | 2440 4c8b | 4424 604c | 8944 2450 | 4c8b 8424 | 8800 0000 
  0x00000275ae8f99b4: 4c89 4424 | 584c 8b84 | 2490 0000 | 004c 8944 | 2470 448b | 4c24 6844 | 894c 2444 | 4c8b 8424 
  0x00000275ae8f99d4: c000 0000 | 4c89 4424 | 6844 8994 | 2488 0000 | 0044 899c | 2498 0000 | 0066 6690 

  0x00000275ae8f99f0: ;   {runtime_call UncommonTrapBlob}
  0x00000275ae8f99f0: c5f8 77e8 

  0x00000275ae8f99f4: ; ImmutableOopMap {rbp=Oop [32]=Oop [40]=NarrowOop [44]=NarrowOop [48]=Oop [64]=NarrowOop [68]=NarrowOop [80]=Oop [88]=Oop [104]=Oop [112]=Oop [136]=NarrowOop }
                      ;*invokestatic arraycopy {reexecute=0 rethrow=0 return_oop=0}
                      ; - java.lang.String::getBytes@22
                      ; - java.lang.StringConcatHelper::prepend@21
                      ; - java.lang.StringConcatHelper::simpleConcat@81
                      ; - java.lang.String::concat@11
                      ; - java.net.URLClassLoader::isSealed@15
                      ; - java.net.URLClassLoader::getAndVerifyPackage@68
                      ; - java.net.URLClassLoader::defineClass@46
                      ; - java.net.URLClassLoader$1::run@43
                      ; - java.net.URLClassLoader$1::run@1
  0x00000275ae8f99f4: 08a0 49ff 

  0x00000275ae8f99f8: ;   {other}
  0x00000275ae8f99f8: 0f1f 8400 | e86d 008d | 41ba 0100 | 0000 e93e | b3ff ffba | 76ff ffff | 418b e94c | 8b54 2440 
  0x00000275ae8f9a18: 4c89 5424 | 304c 8b54 | 2448 4c89 | 5424 3844 | 8b5c 2450 | 4489 5c24 | 4044 8b5c | 2454 4489 
  0x00000275ae8f9a38: 5c24 444c | 8b54 2470 | 4c89 5424 | 484c 8b54 | 2458 4c89 | 5424 5044 | 8b54 246c | 4489 5424 
  0x00000275ae8f9a58: 5844 8b54 | 2468 4489 | 5424 5c90 

  0x00000275ae8f9a64: ;   {runtime_call UncommonTrapBlob}
  0x00000275ae8f9a64: c5f8 77e8 

  0x00000275ae8f9a68: ; ImmutableOopMap {rbp=NarrowOop [48]=Oop [56]=Oop [64]=NarrowOop [68]=NarrowOop [72]=Oop [88]=NarrowOop [92]=NarrowOop [96]=Oop [136]=Oop [144]=Oop [176]=Oop }
                      ;*if_icmpge {reexecute=1 rethrow=0 return_oop=0}
                      ; - (reexecute) java.lang.StringLatin1::replace@82
                      ; - java.lang.String::replace@18
                      ; - java.net.URLClassLoader::isSealed@9
                      ; - java.net.URLClassLoader::getAndVerifyPackage@68
                      ; - java.net.URLClassLoader::defineClass@46
                      ; - java.net.URLClassLoader$1::run@43
                      ; - java.net.URLClassLoader$1::run@1
  0x00000275ae8f9a68: 949f 49ff 

  0x00000275ae8f9a6c: ;   {other}
  0x00000275ae8f9a6c: 0f1f 8400 | 5c6e 008e | 33ed 4585 | db40 0f94 | c5ba 45ff | ffff 4489 | 4424 2890 

  0x00000275ae8f9a88: ;   {runtime_call UncommonTrapBlob}
  0x00000275ae8f9a88: c5f8 77e8 

  0x00000275ae8f9a8c: ; ImmutableOopMap {[40]=NarrowOop [72]=Oop }
                      ;*ifeq {reexecute=1 rethrow=0 return_oop=0}
                      ; - (reexecute) java.lang.String::replace@9
                      ; - java.net.URLClassLoader$1::run@8
                      ; - java.net.URLClassLoader$1::run@1
  0x00000275ae8f9a8c: 709f 49ff 

  0x00000275ae8f9a90: ;   {other}
  0x00000275ae8f9a90: 0f1f 8400 | 806e 008f | ba76 ffff | ff41 8be9 | 4c8b 5424 | 404c 8954 | 2430 4c8b | 5424 484c 
  0x00000275ae8f9ab0: 8954 2438 | 448b 5c24 | 5044 895c | 2440 448b | 5424 5444 | 8954 2444 | 4c8b 5424 | 704c 8954 
  0x00000275ae8f9ad0: 2448 4c8b | 5424 584c | 8954 2450 | 448b 5c24 | 6c44 895c | 2458 448b | 5c24 6844 | 895c 245c 
  0x00000275ae8f9af0: ;   {runtime_call UncommonTrapBlob}
  0x00000275ae8f9af0: c5f8 77e8 

  0x00000275ae8f9af4: ; ImmutableOopMap {rbp=NarrowOop [48]=Oop [56]=Oop [64]=NarrowOop [68]=NarrowOop [72]=Oop [88]=NarrowOop [92]=NarrowOop [96]=Oop [136]=Oop [144]=Oop [176]=Oop }
                      ;*if_icmpge {reexecute=1 rethrow=0 return_oop=0}
                      ; - (reexecute) java.lang.StringLatin1::replace@61
                      ; - java.lang.String::replace@18
                      ; - java.net.URLClassLoader::isSealed@9
                      ; - java.net.URLClassLoader::getAndVerifyPackage@68
                      ; - java.net.URLClassLoader::defineClass@46
                      ; - java.net.URLClassLoader$1::run@43
                      ; - java.net.URLClassLoader$1::run@1
  0x00000275ae8f9af4: 089f 49ff 

  0x00000275ae8f9af8: ;   {other}
  0x00000275ae8f9af8: 0f1f 8400 | e86e 0090 | bb01 0000 | 00e9 e6b3 | ffff baf6 | ffff ff48 | 8b6c 2440 | 4c8b 4c24 
  0x00000275ae8f9b18: 484c 894c | 2420 4489 | 5424 284c | 895c 2448 | 4489 4424 | 4466 6690 

  0x00000275ae8f9b30: ;   {runtime_call UncommonTrapBlob}
  0x00000275ae8f9b30: c5f8 77e8 

  0x00000275ae8f9b34: ; ImmutableOopMap {rbp=Oop [32]=Oop [40]=NarrowOop [68]=NarrowOop [72]=Oop [84]=NarrowOop [108]=NarrowOop }
                      ;*invokevirtual getInputStream {reexecute=0 rethrow=0 return_oop=0}
                      ; - jdk.internal.loader.URLClassPath$JarLoader$2::getInputStream@11
                      ; - jdk.internal.loader.Resource::cachedInputStream@9
                      ; - jdk.internal.loader.Resource::getByteBuffer@1
                      ; - java.net.URLClassLoader::defineClass@132
                      ; - java.net.URLClassLoader$1::run@43
                      ; - java.net.URLClassLoader$1::run@1
  0x00000275ae8f9b34: c89e 49ff 

  0x00000275ae8f9b38: ;   {other}
  0x00000275ae8f9b38: 0f1f 8400 | 286f 0091 | baf6 ffff | ff4c 8b54 | 2440 498b | ea4c 8b54 | 2448 4c89 | 5424 2844 
  0x00000275ae8f9b58: 8b5c 2454 | 4489 5c24 | 244c 8b54 | 2458 4c89 | 5424 3848 | 8974 2448 | 4889 7424 | 5044 8944 
  0x00000275ae8f9b78: 2444 6690 

  0x00000275ae8f9b7c: ;   {runtime_call UncommonTrapBlob}
  0x00000275ae8f9b7c: c5f8 77e8 

  0x00000275ae8f9b80: ; ImmutableOopMap {rbp=Oop [32]=NarrowOop [36]=NarrowOop [40]=Oop [68]=NarrowOop [72]=Oop [80]=Oop [108]=NarrowOop }
                      ;*invokevirtual getInputStream {reexecute=0 rethrow=0 return_oop=0}
                      ; - jdk.internal.loader.URLClassPath$JarLoader$2::getInputStream@11
                      ; - jdk.internal.loader.Resource::cachedInputStream@9
                      ; - jdk.internal.loader.Resource::getBytes@1
                      ; - jdk.internal.loader.URLClassPath$JarLoader$2::getBytes@1
                      ; - java.net.URLClassLoader::defineClass@179
                      ; - java.net.URLClassLoader$1::run@43
                      ; - java.net.URLClassLoader$1::run@1
  0x00000275ae8f9b80: 7c9e 49ff 

  0x00000275ae8f9b84: ;   {other}
  0x00000275ae8f9b84: 0f1f 8400 | 746f 0092 | bade ffff | ff4c 8b54 | 2440 4c89 | 5424 204c | 8b54 2448 | 4c89 5424 
  0x00000275ae8f9ba4: 2844 8b54 | 2450 4489 | 5424 3044 | 8b5c 2454 | 4489 5c24 | 344c 8b54 | 2458 4c89 | 5424 4090 
  0x00000275ae8f9bc4: ;   {runtime_call UncommonTrapBlob}
  0x00000275ae8f9bc4: c5f8 77e8 

  0x00000275ae8f9bc8: ; ImmutableOopMap {rbp=NarrowOop [32]=Oop [40]=Oop [48]=NarrowOop [52]=NarrowOop [96]=Oop [108]=NarrowOop [112]=Oop [136]=Oop }
                      ;*checkcast {reexecute=0 rethrow=0 return_oop=0}
                      ; - java.lang.ClassLoader::definePackage@50
                      ; - java.lang.ClassLoader::getDefinedPackage@32
                      ; - java.net.URLClassLoader::getAndVerifyPackage@2
                      ; - java.net.URLClassLoader::defineClass@46
                      ; - java.net.URLClassLoader$1::run@43
                      ; - java.net.URLClassLoader$1::run@1
  0x00000275ae8f9bc8: 349e 49ff 

  0x00000275ae8f9bcc: ;   {other}
  0x00000275ae8f9bcc: 0f1f 8400 | bc6f 0093 | 33ed 4585 | c040 0f94 | c5ba 45ff | ffff 4c8b | 5c24 404c | 895c 2420 
  0x00000275ae8f9bec: 4c8b 5c24 | 484c 895c | 2428 448b | 5c24 5444 | 895c 2434 | 4489 5424 | 4c66 6690 

  0x00000275ae8f9c08: ;   {runtime_call UncommonTrapBlob}
  0x00000275ae8f9c08: c5f8 77e8 

  0x00000275ae8f9c0c: ; ImmutableOopMap {[32]=Oop [40]=Oop [52]=NarrowOop [80]=NarrowOop }
                      ;*ifeq {reexecute=1 rethrow=0 return_oop=0}
                      ; - (reexecute) java.lang.String::lastIndexOf@4
                      ; - java.lang.String::lastIndexOf@8
                      ; - java.net.URLClassLoader::defineClass@7
                      ; - java.net.URLClassLoader$1::run@43
                      ; - java.net.URLClassLoader$1::run@1
  0x00000275ae8f9c0c: f09d 49ff 

  0x00000275ae8f9c10: ;   {other}
  0x00000275ae8f9c10: 0f1f 8400 | 0070 0094 | ba45 ffff | ff4c 8b54 | 2440 4c89 | 5424 284c | 8b54 2448 | 4c89 5424 
  0x00000275ae8f9c30: 3044 8b5c | 2450 4489 | 5c24 384c | 8b54 2458 | 4c89 5424 | 4889 4c24 | 5c66 6690 

  0x00000275ae8f9c4c: ;   {runtime_call UncommonTrapBlob}
  0x00000275ae8f9c4c: c5f8 77e8 

  0x00000275ae8f9c50: ; ImmutableOopMap {[40]=Oop [48]=Oop [56]=NarrowOop [84]=NarrowOop [108]=NarrowOop [112]=Oop }
                      ;*if_icmpgt {reexecute=1 rethrow=0 return_oop=0}
                      ; - (reexecute) jdk.internal.util.Preconditions::checkFromToIndex@6
                      ; - java.lang.String::checkBoundsBeginEnd@6
                      ; - java.lang.String::substring@8
                      ; - java.net.URLClassLoader::defineClass@28
                      ; - java.net.URLClassLoader$1::run@43
                      ; - java.net.URLClassLoader$1::run@1
  0x00000275ae8f9c50: ac9d 49ff 

  0x00000275ae8f9c54: ;   {other}
  0x00000275ae8f9c54: 0f1f 8400 | 4470 0095 | 4889 5424 | 6044 8944 | 243c 4489 | 4c24 3848 | 894c 2428 | 4c89 5c24 
  0x00000275ae8f9c74: 2041 8bea | 4c8d 8424 | 1801 0000 

  0x00000275ae8f9c80: ;   {runtime_call _complete_monitor_locking_Java}
  0x00000275ae8f9c80: c5f8 77e8 

  0x00000275ae8f9c84: ; ImmutableOopMap {rbp=NarrowOop [32]=Oop [40]=Oop [48]=Oop [56]=NarrowOop [60]=NarrowOop [64]=Oop [72]=Oop [84]=NarrowOop [96]=Oop [108]=NarrowOop [128]=Oop }
                      ;*synchronization entry
                      ; - java.util.jar.JarFile::getInputStream@-1
                      ; - jdk.internal.loader.URLClassPath$JarLoader$2::getInputStream@11
                      ; - jdk.internal.loader.Resource::cachedInputStream@9
                      ; - jdk.internal.loader.Resource::getByteBuffer@1
                      ; - java.net.URLClassLoader::defineClass@132
                      ; - java.net.URLClassLoader$1::run@43
                      ; - java.net.URLClassLoader$1::run@1
  0x00000275ae8f9c84: f865 4bff 

  0x00000275ae8f9c88: ;   {other}
  0x00000275ae8f9c88: 0f1f 8400 | 7870 0096 | 448b d54c | 8b5c 2420 | 488b 4c24 | 2844 8b4c | 2438 448b | 4424 3c48 
  0x00000275ae8f9ca8: 8b54 2460 | e99c baff | ff4c 894c | 2460 4489 | 4424 3844 | 8954 2424 | 488b ee49 | 8bd1 4c8d 
  0x00000275ae8f9cc8: 8424 1801 | 0000 6690 

  0x00000275ae8f9cd0: ;   {runtime_call _complete_monitor_locking_Java}
  0x00000275ae8f9cd0: c5f8 77e8 

  0x00000275ae8f9cd4: ; ImmutableOopMap {rbp=Oop [32]=NarrowOop [36]=NarrowOop [40]=Oop [48]=Oop [56]=NarrowOop [64]=Oop [72]=Oop [84]=NarrowOop [96]=Oop [108]=NarrowOop [128]=Oop }
                      ;*synchronization entry
                      ; - java.util.jar.JarFile::getInputStream@-1
                      ; - jdk.internal.loader.URLClassPath$JarLoader$2::getInputStream@11
                      ; - jdk.internal.loader.Resource::cachedInputStream@9
                      ; - jdk.internal.loader.Resource::getBytes@1
                      ; - jdk.internal.loader.URLClassPath$JarLoader$2::getBytes@1
                      ; - java.net.URLClassLoader::defineClass@179
                      ; - java.net.URLClassLoader$1::run@43
                      ; - java.net.URLClassLoader$1::run@1
  0x00000275ae8f9cd4: a865 4bff 

  0x00000275ae8f9cd8: ;   {other}
  0x00000275ae8f9cd8: 0f1f 8400 | c870 0097 | 488b f544 | 8b54 2424 | 448b 4424 | 384c 8b4c | 2460 e9ae | bdff ffba 
  0x00000275ae8f9cf8: 45ff ffff | 488b 6c24 | 404c 8b54 | 2448 4c89 | 5424 2044 | 8b44 2450 | 4489 4424 | 2844 8b54 
  0x00000275ae8f9d18: 2454 4489 | 5424 2c4c | 8b54 2470 | 4c89 5424 | 304c 8b54 | 2458 4c89 | 5424 3844 | 8b44 246c 
  0x00000275ae8f9d38: 4489 4424 | 5444 895c | 2478 6690 

  0x00000275ae8f9d44: ;   {runtime_call UncommonTrapBlob}
  0x00000275ae8f9d44: c5f8 77e8 

  0x00000275ae8f9d48: ; ImmutableOopMap {rbp=Oop [32]=Oop [40]=NarrowOop [44]=NarrowOop [48]=Oop [84]=NarrowOop [96]=Oop [136]=Oop }
                      ;*ifle {reexecute=1 rethrow=0 return_oop=0}
                      ; - (reexecute) java.util.concurrent.ConcurrentHashMap::get@23
                      ; - java.lang.ClassLoader::getDefinedPackage@13
                      ; - java.net.URLClassLoader::getAndVerifyPackage@2
                      ; - java.net.URLClassLoader::defineClass@46
                      ; - java.net.URLClassLoader$1::run@43
                      ; - java.net.URLClassLoader$1::run@1
  0x00000275ae8f9d48: b49c 49ff 

  0x00000275ae8f9d4c: ;   {other}
  0x00000275ae8f9d4c: 0f1f 8400 | 3c71 0098 | ba45 ffff | ff4c 8b54 | 2440 4c89 | 5424 204c | 8b54 2448 | 4c89 5424 
  0x00000275ae8f9d6c: 2866 6690 

  0x00000275ae8f9d70: ;   {runtime_call UncommonTrapBlob}
  0x00000275ae8f9d70: c5f8 77e8 

  0x00000275ae8f9d74: ; ImmutableOopMap {[32]=Oop [40]=Oop [80]=NarrowOop [84]=NarrowOop [108]=NarrowOop [112]=Oop }
                      ;*if_icmpeq {reexecute=1 rethrow=0 return_oop=0}
                      ; - (reexecute) java.net.URLClassLoader::defineClass@21
                      ; - java.net.URLClassLoader$1::run@43
                      ; - java.net.URLClassLoader$1::run@1
  0x00000275ae8f9d74: 889c 49ff 

  0x00000275ae8f9d78: ;   {other}
  0x00000275ae8f9d78: 0f1f 8400 | 6871 0099 | ba45 ffff | ff4c 8b54 | 2440 4c89 | 5424 284c | 8b54 2448 | 4c89 5424 
  0x00000275ae8f9d98: 3044 8b5c | 2450 4489 | 5c24 384c | 8b54 2458 | 4c89 5424 | 4889 4c24 | 5c89 4c24 | 6066 6690 
  0x00000275ae8f9db8: ;   {runtime_call UncommonTrapBlob}
  0x00000275ae8f9db8: c5f8 77e8 

  0x00000275ae8f9dbc: ; ImmutableOopMap {[40]=Oop [48]=Oop [56]=NarrowOop [84]=NarrowOop [108]=NarrowOop [112]=Oop }
                      ;*if_icmple {reexecute=1 rethrow=0 return_oop=0}
                      ; - (reexecute) jdk.internal.util.Preconditions::checkFromToIndex@11
                      ; - java.lang.String::checkBoundsBeginEnd@6
                      ; - java.lang.String::substring@8
                      ; - java.net.URLClassLoader::defineClass@28
                      ; - java.net.URLClassLoader$1::run@43
                      ; - java.net.URLClassLoader$1::run@1
  0x00000275ae8f9dbc: 409c 49ff 

  0x00000275ae8f9dc0: ;   {other}
  0x00000275ae8f9dc0: 0f1f 8400 | b071 009a | ba45 ffff | ff48 8b6c | 2440 4c8b | 5424 484c | 8954 2428 | 8b4c 2454 
  0x00000275ae8f9de0: 894c 2424 | 4c8b 5424 | 584c 8954 | 2438 4889 | 7424 4848 | 895c 2450 | 4489 4424 | 4444 894c 
  0x00000275ae8f9e00: 2458 4489 | 5c24 5c90 

  0x00000275ae8f9e08: ;   {runtime_call UncommonTrapBlob}
  0x00000275ae8f9e08: c5f8 77e8 

  0x00000275ae8f9e0c: ; ImmutableOopMap {rbp=Oop [32]=NarrowOop [36]=NarrowOop [40]=Oop [68]=NarrowOop [72]=Oop [80]=Oop [108]=NarrowOop }
                      ;*if_icmpne {reexecute=1 rethrow=0 return_oop=0}
                      ; - (reexecute) jdk.internal.loader.Resource::getBytes@36
                      ; - jdk.internal.loader.URLClassPath$JarLoader$2::getBytes@1
                      ; - java.net.URLClassLoader::defineClass@179
                      ; - java.net.URLClassLoader$1::run@43
                      ; - java.net.URLClassLoader$1::run@1
  0x00000275ae8f9e0c: f09b 49ff 

  0x00000275ae8f9e10: ;   {other}
  0x00000275ae8f9e10: 0f1f 8400 | 0072 009b | ba45 ffff | ff48 8b6c | 2440 4c8b | 5424 484c | 8954 2428 | 448b 5c24 
  0x00000275ae8f9e30: 5444 895c | 2424 4c8b | 5424 584c | 8954 2438 | 4889 7424 | 4889 5c24 | 6066 6690 

  0x00000275ae8f9e4c: ;   {runtime_call UncommonTrapBlob}
  0x00000275ae8f9e4c: c5f8 77e8 

  0x00000275ae8f9e50: ; ImmutableOopMap {rbp=Oop [32]=NarrowOop [36]=NarrowOop [40]=Oop [72]=Oop [108]=NarrowOop [144]=Oop }
                      ;*ifgt {reexecute=1 rethrow=0 return_oop=0}
                      ; - (reexecute) java.util.zip.CRC32::updateBytesCheck@1
                      ; - java.util.zip.CRC32::updateBytes@3
                      ; - java.util.zip.CRC32::update@31
                      ; - java.util.zip.Checksum::update@5
                      ; - jdk.internal.loader.URLClassPath$JarLoader$2::getBytes@15
                      ; - java.net.URLClassLoader::defineClass@179
                      ; - java.net.URLClassLoader$1::run@43
                      ; - java.net.URLClassLoader$1::run@1
  0x00000275ae8f9e50: ac9b 49ff 

  0x00000275ae8f9e54: ;   {other}
  0x00000275ae8f9e54: 0f1f 8400 | 4472 009c | 4d3b dabd | ffff ffff | 7c08 400f | 95c5 400f | b6ed ba45 | ffff ff4c 
  0x00000275ae8f9e74: 8b54 2440 | 4c89 5424 | 284c 8b54 | 2448 4c89 | 5424 3044 | 8b54 2454 | 4489 5424 | 244c 8b54 
  0x00000275ae8f9e94: 2458 4c89 | 5424 4048 | 8974 2450 

  0x00000275ae8f9ea0: ;   {runtime_call UncommonTrapBlob}
  0x00000275ae8f9ea0: c5f8 77e8 

  0x00000275ae8f9ea4: ; ImmutableOopMap {[32]=NarrowOop [36]=NarrowOop [40]=Oop [48]=Oop [80]=Oop [108]=NarrowOop [144]=Oop }
                      ;*ifeq {reexecute=1 rethrow=0 return_oop=0}
                      ; - (reexecute) jdk.internal.loader.URLClassPath$JarLoader$2::getBytes@30
                      ; - java.net.URLClassLoader::defineClass@179
                      ; - java.net.URLClassLoader$1::run@43
                      ; - java.net.URLClassLoader$1::run@1
  0x00000275ae8f9ea4: 589b 49ff 

  0x00000275ae8f9ea8: ;   {other}
  0x00000275ae8f9ea8: 0f1f 8400 | 9872 009d | 41b9 0100 | 0000 488b | 7424 30ba | 45ff ffff | 488b 6c24 | 404c 8b54 
  0x00000275ae8f9ec8: 2448 4c89 | 5424 2844 | 8b54 2454 | 4489 5424 | 2448 8974 | 2448 4489 | 4c24 4490 

  0x00000275ae8f9ee4: ;   {runtime_call UncommonTrapBlob}
  0x00000275ae8f9ee4: c5f8 77e8 

  0x00000275ae8f9ee8: ; ImmutableOopMap {rbp=Oop [32]=NarrowOop [36]=NarrowOop [40]=Oop [72]=Oop [108]=NarrowOop [144]=Oop }
                      ;*ifeq {reexecute=1 rethrow=0 return_oop=0}
                      ; - (reexecute) jdk.internal.loader.Resource::getBytes@199
                      ; - jdk.internal.loader.URLClassPath$JarLoader$2::getBytes@1
                      ; - java.net.URLClassLoader::defineClass@179
                      ; - java.net.URLClassLoader$1::run@43
                      ; - java.net.URLClassLoader$1::run@1
  0x00000275ae8f9ee8: 149b 49ff 

  0x00000275ae8f9eec: ;   {other}
  0x00000275ae8f9eec: 0f1f 8400 | dc72 009e | ba45 ffff | ff48 8b6c | 2440 4c8b | 4424 484c | 8944 2428 | 448b 4c24 
  0x00000275ae8f9f0c: 5444 894c | 2424 4c8b | 4424 584c | 8944 2438 | 4c89 5c24 | 4844 8954 | 2454 6690 

  0x00000275ae8f9f28: ;   {runtime_call UncommonTrapBlob}
  0x00000275ae8f9f28: c5f8 77e8 

  0x00000275ae8f9f2c: ; ImmutableOopMap {rbp=Oop [32]=NarrowOop [36]=NarrowOop [40]=Oop [72]=Oop [84]=NarrowOop [108]=NarrowOop [144]=Oop [232]=Oop }
                      ;*ifnull {reexecute=1 rethrow=0 return_oop=0}
                      ; - (reexecute) java.security.CodeSource::<init>@25
                      ; - java.net.URLClassLoader::defineClass@198
                      ; - java.net.URLClassLoader$1::run@43
                      ; - java.net.URLClassLoader$1::run@1
  0x00000275ae8f9f2c: d09a 49ff 

  0x00000275ae8f9f30: ;   {other}
  0x00000275ae8f9f30: 0f1f 8400 | 2073 009f | ba45 ffff | ff4c 8b54 | 2440 4c89 | 5424 284c | 8b54 2448 | 4c89 5424 
  0x00000275ae8f9f50: 3844 8b54 | 2454 4489 | 5424 2448 | 897c 2440 | 4c89 4424 | 4844 894c | 2454 6690 

  0x00000275ae8f9f6c: ;   {runtime_call UncommonTrapBlob}
  0x00000275ae8f9f6c: c5f8 77e8 

  0x00000275ae8f9f70: ; ImmutableOopMap {rbp=NarrowOop [32]=NarrowOop [36]=NarrowOop [40]=Oop [56]=Oop [64]=Oop [84]=NarrowOop [144]=Oop }
                      ;*ifnull {reexecute=1 rethrow=0 return_oop=0}
                      ; - (reexecute) java.nio.Buffer::session@4
                      ; - java.nio.DirectLongBufferU::get@4
                      ; - jdk.internal.perf.PerfCounter::get@5
                      ; - jdk.internal.perf.PerfCounter::add@1
                      ; - jdk.internal.perf.PerfCounter::addElapsedTimeFrom@6
                      ; - java.net.URLClassLoader::defineClass@207
                      ; - java.net.URLClassLoader$1::run@43
                      ; - java.net.URLClassLoader$1::run@1
  0x00000275ae8f9f70: 8c9a 49ff 

  0x00000275ae8f9f74: ;   {other}
  0x00000275ae8f9f74: 0f1f 8400 | 6473 00a0 | ba45 ffff | ff4c 8b54 | 2440 4c89 | 5424 284c | 8b54 2448 | 4c89 5424 
  0x00000275ae8f9f94: 3844 8b54 | 2454 4489 | 5424 244c | 894c 2450 

  0x00000275ae8f9fa4: ;   {runtime_call UncommonTrapBlob}
  0x00000275ae8f9fa4: c5f8 77e8 

  0x00000275ae8f9fa8: ; ImmutableOopMap {rbp=NarrowOop [32]=NarrowOop [36]=NarrowOop [40]=Oop [56]=Oop [80]=Oop [108]=NarrowOop [144]=Oop }
                      ;*ifnull {reexecute=1 rethrow=0 return_oop=0}
                      ; - (reexecute) java.util.jar.JarFile$JarFileEntry::getCodeSigners@34
                      ; - jdk.internal.loader.URLClassPath$JarLoader$2::getCodeSigners@4
                      ; - java.net.URLClassLoader::defineClass@185
                      ; - java.net.URLClassLoader$1::run@43
                      ; - java.net.URLClassLoader$1::run@1
  0x00000275ae8f9fa8: 549a 49ff 

  0x00000275ae8f9fac: ;   {other}
  0x00000275ae8f9fac: 0f1f 8400 | 9c73 00a1 | 498b cb48 | 8d94 2418 | 0100 004d | 8bc7 c5f8 | 7749 ba40 | d9df 26f8 
  0x00000275ae8f9fcc: 7f00 0041 

  0x00000275ae8f9fd0: ;   {other}
  0x00000275ae8f9fd0: ffd2 0f1f | 8400 0000 | 0000 e980 | b8ff ff49 | 8bcb 488d | 9424 1801 | 0000 4d8b | c7c5 f877 
  0x00000275ae8f9ff0: 49ba 40d9 | df26 f87f | 0000 41ff 

  0x00000275ae8f9ffc: ;   {other}
  0x00000275ae8f9ffc: d20f 1f84 | 0000 0000 | 00e9 a9bb | ffff ba3f | 0000 004c | 8b54 2440 | 498b ea4c | 8b54 2448 
  0x00000275ae8fa01c: 4c89 5424 | 3044 8b5c | 2450 4489 | 5c24 384c | 8b54 2470 | 4c89 5424 | 404c 8b54 | 2458 4c89 
  0x00000275ae8fa03c: 5424 4844 | 8b5c 246c | 4489 5c24 | 5066 6690 

  0x00000275ae8fa04c: ;   {runtime_call UncommonTrapBlob}
  0x00000275ae8fa04c: c5f8 77e8 

  0x00000275ae8fa050: ; ImmutableOopMap {rbp=Oop [32]=Oop [40]=Oop [48]=Oop [56]=NarrowOop [64]=Oop [80]=NarrowOop [84]=NarrowOop [136]=Oop [144]=Oop }
                      ;*new {reexecute=0 rethrow=0 return_oop=0}
                      ; - java.util.jar.Manifest::getTrustedAttributes@28
                      ; - java.util.jar.JavaUtilJarAccessImpl::getTrustedAttributes@2
                      ; - java.net.URLClassLoader::isSealed@18
                      ; - java.net.URLClassLoader::getAndVerifyPackage@68
                      ; - java.net.URLClassLoader::defineClass@46
                      ; - java.net.URLClassLoader$1::run@43
                      ; - java.net.URLClassLoader$1::run@1
  0x00000275ae8fa050: ac99 49ff 

  0x00000275ae8fa054: ;   {other}
  0x00000275ae8fa054: 0f1f 8400 | 4474 00a2 | ba45 ffff | ff48 8b6c | 2448 4889 | 4424 2044 | 8954 2428 

  0x00000275ae8fa070: ;   {runtime_call UncommonTrapBlob}
  0x00000275ae8fa070: c5f8 77e8 

  0x00000275ae8fa074: ; ImmutableOopMap {rbp=Oop [32]=Oop }
                      ;*iflt {reexecute=1 rethrow=0 return_oop=0}
                      ; - (reexecute) java.lang.StringConcatHelper::checkOverflow@2
                      ; - java.lang.StringConcatHelper::mix@23
                      ; - java.lang.StringConcatHelper::simpleConcat@46
                      ; - java.lang.String::concat@11
                      ; - java.net.URLClassLoader$1::run@13
                      ; - java.net.URLClassLoader$1::run@1
  0x00000275ae8fa074: 8899 49ff 

  0x00000275ae8fa078: ;   {other}
  0x00000275ae8fa078: 0f1f 8400 | 6874 00a3 | ba45 ffff | ff48 8944 | 2428 6690 

  0x00000275ae8fa08c: ;   {runtime_call UncommonTrapBlob}
  0x00000275ae8fa08c: c5f8 77e8 

  0x00000275ae8fa090: ; ImmutableOopMap {[40]=Oop [72]=Oop }
                      ;*iflt {reexecute=1 rethrow=0 return_oop=0}
                      ; - (reexecute) java.lang.StringConcatHelper::checkOverflow@2
                      ; - java.lang.StringConcatHelper::mix@23
                      ; - java.lang.StringConcatHelper::simpleConcat@54
                      ; - java.lang.String::concat@11
                      ; - java.net.URLClassLoader$1::run@13
                      ; - java.net.URLClassLoader$1::run@1
  0x00000275ae8fa090: 6c99 49ff 

  0x00000275ae8fa094: ;   {other}
  0x00000275ae8fa094: 0f1f 8400 | 8474 00a4 | ba45 ffff | ff48 897c | 2430 6690 

  0x00000275ae8fa0a8: ;   {runtime_call UncommonTrapBlob}
  0x00000275ae8fa0a8: c5f8 77e8 

  0x00000275ae8fa0ac: ; ImmutableOopMap {[32]=Oop [72]=Oop }
                      ;*ifge {reexecute=1 rethrow=0 return_oop=0}
                      ; - (reexecute) java.lang.StringConcatHelper::newArray@13
                      ; - java.lang.StringConcatHelper::simpleConcat@61
                      ; - java.lang.String::concat@11
                      ; - java.net.URLClassLoader$1::run@13
                      ; - java.net.URLClassLoader$1::run@1
  0x00000275ae8fa0ac: 5099 49ff 

  0x00000275ae8fa0b0: ;   {other}
  0x00000275ae8fa0b0: 0f1f 8400 | a074 00a5 | 33ed 4585 | db40 0f95 | c5ba 45ff | ffff 4c8b | 5424 404c | 8954 2420 
  0x00000275ae8fa0d0: 4c8b 5424 | 484c 8954 | 2428 448b | 5424 5044 | 8954 2430 | 448b 5c24 | 5444 895c | 2434 4c8b 
  0x00000275ae8fa0f0: 5424 704c | 8954 2438 | 4c8b 5424 | 584c 8954 | 2440 448b | 5424 6c44 | 8954 2448 

  0x00000275ae8fa10c: ;   {runtime_call UncommonTrapBlob}
  0x00000275ae8fa10c: c5f8 77e8 

  0x00000275ae8fa110: ; ImmutableOopMap {[32]=Oop [40]=Oop [48]=NarrowOop [52]=NarrowOop [56]=Oop [72]=NarrowOop [96]=Oop [136]=Oop [144]=Oop }
                      ;*ifne {reexecute=1 rethrow=0 return_oop=0}
                      ; - (reexecute) java.lang.Package::isSealed@7
                      ; - java.net.URLClassLoader::getAndVerifyPackage@14
                      ; - java.net.URLClassLoader::defineClass@46
                      ; - java.net.URLClassLoader$1::run@43
                      ; - java.net.URLClassLoader$1::run@1
  0x00000275ae8fa110: ec98 49ff 

  0x00000275ae8fa114: ;   {other}
  0x00000275ae8fa114: 0f1f 8400 | 0475 00a6 | 33ed 4585 | d240 0f94 | c5ba 45ff | ffff 4c8b | 5424 404c | 8954 2420 
  0x00000275ae8fa134: 4c8b 5424 | 484c 8954 | 2428 448b | 5c24 5044 | 895c 2430 | 448b 5424 | 5444 8954 | 2434 4c8b 
  0x00000275ae8fa154: 5424 704c | 8954 2438 | 4c8b 5424 | 584c 8954 | 2440 448b | 5c24 6c44 | 895c 2448 | 4c8b 5424 
  0x00000275ae8fa174: 604c 8954 | 2458 448b | 5424 6844 | 8954 244c 

  0x00000275ae8fa184: ;   {runtime_call UncommonTrapBlob}
  0x00000275ae8fa184: c5f8 77e8 

  0x00000275ae8fa188: ; ImmutableOopMap {[32]=Oop [40]=Oop [48]=NarrowOop [52]=NarrowOop [56]=Oop [72]=NarrowOop [76]=NarrowOop [88]=Oop [136]=Oop [144]=Oop }
                      ;*ifeq {reexecute=1 rethrow=0 return_oop=0}
                      ; - (reexecute) java.lang.String::replace@9
                      ; - java.net.URLClassLoader::isSealed@9
                      ; - java.net.URLClassLoader::getAndVerifyPackage@68
                      ; - java.net.URLClassLoader::defineClass@46
                      ; - java.net.URLClassLoader$1::run@43
                      ; - java.net.URLClassLoader$1::run@1
  0x00000275ae8fa188: 7498 49ff 

  0x00000275ae8fa18c: ;   {other}
  0x00000275ae8fa18c: 0f1f 8400 | 7c75 00a7 | ba45 ffff | ff48 8b6c | 2440 4c8b | 5424 484c | 8954 2420 | 448b 5c24 
  0x00000275ae8fa1ac: 5044 895c | 2428 448b | 5424 5444 | 8954 242c | 4c8b 5424 | 704c 8954 | 2430 4c8b | 5424 584c 
  0x00000275ae8fa1cc: 8954 2438 | 448b 5c24 | 6c44 895c | 2440 4c8b | 5424 604c | 8954 2450 | 448b 5424 | 6844 8954 
  0x00000275ae8fa1ec: 2444 6690 

  0x00000275ae8fa1f0: ;   {runtime_call UncommonTrapBlob}
  0x00000275ae8fa1f0: c5f8 77e8 

  0x00000275ae8fa1f4: ; ImmutableOopMap {rbp=Oop [32]=Oop [40]=NarrowOop [44]=NarrowOop [48]=Oop [64]=NarrowOop [68]=NarrowOop [80]=Oop [136]=Oop [144]=Oop [216]=Oop }
                      ;*iflt {reexecute=1 rethrow=0 return_oop=0}
                      ; - (reexecute) java.lang.StringConcatHelper::checkOverflow@2
                      ; - java.lang.StringConcatHelper::mix@23
                      ; - java.lang.StringConcatHelper::simpleConcat@46
                      ; - java.lang.String::concat@11
                      ; - java.net.URLClassLoader::isSealed@15
                      ; - java.net.URLClassLoader::getAndVerifyPackage@68
                      ; - java.net.URLClassLoader::defineClass@46
                      ; - java.net.URLClassLoader$1::run@43
                      ; - java.net.URLClassLoader$1::run@1
  0x00000275ae8fa1f4: 0898 49ff 

  0x00000275ae8fa1f8: ;   {other}
  0x00000275ae8fa1f8: 0f1f 8400 | e875 00a8 | ba45 ffff | ff4c 8b54 | 2440 4c89 | 5424 204c | 8b54 2448 | 4c89 5424 
  0x00000275ae8fa218: 2844 8b54 | 2450 4489 | 5424 3044 | 8b5c 2454 | 4489 5c24 | 344c 8b54 | 2470 4c89 | 5424 384c 
  0x00000275ae8fa238: 8b54 2458 | 4c89 5424 | 4044 8b54 | 246c 4489 | 5424 484c | 8b54 2460 | 4c89 5424 | 5844 8b5c 
  0x00000275ae8fa258: 2468 4489 | 5c24 4c90 

  0x00000275ae8fa260: ;   {runtime_call UncommonTrapBlob}
  0x00000275ae8fa260: c5f8 77e8 

  0x00000275ae8fa264: ; ImmutableOopMap {[32]=Oop [40]=Oop [48]=NarrowOop [52]=NarrowOop [56]=Oop [72]=NarrowOop [76]=NarrowOop [88]=Oop [136]=Oop [144]=Oop [216]=Oop }
                      ;*iflt {reexecute=1 rethrow=0 return_oop=0}
                      ; - (reexecute) java.lang.StringConcatHelper::checkOverflow@2
                      ; - java.lang.StringConcatHelper::mix@23
                      ; - java.lang.StringConcatHelper::simpleConcat@54
                      ; - java.lang.String::concat@11
                      ; - java.net.URLClassLoader::isSealed@15
                      ; - java.net.URLClassLoader::getAndVerifyPackage@68
                      ; - java.net.URLClassLoader::defineClass@46
                      ; - java.net.URLClassLoader$1::run@43
                      ; - java.net.URLClassLoader$1::run@1
  0x00000275ae8fa264: 9897 49ff 

  0x00000275ae8fa268: ;   {other}
  0x00000275ae8fa268: 0f1f 8400 | 5876 00a9 | ba45 ffff | ff48 8b6c | 2440 4c8b | 5424 484c | 8954 2420 | 448b 5424 
  0x00000275ae8fa288: 5044 8954 | 2428 448b | 5c24 5444 | 895c 242c | 4c8b 5424 | 704c 8954 | 2430 4c8b | 5424 584c 
  0x00000275ae8fa2a8: 8954 2438 | 448b 5424 | 6c44 8954 | 2440 4c89 | 4c24 684c | 894c 2470 | 4889 4424 | 7844 8944 
  0x00000275ae8fa2c8: 2444 6690 

  0x00000275ae8fa2cc: ;   {runtime_call UncommonTrapBlob}
  0x00000275ae8fa2cc: c5f8 77e8 

  0x00000275ae8fa2d0: ; ImmutableOopMap {rbp=Oop [32]=Oop [40]=NarrowOop [44]=NarrowOop [48]=Oop [64]=NarrowOop [104]=Oop [112]=Oop [120]=Oop [136]=Oop [144]=Oop }
                      ;*ifle {reexecute=1 rethrow=0 return_oop=0}
                      ; - (reexecute) java.util.HashMap::getNode@14
                      ; - java.util.HashMap::get@2
                      ; - java.util.jar.Manifest::getAttributes@5
                      ; - java.util.jar.Manifest::getTrustedAttributes@2
                      ; - java.util.jar.JavaUtilJarAccessImpl::getTrustedAttributes@2
                      ; - java.net.URLClassLoader::isSealed@18
                      ; - java.net.URLClassLoader::getAndVerifyPackage@68
                      ; - java.net.URLClassLoader::defineClass@46
                      ; - java.net.URLClassLoader$1::run@43
                      ; - java.net.URLClassLoader$1::run@1
  0x00000275ae8fa2d0: 2c97 49ff 

  0x00000275ae8fa2d4: ;   {other}
  0x00000275ae8fa2d4: 0f1f 8400 | c476 00aa | ba45 ffff | ff48 8b6c | 2440 4c8b | 5424 484c | 8954 2420 | 448b 5c24 
  0x00000275ae8fa2f4: 5044 895c | 2428 448b | 5424 5444 | 8954 242c | 4c8b 5424 | 584c 8954 | 2438 448b | 5c24 6c44 
  0x00000275ae8fa314: 895c 2440 | 4c89 4c24 | 504c 8944 | 2468 895c | 2444 6690 

  0x00000275ae8fa328: ;   {runtime_call UncommonTrapBlob}
  0x00000275ae8fa328: c5f8 77e8 

  0x00000275ae8fa32c: ; ImmutableOopMap {rbp=Oop [32]=Oop [40]=NarrowOop [44]=NarrowOop [64]=NarrowOop [80]=Oop [104]=Oop [112]=Oop [136]=Oop [144]=Oop }
                      ;*ifle {reexecute=1 rethrow=0 return_oop=0}
                      ; - (reexecute) java.util.HashMap::getNode@14
                      ; - java.util.LinkedHashMap::get@2
                      ; - java.util.jar.Attributes::get@5
                      ; - java.util.jar.Attributes::getValue@2
                      ; - java.net.URLClassLoader::isSealed@58
                      ; - java.net.URLClassLoader::getAndVerifyPackage@68
                      ; - java.net.URLClassLoader::defineClass@46
                      ; - java.net.URLClassLoader$1::run@43
                      ; - java.net.URLClassLoader$1::run@1
  0x00000275ae8fa32c: d096 49ff 

  0x00000275ae8fa330: ;   {other}
  0x00000275ae8fa330: 0f1f 8400 | 2077 00ab | ba45 ffff | ff48 8b6c | 2440 4c8b | 5c24 484c | 895c 2420 | 448b 5c24 
  0x00000275ae8fa350: 5044 895c | 2428 448b | 4424 5444 | 8944 242c | 4c8b 5c24 | 704c 895c | 2430 4c8b | 5c24 584c 
  0x00000275ae8fa370: 895c 2438 | 448b 5c24 | 6c44 895c | 2440 4489 | 5424 6c90 

  0x00000275ae8fa384: ;   {runtime_call UncommonTrapBlob}
  0x00000275ae8fa384: c5f8 77e8 

  0x00000275ae8fa388: ; ImmutableOopMap {rbp=Oop [32]=Oop [40]=NarrowOop [44]=NarrowOop [48]=Oop [64]=NarrowOop [96]=Oop [104]=NarrowOop [136]=Oop }
                      ;*ifle {reexecute=1 rethrow=0 return_oop=0}
                      ; - (reexecute) java.util.concurrent.ConcurrentHashMap::get@23
                      ; - java.lang.ClassLoader::definePackage@47
                      ; - java.lang.ClassLoader::getDefinedPackage@32
                      ; - java.net.URLClassLoader::getAndVerifyPackage@2
                      ; - java.net.URLClassLoader::defineClass@46
                      ; - java.net.URLClassLoader$1::run@43
                      ; - java.net.URLClassLoader$1::run@1
  0x00000275ae8fa388: 7496 49ff 

  0x00000275ae8fa38c: ;   {other}
  0x00000275ae8fa38c: 0f1f 8400 | 7c77 00ac | ba45 ffff | ff4c 8b54 | 2440 4c89 | 5424 204c | 8b54 2448 | 4c89 5424 
  0x00000275ae8fa3ac: 2844 8b5c | 2450 4489 | 5c24 3044 | 8b54 2454 | 4489 5424 | 344c 8b54 | 2470 4c89 | 5424 384c 
  0x00000275ae8fa3cc: 8b54 2458 | 4c89 5424 | 4044 8b5c | 246c 4489 | 5c24 4890 

  0x00000275ae8fa3e0: ;   {runtime_call UncommonTrapBlob}
  0x00000275ae8fa3e0: c5f8 77e8 

  0x00000275ae8fa3e4: ; ImmutableOopMap {rbp=NarrowOop [32]=Oop [40]=Oop [48]=NarrowOop [52]=NarrowOop [56]=Oop [72]=NarrowOop [96]=Oop [136]=Oop [144]=Oop }
                      ;*ifnull {reexecute=1 rethrow=0 return_oop=0}
                      ; - (reexecute) java.lang.Package::isSealed@17
                      ; - java.net.URLClassLoader::getAndVerifyPackage@14
                      ; - java.net.URLClassLoader::defineClass@46
                      ; - java.net.URLClassLoader$1::run@43
                      ; - java.net.URLClassLoader$1::run@1
  0x00000275ae8fa3e4: 1896 49ff 

  0x00000275ae8fa3e8: ;   {other}
  0x00000275ae8fa3e8: 0f1f 8400 | d877 00ad | ba45 ffff | ff48 8b6c | 2440 4c8b | 5424 484c | 8954 2420 | 448b 5424 
  0x00000275ae8fa408: 5044 8954 | 2428 448b | 5c24 5444 | 895c 242c | 4c8b 5424 | 584c 8954 | 2438 448b | 5424 6c44 
  0x00000275ae8fa428: 8954 2440 | 4c8b 5424 | 604c 8954 | 2458 6690 

  0x00000275ae8fa438: ;   {runtime_call UncommonTrapBlob}
  0x00000275ae8fa438: c5f8 77e8 

  0x00000275ae8fa43c: ; ImmutableOopMap {rbp=Oop [32]=Oop [40]=NarrowOop [44]=NarrowOop [64]=NarrowOop [88]=Oop [96]=Oop [112]=Oop [136]=Oop [144]=Oop }
                      ;*ifnull {reexecute=1 rethrow=0 return_oop=0}
                      ; - (reexecute) java.net.URLClassLoader::getAndVerifyPackage@62
                      ; - java.net.URLClassLoader::defineClass@46
                      ; - java.net.URLClassLoader$1::run@43
                      ; - java.net.URLClassLoader$1::run@1
  0x00000275ae8fa43c: c095 49ff 

  0x00000275ae8fa440: ;   {other}
  0x00000275ae8fa440: 0f1f 8400 | 3078 00ae | ba45 ffff | ff48 8b6c | 2440 4c8b | 5c24 484c | 895c 2420 | 448b 5c24 
  0x00000275ae8fa460: 5044 895c | 2428 448b | 4424 5444 | 8944 242c | 4c8b 5c24 | 704c 895c | 2430 4c8b | 5c24 584c 
  0x00000275ae8fa480: 895c 2438 | 448b 4424 | 6c44 8944 | 2440 4c8b | 5c24 604c | 895c 2450 | 4c8b 9c24 | 8800 0000 
  0x00000275ae8fa4a0: 4c89 5c24 | 5844 8b5c | 2468 4489 | 5c24 444c | 8994 2480 | 0000 0090 

  0x00000275ae8fa4b8: ;   {runtime_call UncommonTrapBlob}
  0x00000275ae8fa4b8: c5f8 77e8 

  0x00000275ae8fa4bc: ; ImmutableOopMap {rbp=Oop [32]=Oop [40]=NarrowOop [44]=NarrowOop [48]=Oop [64]=NarrowOop [68]=NarrowOop [80]=Oop [88]=Oop [144]=Oop [216]=Oop }
                      ;*ifge {reexecute=1 rethrow=0 return_oop=0}
                      ; - (reexecute) java.lang.StringConcatHelper::newArray@13
                      ; - java.lang.StringConcatHelper::simpleConcat@61
                      ; - java.lang.String::concat@11
                      ; - java.net.URLClassLoader::isSealed@15
                      ; - java.net.URLClassLoader::getAndVerifyPackage@68
                      ; - java.net.URLClassLoader::defineClass@46
                      ; - java.net.URLClassLoader$1::run@43
                      ; - java.net.URLClassLoader$1::run@1
  0x00000275ae8fa4bc: 4095 49ff 

  0x00000275ae8fa4c0: ;   {other}
  0x00000275ae8fa4c0: 0f1f 8400 | b078 00af | baf6 ffff | ff48 8b6c | 2440 4c8b | 5424 484c | 8954 2428 | 448b 5424 
  0x00000275ae8fa4e0: 5444 8954 | 2424 4889 | 7424 4848 | 895c 2450 | 4489 4c24 | 4466 6690 

  0x00000275ae8fa4f8: ;   {runtime_call UncommonTrapBlob}
  0x00000275ae8fa4f8: c5f8 77e8 

  0x00000275ae8fa4fc: ; ImmutableOopMap {rbp=Oop [32]=NarrowOop [36]=NarrowOop [40]=Oop [72]=Oop [80]=Oop [108]=NarrowOop }
                      ;*invokevirtual close {reexecute=0 rethrow=0 return_oop=0}
                      ; - jdk.internal.loader.Resource::getBytes@183
                      ; - jdk.internal.loader.URLClassPath$JarLoader$2::getBytes@1
                      ; - java.net.URLClassLoader::defineClass@179
                      ; - java.net.URLClassLoader$1::run@43
                      ; - java.net.URLClassLoader$1::run@1
  0x00000275ae8fa4fc: 0095 49ff 

  0x00000275ae8fa500: ;   {other}
  0x00000275ae8fa500: 0f1f 8400 | f078 00b0 | baf6 ffff | ff48 8b6c | 2440 4c8b | 5424 484c | 8954 2420 | 448b 5424 
  0x00000275ae8fa520: 5044 8954 | 2428 448b | 5c24 5444 | 895c 242c | 4c8b 5424 | 584c 8954 | 2438 4c8b | 5424 604c 
  0x00000275ae8fa540: 8954 2450 | 4c89 4c24 | 6066 6690 

  0x00000275ae8fa54c: ;   {runtime_call UncommonTrapBlob}
  0x00000275ae8fa54c: c5f8 77e8 

  0x00000275ae8fa550: ; ImmutableOopMap {rbp=Oop [32]=Oop [40]=NarrowOop [44]=NarrowOop [80]=Oop [96]=Oop [108]=NarrowOop [112]=Oop [136]=Oop }
                      ;*invokevirtual compute {reexecute=0 rethrow=0 return_oop=0}
                      ; - java.lang.ClassLoader::definePackage@78
                      ; - java.lang.ClassLoader::getDefinedPackage@32
                      ; - java.net.URLClassLoader::getAndVerifyPackage@2
                      ; - java.net.URLClassLoader::defineClass@46
                      ; - java.net.URLClassLoader$1::run@43
                      ; - java.net.URLClassLoader$1::run@1
  0x00000275ae8fa550: ac94 49ff 

  0x00000275ae8fa554: ;   {other}
  0x00000275ae8fa554: 0f1f 8400 | 4479 00b1 | ba45 ffff | ff4c 8b54 | 2440 498b | ea4c 8b54 | 2448 4c89 | 5424 2844 
  0x00000275ae8fa574: 8b54 2450 | 4489 5424 | 3044 8b5c | 2454 4489 | 5c24 344c | 8b54 2470 | 4c89 5424 | 384c 8b54 
  0x00000275ae8fa594: 2458 4c89 | 5424 4044 | 8b54 246c | 4489 5424 | 4848 8944 | 2470 6690 

  0x00000275ae8fa5ac: ;   {runtime_call UncommonTrapBlob}
  0x00000275ae8fa5ac: c5f8 77e8 

  0x00000275ae8fa5b0: ; ImmutableOopMap {rbp=Oop [32]=Oop [40]=Oop [48]=NarrowOop [52]=NarrowOop [56]=Oop [72]=NarrowOop [112]=Oop [136]=Oop [144]=Oop }
                      ;*ifnonnull {reexecute=1 rethrow=0 return_oop=0}
                      ; - (reexecute) java.net.URLClassLoader::isSealed@42
                      ; - java.net.URLClassLoader::getAndVerifyPackage@68
                      ; - java.net.URLClassLoader::defineClass@46
                      ; - java.net.URLClassLoader$1::run@43
                      ; - java.net.URLClassLoader$1::run@1
  0x00000275ae8fa5b0: 4c94 49ff 

  0x00000275ae8fa5b4: ;   {other}
  0x00000275ae8fa5b4: 0f1f 8400 | a479 00b2 | ba45 ffff | ff48 8b4c | 2440 488b | e948 8b4c | 2448 4889 | 4c24 2044 
  0x00000275ae8fa5d4: 8954 2428 | 8b4c 2454 | 894c 242c | 4c8b 5424 | 584c 8954 | 2438 448b | 5424 6c44 | 8954 2440 
  0x00000275ae8fa5f4: 4c89 5c24 | 484c 895c | 2450 4489 | 4c24 6444 | 8944 2468 | 4489 4424 | 6c66 6690 

  0x00000275ae8fa610: ;   {runtime_call UncommonTrapBlob}
  0x00000275ae8fa610: c5f8 77e8 

  0x00000275ae8fa614: ; ImmutableOopMap {rbp=Oop [32]=Oop [40]=NarrowOop [44]=NarrowOop [64]=NarrowOop [72]=Oop [80]=Oop [100]=NarrowOop [104]=NarrowOop [108]=NarrowOop }
                      ;*ifnonnull {reexecute=1 rethrow=0 return_oop=0}
                      ; - (reexecute) java.util.Objects::requireNonNull@1
                      ; - java.util.jar.JarFile::getInputStream@4
                      ; - jdk.internal.loader.URLClassPath$JarLoader$2::getInputStream@11
                      ; - jdk.internal.loader.Resource::cachedInputStream@9
                      ; - jdk.internal.loader.Resource::getByteBuffer@1
                      ; - java.net.URLClassLoader::defineClass@132
                      ; - java.net.URLClassLoader$1::run@43
                      ; - java.net.URLClassLoader$1::run@1
  0x00000275ae8fa614: e893 49ff 

  0x00000275ae8fa618: ;   {other}
  0x00000275ae8fa618: 0f1f 8400 | 087a 00b3 | ba45 ffff | ff4c 8b5c | 2440 498b | eb4c 8b5c | 2448 4c89 | 5c24 2844 
  0x00000275ae8fa638: 8b5c 2454 | 4489 5c24 | 244c 8b5c | 2458 4c89 | 5c24 3844 | 8b5c 246c | 4489 5c24 | 4048 8974 
  0x00000275ae8fa658: 2448 4889 | 7424 5044 | 8954 2474 | 4489 4424 | 7844 8944 | 247c 6690 

  0x00000275ae8fa670: ;   {runtime_call UncommonTrapBlob}
  0x00000275ae8fa670: c5f8 77e8 

  0x00000275ae8fa674: ; ImmutableOopMap {rbp=Oop [32]=NarrowOop [36]=NarrowOop [40]=Oop [64]=NarrowOop [72]=Oop [80]=Oop [116]=NarrowOop [120]=NarrowOop [124]=NarrowOop }
                      ;*ifnonnull {reexecute=1 rethrow=0 return_oop=0}
                      ; - (reexecute) java.util.Objects::requireNonNull@1
                      ; - java.util.jar.JarFile::getInputStream@4
                      ; - jdk.internal.loader.URLClassPath$JarLoader$2::getInputStream@11
                      ; - jdk.internal.loader.Resource::cachedInputStream@9
                      ; - jdk.internal.loader.Resource::getBytes@1
                      ; - jdk.internal.loader.URLClassPath$JarLoader$2::getBytes@1
                      ; - java.net.URLClassLoader::defineClass@179
                      ; - java.net.URLClassLoader$1::run@43
                      ; - java.net.URLClassLoader$1::run@1
  0x00000275ae8fa674: 8893 49ff 

  0x00000275ae8fa678: ;   {other}
  0x00000275ae8fa678: 0f1f 8400 | 687a 00b4 | 897c 2430 | 4889 5c24 

  0x00000275ae8fa688: ;   {metadata('java/lang/InternalError')}
  0x00000275ae8fa688: 2048 ba38 | 0701 bb75 

  0x00000275ae8fa690: ;   {oop([B{0x0000000080334c70})}
  0x00000275ae8fa690: 0200 0048 | bd70 4c33 | 8000 0000 

  0x00000275ae8fa69c: ;   {oop([B{0x00000000805ec220})}
  0x00000275ae8fa69c: 0049 ba20 | c25e 8000 | 0000 004c | 8954 2450 

  0x00000275ae8fa6ac: ;   {oop([B{0x00000000805ec240})}
  0x00000275ae8fa6ac: 49ba 40c2 | 5e80 0000 | 0000 4c89 | 5424 5890 

  0x00000275ae8fa6bc: ;   {runtime_call _new_instance_Java}
  0x00000275ae8fa6bc: c5f8 77e8 

  0x00000275ae8fa6c0: ; ImmutableOopMap {rbp=Oop [64]=Derived_oop_rbp [72]=Oop [80]=Oop [40]=Derived_oop_[80] [88]=Oop [56]=Derived_oop_[88] }
                      ;*new {reexecute=0 rethrow=0 return_oop=1}
                      ; - java.lang.StringConcatHelper::newString@34
                      ; - java.lang.StringConcatHelper::simpleConcat@90
                      ; - java.lang.String::concat@11
                      ; - java.net.URLClassLoader$1::run@13
                      ; - java.net.URLClassLoader$1::run@1
  0x00000275ae8fa6c0: 3c52 4bff 

  0x00000275ae8fa6c4: ;   {other}
  0x00000275ae8fa6c4: 0f1f 8400 | b47a 00b5 | 488b 5c24 | 208b 7c24 | 30e9 9ed0 | ffff 4c89 | 6c24 6889 | 7424 604c 
  0x00000275ae8fa6e4: 8b54 2430 | 4c89 5424 | 5089 7c24 | 3048 895c 

  0x00000275ae8fa6f4: ;   {metadata({type array byte})}
  0x00000275ae8fa6f4: 2420 48ba | 1823 00bb | 7502 0000 

  0x00000275ae8fa700: ;   {oop([B{0x0000000080334c70})}
  0x00000275ae8fa700: 48bd 704c | 3380 0000 

  0x00000275ae8fa708: ;   {oop([B{0x00000000805ec220})}
  0x00000275ae8fa708: 0000 49ba | 20c2 5e80 | 0000 0000 | 4c89 5424 

  0x00000275ae8fa718: ;   {oop([B{0x00000000805ec240})}
  0x00000275ae8fa718: 7049 ba40 | c25e 8000 | 0000 004c | 8954 2478 

  0x00000275ae8fa728: ;   {runtime_call _new_array_Java}
  0x00000275ae8fa728: c5f8 77e8 

  0x00000275ae8fa72c: ; ImmutableOopMap {rbp=Oop [64]=Derived_oop_rbp [72]=Oop [80]=Oop [112]=Oop [40]=Derived_oop_[112] [120]=Oop [56]=Derived_oop_[120] }
                      ;*new {reexecute=1 rethrow=0 return_oop=1}
                      ; - (reexecute) java.lang.StringConcatHelper::newString@38
                      ; - java.lang.StringConcatHelper::simpleConcat@90
                      ; - java.lang.String::concat@11
                      ; - java.net.URLClassLoader$1::run@13
                      ; - java.net.URLClassLoader$1::run@1
  0x00000275ae8fa72c: d04e 4bff 

  0x00000275ae8fa730: ;   {other}
  0x00000275ae8fa730: 0f1f 8400 | 207b 00b6 | 488b 5c24 | 208b 7c24 | 304c 8b5c | 2450 4c89 | 5c24 3048 | 8be8 8b74 
  0x00000275ae8fa750: 2460 4c8b | 6c24 68e9 | fdd0 ffff 

  0x00000275ae8fa75c: ;   {metadata('java/lang/String')}
  0x00000275ae8fa75c: 48ba 78e8 | 00bb 7502 | 0000 4889 | 5c24 2890 

  0x00000275ae8fa76c: ;   {runtime_call _new_instance_Java}
  0x00000275ae8fa76c: c5f8 77e8 

  0x00000275ae8fa770: ; ImmutableOopMap {rbp=Oop [48]=Oop [72]=Oop }
                      ;*new {reexecute=1 rethrow=0 return_oop=1}
                      ; - (reexecute) java.lang.StringConcatHelper::newString@38
                      ; - java.lang.StringConcatHelper::simpleConcat@90
                      ; - java.lang.String::concat@11
                      ; - java.net.URLClassLoader$1::run@13
                      ; - java.net.URLClassLoader$1::run@1
  0x00000275ae8fa770: 8c51 4bff 

  0x00000275ae8fa774: ;   {other}
  0x00000275ae8fa774: 0f1f 8400 | 647b 00b7 | 4c8b c0e9 | 03d2 ffff 

  0x00000275ae8fa784: ;   {metadata('java/lang/String')}
  0x00000275ae8fa784: 488b ee48 | ba78 e800 | bb75 0200 | 0066 6690 

  0x00000275ae8fa794: ;   {runtime_call _new_instance_Java}
  0x00000275ae8fa794: c5f8 77e8 

  0x00000275ae8fa798: ; ImmutableOopMap {rbp=Oop [64]=Oop [72]=Oop [80]=Oop [96]=Oop [108]=NarrowOop [112]=Oop [120]=Oop [128]=Oop [136]=Oop [144]=Oop [160]=Oop }
                      ;*new {reexecute=1 rethrow=0 return_oop=1}
                      ; - (reexecute) java.lang.StringConcatHelper::newString@38
                      ; - java.lang.StringConcatHelper::simpleConcat@90
                      ; - java.lang.String::concat@11
                      ; - java.net.URLClassLoader::isSealed@15
                      ; - java.net.URLClassLoader::getAndVerifyPackage@68
                      ; - java.net.URLClassLoader::defineClass@46
                      ; - java.net.URLClassLoader$1::run@43
                      ; - java.net.URLClassLoader$1::run@1
  0x00000275ae8fa798: 6451 4bff 

  0x00000275ae8fa79c: ;   {other}
  0x00000275ae8fa79c: 0f1f 8400 | 8c7b 00b8 | 488b f5e9 | bcd4 ffff | 4889 9c24 | d000 0000 | 897c 2468 

  0x00000275ae8fa7b8: ;   {metadata({type array byte})}
  0x00000275ae8fa7b8: 48ba 1823 | 00bb 7502 

  0x00000275ae8fa7c0: ;   {oop([B{0x0000000080334c70})}
  0x00000275ae8fa7c0: 0000 48bd | 704c 3380 | 0000 0000 

  0x00000275ae8fa7cc: ;   {oop([B{0x00000000805ec220})}
  0x00000275ae8fa7cc: 49ba 20c2 | 5e80 0000 | 0000 4c89 | 9424 d800 

  0x00000275ae8fa7dc: ;   {oop([B{0x00000000805ec240})}
  0x00000275ae8fa7dc: 0000 49ba | 40c2 5e80 | 0000 0000 | 4c89 9424 | e000 0000 

  0x00000275ae8fa7f0: ;   {runtime_call _new_array_Java}
  0x00000275ae8fa7f0: c5f8 77e8 

  0x00000275ae8fa7f4: ; ImmutableOopMap {rbp=Oop [56]=Derived_oop_rbp [64]=Oop [72]=Oop [80]=Oop [96]=Oop [108]=NarrowOop [112]=Oop [120]=Oop [128]=Oop [136]=Oop [144]=Oop [160]=Oop [216]=Oop [32]=Derived_oop_[216] [224]=Oop [40]=Derived_oop_[224] }
                      ;*new {reexecute=1 rethrow=0 return_oop=1}
                      ; - (reexecute) java.lang.StringConcatHelper::newString@38
                      ; - java.lang.StringConcatHelper::simpleConcat@90
                      ; - java.lang.String::concat@11
                      ; - java.net.URLClassLoader::isSealed@15
                      ; - java.net.URLClassLoader::getAndVerifyPackage@68
                      ; - java.net.URLClassLoader::defineClass@46
                      ; - java.net.URLClassLoader$1::run@43
                      ; - java.net.URLClassLoader$1::run@1
  0x00000275ae8fa7f4: 084e 4bff 

  0x00000275ae8fa7f8: ;   {other}
  0x00000275ae8fa7f8: 0f1f 8400 | e87b 00b9 | 4c8b d08b | 7c24 6848 | 8b9c 24d0 | 0000 00e9 | 06d3 ffff 

  0x00000275ae8fa814: ;   {metadata('java/lang/InternalError')}
  0x00000275ae8fa814: 48ba 3807 | 01bb 7502 

  0x00000275ae8fa81c: ;   {oop([B{0x0000000080334c70})}
  0x00000275ae8fa81c: 0000 48bd | 704c 3380 | 0000 0000 

  0x00000275ae8fa828: ;   {oop([B{0x00000000805ec220})}
  0x00000275ae8fa828: 49ba 20c2 | 5e80 0000 | 0000 4c89 | 9424 d000 

  0x00000275ae8fa838: ;   {oop([B{0x00000000805ec240})}
  0x00000275ae8fa838: 0000 49ba | 40c2 5e80 | 0000 0000 | 4c89 9424 | d800 0000 

  0x00000275ae8fa84c: ;   {runtime_call _new_instance_Java}
  0x00000275ae8fa84c: c5f8 77e8 

  0x00000275ae8fa850: ; ImmutableOopMap {rbp=Oop [56]=Derived_oop_rbp [64]=Oop [72]=Oop [96]=Oop [108]=NarrowOop [112]=Oop [120]=Oop [128]=Oop [136]=Oop [144]=Oop [160]=Oop [208]=Oop [32]=Derived_oop_[208] [216]=Oop [40]=Derived_oop_[216] }
                      ;*new {reexecute=0 rethrow=0 return_oop=1}
                      ; - java.lang.StringConcatHelper::newString@34
                      ; - java.lang.StringConcatHelper::simpleConcat@90
                      ; - java.lang.String::concat@11
                      ; - java.net.URLClassLoader::isSealed@15
                      ; - java.net.URLClassLoader::getAndVerifyPackage@68
                      ; - java.net.URLClassLoader::defineClass@46
                      ; - java.net.URLClassLoader$1::run@43
                      ; - java.net.URLClassLoader$1::run@1
  0x00000275ae8fa850: ac50 4bff 

  0x00000275ae8fa854: ;   {other}
  0x00000275ae8fa854: 0f1f 8400 | 447c 00ba | e9c6 d1ff 

  0x00000275ae8fa860: ;   {metadata('java/lang/String')}
  0x00000275ae8fa860: ff48 ba78 | e800 bb75 | 0200 0048 | 8b6c 2440 

  0x00000275ae8fa870: ;   {runtime_call _new_instance_Java}
  0x00000275ae8fa870: c5f8 77e8 

  0x00000275ae8fa874: ; ImmutableOopMap {rbp=Oop [48]=Oop [64]=Oop [72]=Oop [80]=NarrowOop [84]=NarrowOop [96]=Oop [104]=NarrowOop [108]=NarrowOop [112]=Oop [120]=Oop [128]=Oop [136]=Oop [144]=Oop [160]=Oop }
                      ;*new {reexecute=0 rethrow=0 return_oop=1}
                      ; - java.lang.StringConcatHelper::simpleConcat@17
                      ; - java.lang.String::concat@11
                      ; - java.net.URLClassLoader::isSealed@15
                      ; - java.net.URLClassLoader::getAndVerifyPackage@68
                      ; - java.net.URLClassLoader::defineClass@46
                      ; - java.net.URLClassLoader$1::run@43
                      ; - java.net.URLClassLoader$1::run@1
  0x00000275ae8fa874: 8850 4bff 

  0x00000275ae8fa878: ;   {other}
  0x00000275ae8fa878: 0f1f 8400 | 687c 00bb | e9c7 d4ff | ffba 45ff | ffff 4c8b | 5424 404c | 8954 2420 | 4c8b 5424 
  0x00000275ae8fa898: 484c 8954 | 2428 448b | 5424 5044 | 8954 2430 | 448b 5c24 | 5444 895c | 2434 4c8b | 5424 704c 
  0x00000275ae8fa8b8: 8954 2438 | 4c8b 5424 | 584c 8954 | 2440 448b | 5424 6c44 | 8954 2448 

  0x00000275ae8fa8d0: ;   {runtime_call UncommonTrapBlob}
  0x00000275ae8fa8d0: c5f8 77e8 

  0x00000275ae8fa8d4: ; ImmutableOopMap {[32]=Oop [40]=Oop [48]=NarrowOop [52]=NarrowOop [56]=Oop [72]=NarrowOop [96]=Oop [136]=Oop [144]=NarrowOop }
                      ;*ifge {reexecute=1 rethrow=0 return_oop=0}
                      ; - (reexecute) java.util.concurrent.ConcurrentHashMap::get@86
                      ; - java.lang.ClassLoader::getDefinedPackage@13
                      ; - java.net.URLClassLoader::getAndVerifyPackage@2
                      ; - java.net.URLClassLoader::defineClass@46
                      ; - java.net.URLClassLoader$1::run@43
                      ; - java.net.URLClassLoader$1::run@1
  0x00000275ae8fa8d4: 2891 49ff 

  0x00000275ae8fa8d8: ;   {other}
  0x00000275ae8fa8d8: 0f1f 8400 | c87c 00bc | ba45 ffff | ff4c 8b54 | 2440 4c89 | 5424 204c | 8b54 2448 | 4c89 5424 
  0x00000275ae8fa8f8: 2844 8b5c | 2450 4489 | 5c24 3044 | 8b54 2454 | 4489 5424 | 344c 8b54 | 2470 4c89 | 5424 384c 
  0x00000275ae8fa918: 8b54 2458 | 4c89 5424 | 4044 8b5c | 246c 4489 | 5c24 5490 

  0x00000275ae8fa92c: ;   {runtime_call UncommonTrapBlob}
  0x00000275ae8fa92c: c5f8 77e8 

  0x00000275ae8fa930: ; ImmutableOopMap {rbp=NarrowOop [32]=Oop [40]=Oop [48]=NarrowOop [52]=NarrowOop [56]=Oop [84]=NarrowOop [96]=Oop [136]=Oop [144]=NarrowOop }
                      ;*ifnull {reexecute=1 rethrow=0 return_oop=0}
                      ; - (reexecute) java.util.concurrent.ConcurrentHashMap::get@67
                      ; - java.lang.ClassLoader::getDefinedPackage@13
                      ; - java.net.URLClassLoader::getAndVerifyPackage@2
                      ; - java.net.URLClassLoader::defineClass@46
                      ; - java.net.URLClassLoader$1::run@43
                      ; - java.net.URLClassLoader$1::run@1
  0x00000275ae8fa930: cc90 49ff 

  0x00000275ae8fa934: ;   {other}
  0x00000275ae8fa934: 0f1f 8400 | 247d 00bd | ba45 ffff | ff4c 8b54 | 2440 4c89 | 5424 204c | 8b54 2448 | 4c89 5424 
  0x00000275ae8fa954: 2844 8b5c | 2450 4489 | 5c24 3044 | 8b54 2454 | 4489 5424 | 344c 8b54 | 2470 4c89 | 5424 384c 
  0x00000275ae8fa974: 8b54 2458 | 4c89 5424 | 4044 8b5c | 246c 4489 | 5c24 4890 

  0x00000275ae8fa988: ;   {runtime_call UncommonTrapBlob}
  0x00000275ae8fa988: c5f8 77e8 

  0x00000275ae8fa98c: ; ImmutableOopMap {[32]=Oop [40]=Oop [48]=NarrowOop [52]=NarrowOop [56]=Oop [72]=NarrowOop [96]=Oop [104]=NarrowOop [136]=Oop [148]=NarrowOop }
                      ;*ifge {reexecute=1 rethrow=0 return_oop=0}
                      ; - (reexecute) java.util.concurrent.ConcurrentHashMap::get@86
                      ; - java.lang.ClassLoader::definePackage@47
                      ; - java.lang.ClassLoader::getDefinedPackage@32
                      ; - java.net.URLClassLoader::getAndVerifyPackage@2
                      ; - java.net.URLClassLoader::defineClass@46
                      ; - java.net.URLClassLoader$1::run@43
                      ; - java.net.URLClassLoader$1::run@1
  0x00000275ae8fa98c: 7090 49ff 

  0x00000275ae8fa990: ;   {other}
  0x00000275ae8fa990: 0f1f 8400 | 807d 00be | ba45 ffff | ff4c 8b54 | 2440 4c89 | 5424 204c | 8b54 2448 | 4c89 5424 
  0x00000275ae8fa9b0: 2844 8b54 | 2450 4489 | 5424 3044 | 8b5c 2454 | 4489 5c24 | 344c 8b54 | 2470 4c89 | 5424 384c 
  0x00000275ae8fa9d0: 8b54 2458 | 4c89 5424 | 4044 8b54 | 246c 4489 | 5424 4890 

  0x00000275ae8fa9e4: ;   {runtime_call UncommonTrapBlob}
  0x00000275ae8fa9e4: c5f8 77e8 

  0x00000275ae8fa9e8: ; ImmutableOopMap {rbp=NarrowOop [32]=Oop [40]=Oop [48]=NarrowOop [52]=NarrowOop [56]=Oop [72]=NarrowOop [96]=Oop [104]=NarrowOop [136]=Oop [148]=NarrowOop }
                      ;*ifnull {reexecute=1 rethrow=0 return_oop=0}
                      ; - (reexecute) java.util.concurrent.ConcurrentHashMap::get@67
                      ; - java.lang.ClassLoader::definePackage@47
                      ; - java.lang.ClassLoader::getDefinedPackage@32
                      ; - java.net.URLClassLoader::getAndVerifyPackage@2
                      ; - java.net.URLClassLoader::defineClass@46
                      ; - java.net.URLClassLoader$1::run@43
                      ; - java.net.URLClassLoader$1::run@1
  0x00000275ae8fa9e8: 1490 49ff 

  0x00000275ae8fa9ec: ;   {other}
  0x00000275ae8fa9ec: 0f1f 8400 | dc7d 00bf | ba45 ffff | ff48 8b6c | 2440 4c8b | 5c24 484c | 895c 2420 | 448b 5c24 
  0x00000275ae8faa0c: 5044 895c | 2428 448b | 4424 5444 | 8944 242c | 4c8b 5c24 | 704c 895c | 2430 4c8b | 5c24 584c 
  0x00000275ae8faa2c: 895c 2438 | 448b 5c24 | 6c44 895c | 2440 4c8b | 9c24 8800 | 0000 4c89 | 5c24 584c | 894c 2468 
  0x00000275ae8faa4c: 4c89 4c24 | 7048 898c | 2480 0000 | 0089 5c24 | 4444 8994 | 2488 0000 | 0066 6690 

  0x00000275ae8faa68: ;   {runtime_call UncommonTrapBlob}
  0x00000275ae8faa68: c5f8 77e8 

  0x00000275ae8faa6c: ; ImmutableOopMap {rbp=Oop [32]=Oop [40]=NarrowOop [44]=NarrowOop [48]=Oop [64]=NarrowOop [68]=NarrowOop [88]=Oop [104]=Oop [112]=Oop [128]=Oop [144]=Oop }
                      ;*ifeq {reexecute=1 rethrow=0 return_oop=0}
                      ; - (reexecute) java.util.HashMap::getNode@85
                      ; - java.util.HashMap::get@2
                      ; - java.util.jar.Manifest::getAttributes@5
                      ; - java.util.jar.Manifest::getTrustedAttributes@2
                      ; - java.util.jar.JavaUtilJarAccessImpl::getTrustedAttributes@2
                      ; - java.net.URLClassLoader::isSealed@18
                      ; - java.net.URLClassLoader::getAndVerifyPackage@68
                      ; - java.net.URLClassLoader::defineClass@46
                      ; - java.net.URLClassLoader$1::run@43
                      ; - java.net.URLClassLoader$1::run@1
  0x00000275ae8faa6c: 908f 49ff 

  0x00000275ae8faa70: ;   {other}
  0x00000275ae8faa70: 0f1f 8400 | 607e 00c0 | ba45 ffff | ff48 8b6c | 2440 4c8b | 5424 484c | 8954 2420 | 448b 5424 
  0x00000275ae8faa90: 5044 8954 | 2428 8b5c | 2454 895c | 242c 4c8b | 5424 704c | 8954 2430 | 4c8b 5424 | 584c 8954 
  0x00000275ae8faab0: 2438 448b | 5424 6c44 | 8954 2440 | 4c89 4c24 | 504c 8944 | 2468 894c | 2444 4489 | 5c24 7090 
  0x00000275ae8faad0: ;   {runtime_call UncommonTrapBlob}
  0x00000275ae8faad0: c5f8 77e8 

  0x00000275ae8faad4: ; ImmutableOopMap {rbp=Oop [32]=Oop [40]=NarrowOop [44]=NarrowOop [48]=Oop [64]=NarrowOop [68]=NarrowOop [80]=Oop [104]=Oop [136]=Oop [144]=Oop }
                      ;*ifeq {reexecute=1 rethrow=0 return_oop=0}
                      ; - (reexecute) java.util.HashMap::getNode@85
                      ; - java.util.LinkedHashMap::get@2
                      ; - java.util.jar.Attributes::get@5
                      ; - java.util.jar.Attributes::getValue@2
                      ; - java.net.URLClassLoader::isSealed@58
                      ; - java.net.URLClassLoader::getAndVerifyPackage@68
                      ; - java.net.URLClassLoader::defineClass@46
                      ; - java.net.URLClassLoader$1::run@43
                      ; - java.net.URLClassLoader$1::run@1
  0x00000275ae8faad4: 288f 49ff 

  0x00000275ae8faad8: ;   {other}
  0x00000275ae8faad8: 0f1f 8400 | c87e 00c1 | bac6 ffff | ff48 8b6c | 2440 4c8b | 5424 484c | 8954 2428 | 448b 5c24 
  0x00000275ae8faaf8: 5444 895c | 2430 4c8b | 5424 584c | 8954 2440 | 448b 5424 | 6c44 8954 | 2434 448b | 5424 6844 
  0x00000275ae8fab18: 8954 2454 | 448b 5c24 | 7448 895c | 2468 4489 | 5c24 7090 

  0x00000275ae8fab2c: ;   {runtime_call UncommonTrapBlob}
  0x00000275ae8fab2c: c5f8 77e8 

  0x00000275ae8fab30: ; ImmutableOopMap {rbp=Oop [32]=NarrowOop [36]=NarrowOop [40]=Oop [48]=NarrowOop [52]=NarrowOop [56]=Oop [104]=Oop }
                      ;*invokevirtual read {reexecute=0 rethrow=0 return_oop=0}
                      ; - jdk.internal.loader.Resource::getBytes@117
                      ; - jdk.internal.loader.URLClassPath$JarLoader$2::getBytes@1
                      ; - java.net.URLClassLoader::defineClass@179
                      ; - java.net.URLClassLoader$1::run@43
                      ; - java.net.URLClassLoader$1::run@1
  0x00000275ae8fab30: cc8e 49ff 

  0x00000275ae8fab34: ;   {other}
  0x00000275ae8fab34: 0f1f 8400 | 247f 00c2 | bade ffff | ff4c 8b54 | 2440 4c89 | 5424 284c | 8b54 2448 | 4c89 5424 
  0x00000275ae8fab54: 3044 8b5c | 2454 4489 | 5c24 244c | 8b54 2458 | 4c89 5424 | 4044 8b54 | 246c 4489 | 5424 484c 
  0x00000275ae8fab74: 8b94 2498 | 0000 004c | 8954 2478 | 448b 5c24 | 5044 895c | 244c 448b | 5424 6844 | 8954 2450 
  0x00000275ae8fab94: 4c8b 5424 | 784c 8954 | 2468 4889 | 9c24 8000 | 0000 6690 

  0x00000275ae8faba8: ;   {runtime_call UncommonTrapBlob}
  0x00000275ae8faba8: c5f8 77e8 

  0x00000275ae8fabac: ; ImmutableOopMap {rbp=NarrowOop [32]=NarrowOop [36]=NarrowOop [40]=Oop [48]=Oop [56]=Oop [72]=NarrowOop [104]=Oop [120]=Oop [128]=Oop [144]=Oop }
                      ;*invokevirtual read {reexecute=0 rethrow=0 return_oop=0}
                      ; - java.util.jar.JarVerifier$VerifierStream::read@45
                      ; - jdk.internal.loader.Resource::getBytes@117
                      ; - jdk.internal.loader.URLClassPath$JarLoader$2::getBytes@1
                      ; - java.net.URLClassLoader::defineClass@179
                      ; - java.net.URLClassLoader$1::run@43
                      ; - java.net.URLClassLoader$1::run@1
  0x00000275ae8fabac: 508e 49ff 

  0x00000275ae8fabb0: ;   {other}
  0x00000275ae8fabb0: 0f1f 8400 | a07f 00c3 | bae4 ffff | ff4c 8b54 | 2440 4c89 | 5424 284c | 8b54 2448 | 4c89 5424 
  0x00000275ae8fabd0: 3044 8b5c | 2454 4489 | 5c24 244c | 8b54 2458 | 4c89 5424 | 4044 8b54 | 246c 4489 | 5424 484c 
  0x00000275ae8fabf0: 8b94 2490 | 0000 004c | 8954 2460 | 4c8b 9424 | 9800 0000 | 4c89 5424 | 7844 8b54 | 2450 4489 
  0x00000275ae8fac10: 5424 4c44 | 8b5c 2468 | 4489 5c24 | 504c 8b54 | 2478 4c89 | 5424 6844 | 898c 24a4 | 0000 0089 
  0x00000275ae8fac30: 9c24 a800 | 0000 899c | 24ac 0000 | 0066 6690 

  0x00000275ae8fac40: ;   {runtime_call UncommonTrapBlob}
  0x00000275ae8fac40: c5f8 77e8 

  0x00000275ae8fac44: ; ImmutableOopMap {[32]=NarrowOop [36]=NarrowOop [40]=Oop [48]=Oop [56]=Oop [72]=NarrowOop [96]=Oop [104]=Oop [120]=Oop [136]=NarrowOop [164]=NarrowOop }
                      ;*invokestatic checkIndex {reexecute=0 rethrow=0 return_oop=0}
                      ; - java.util.Objects::checkIndex@3
                      ; - java.util.ArrayList::get@5
                      ; - sun.security.util.ManifestEntryVerifier::update@29
                      ; - java.util.jar.JarVerifier::update@30
                      ; - java.util.jar.JarVerifier$VerifierStream::read@63
                      ; - jdk.internal.loader.Resource::getBytes@117
                      ; - jdk.internal.loader.URLClassPath$JarLoader$2::getBytes@1
                      ; - java.net.URLClassLoader::defineClass@179
                      ; - java.net.URLClassLoader$1::run@43
                      ; - java.net.URLClassLoader$1::run@1
  0x00000275ae8fac44: b88d 49ff 

  0x00000275ae8fac48: ;   {other}
  0x00000275ae8fac48: 0f1f 8400 | 3880 00c4 | bae4 ffff | ff48 8b6c | 2440 4c8b | 5424 484c | 8954 2428 | 448b 5424 
  0x00000275ae8fac68: 5444 8954 | 2424 4c8b | 5424 584c | 8954 2440 | 448b 5424 | 6c44 8954 | 2448 4c8b | 9424 9000 
  0x00000275ae8fac88: 0000 4c89 | 5424 584c | 8b94 2498 | 0000 004c | 8954 2460 | 448b 5424 | 5044 8954 | 244c 448b 
  0x00000275ae8faca8: 4424 6844 | 8944 2450 | 899c 249c | 0000 0044 | 899c 24a0 | 0000 0090 

  0x00000275ae8facc0: ;   {runtime_call UncommonTrapBlob}
  0x00000275ae8facc0: c5f8 77e8 

  0x00000275ae8facc4: ; ImmutableOopMap {rbp=Oop [32]=NarrowOop [36]=NarrowOop [40]=Oop [56]=Oop [72]=NarrowOop [88]=Oop [96]=Oop [136]=NarrowOop [160]=NarrowOop }
                      ;*aaload {reexecute=0 rethrow=0 return_oop=0}
                      ; - java.util.ArrayList::elementData@5
                      ; - java.util.ArrayList::get@11
                      ; - sun.security.util.ManifestEntryVerifier::update@29
                      ; - java.util.jar.JarVerifier::update@30
                      ; - java.util.jar.JarVerifier$VerifierStream::read@63
                      ; - jdk.internal.loader.Resource::getBytes@117
                      ; - jdk.internal.loader.URLClassPath$JarLoader$2::getBytes@1
                      ; - java.net.URLClassLoader::defineClass@179
                      ; - java.net.URLClassLoader$1::run@43
                      ; - java.net.URLClassLoader$1::run@1
  0x00000275ae8facc4: 388d 49ff 

  0x00000275ae8facc8: ;   {other}
  0x00000275ae8facc8: 0f1f 8400 | b880 00c5 | baf6 ffff | ff48 8b6c | 2440 4c8b | 5424 484c | 8954 2430 | 448b 5424 
  0x00000275ae8face8: 5444 8954 | 2424 4c8b | 5424 584c | 8954 2438 | 4489 4424 | 444c 894c | 2458 6690 

  0x00000275ae8fad04: ;   {runtime_call UncommonTrapBlob}
  0x00000275ae8fad04: c5f8 77e8 

  0x00000275ae8fad08: ; ImmutableOopMap {rbp=Oop [32]=NarrowOop [36]=NarrowOop [40]=Oop [48]=Oop [68]=NarrowOop [88]=Oop [108]=NarrowOop [120]=Oop }
                      ;*invokevirtual beginEntry {reexecute=0 rethrow=0 return_oop=0}
                      ; - java.util.jar.JarVerifier$VerifierStream::<init>@47
                      ; - java.util.jar.JarFile::getInputStream@84
                      ; - jdk.internal.loader.URLClassPath$JarLoader$2::getInputStream@11
                      ; - jdk.internal.loader.Resource::cachedInputStream@9
                      ; - jdk.internal.loader.Resource::getByteBuffer@1
                      ; - java.net.URLClassLoader::defineClass@132
                      ; - java.net.URLClassLoader$1::run@43
                      ; - java.net.URLClassLoader$1::run@1
  0x00000275ae8fad08: f48c 49ff 

  0x00000275ae8fad0c: ;   {other}
  0x00000275ae8fad0c: 0f1f 8400 | fc80 00c6 | baf6 ffff | ff48 8b6c | 2440 4c8b | 5424 484c | 8954 2428 | 448b 5c24 
  0x00000275ae8fad2c: 5444 895c | 2424 4c8b | 5424 384c | 8954 2430 | 4c8b 5424 | 584c 8954 | 2440 448b | 5c24 6c44 
  0x00000275ae8fad4c: 895c 2448 | 4489 4424 | 4c48 894c | 2468 6690 

  0x00000275ae8fad5c: ;   {runtime_call UncommonTrapBlob}
  0x00000275ae8fad5c: c5f8 77e8 

  0x00000275ae8fad60: ; ImmutableOopMap {rbp=Oop [32]=NarrowOop [36]=NarrowOop [40]=Oop [48]=Oop [72]=NarrowOop [76]=NarrowOop [104]=Oop [120]=Oop }
                      ;*invokevirtual beginEntry {reexecute=0 rethrow=0 return_oop=0}
                      ; - java.util.jar.JarVerifier$VerifierStream::<init>@47
                      ; - java.util.jar.JarFile::getInputStream@84
                      ; - jdk.internal.loader.URLClassPath$JarLoader$2::getInputStream@11
                      ; - jdk.internal.loader.Resource::cachedInputStream@9
                      ; - jdk.internal.loader.Resource::getBytes@1
                      ; - jdk.internal.loader.URLClassPath$JarLoader$2::getBytes@1
                      ; - java.net.URLClassLoader::defineClass@179
                      ; - java.net.URLClassLoader$1::run@43
                      ; - java.net.URLClassLoader$1::run@1
  0x00000275ae8fad60: 9c8c 49ff 

  0x00000275ae8fad64: ;   {other}
  0x00000275ae8fad64: 0f1f 8400 | 5481 00c7 | bacc ffff | ff4c 8b54 | 2440 4c89 | 5424 284c | 8b54 2448 | 4c89 5424 
  0x00000275ae8fad84: 3044 8b54 | 2454 4489 | 5424 244c | 8b54 2458 | 4c89 5424 | 4044 8b54 | 246c 4489 | 5424 484c 
  0x00000275ae8fada4: 8b94 2490 | 0000 004c | 8954 2460 | 4c8b 9424 | 9800 0000 | 4c89 5424 | 7844 8b54 | 2450 4489 
  0x00000275ae8fadc4: 5424 4c44 | 8b5c 2468 | 4489 5c24 | 504c 8b54 | 2478 4c89 | 5424 6844 | 898c 24a4 | 0000 0089 
  0x00000275ae8fade4: 9c24 a800 | 0000 899c | 24ac 0000 | 0066 6690 

  0x00000275ae8fadf4: ;   {runtime_call UncommonTrapBlob}
  0x00000275ae8fadf4: c5f8 77e8 

  0x00000275ae8fadf8: ; ImmutableOopMap {[32]=NarrowOop [36]=NarrowOop [40]=Oop [48]=Oop [56]=Oop [72]=NarrowOop [96]=Oop [104]=Oop [120]=Oop [136]=NarrowOop [164]=NarrowOop }
                      ;*invokestatic checkIndex {reexecute=0 rethrow=0 return_oop=0}
                      ; - java.util.Objects::checkIndex@3
                      ; - java.util.ArrayList::get@5
                      ; - sun.security.util.ManifestEntryVerifier::update@29
                      ; - java.util.jar.JarVerifier::update@30
                      ; - java.util.jar.JarVerifier$VerifierStream::read@63
                      ; - jdk.internal.loader.Resource::getBytes@117
                      ; - jdk.internal.loader.URLClassPath$JarLoader$2::getBytes@1
                      ; - java.net.URLClassLoader::defineClass@179
                      ; - java.net.URLClassLoader$1::run@43
                      ; - java.net.URLClassLoader$1::run@1
  0x00000275ae8fadf8: 048c 49ff 

  0x00000275ae8fadfc: ;   {other}
  0x00000275ae8fadfc: 0f1f 8400 | ec81 00c8 | 498b db49 | 8bc8 488d | 9424 1801 | 0000 4d8b | c7c5 f877 | 49ba 40d9 
  0x00000275ae8fae1c: df26 f87f | 0000 41ff 

  0x00000275ae8fae24: ;   {other}
  0x00000275ae8fae24: d20f 1f84 | 0000 0000 | 004c 8bdb | e95c bdff | ff49 8bd8 | 498b cb48 | 8d94 2418 | 0100 004d 
  0x00000275ae8fae44: 8bc7 c5f8 | 7749 ba40 | d9df 26f8 | 7f00 0041 

  0x00000275ae8fae54: ;   {other}
  0x00000275ae8fae54: ffd2 0f1f | 8400 0000 | 0000 4c8b | c3e9 e3c0 | ffff bac6 | ffff ff48 | 8b6c 2440 | 4c8b 5424 
  0x00000275ae8fae74: 484c 8954 | 2428 448b | 5c24 5444 | 895c 2424 | 4c8b 5424 | 584c 8954 | 2438 4889 | 7424 4844 
  0x00000275ae8fae94: 894c 2444 | 4489 4424 | 5866 6690 

  0x00000275ae8faea0: ;   {runtime_call UncommonTrapBlob}
  0x00000275ae8faea0: c5f8 77e8 

  0x00000275ae8faea4: ; ImmutableOopMap {rbp=Oop [32]=NarrowOop [36]=NarrowOop [40]=Oop [72]=Oop [88]=NarrowOop [108]=NarrowOop [144]=Oop }
                      ;*invokevirtual close {reexecute=0 rethrow=0 return_oop=0}
                      ; - jdk.internal.loader.Resource::getBytes@183
                      ; - jdk.internal.loader.URLClassPath$JarLoader$2::getBytes@1
                      ; - java.net.URLClassLoader::defineClass@179
                      ; - java.net.URLClassLoader$1::run@43
                      ; - java.net.URLClassLoader$1::run@1
  0x00000275ae8faea4: 588b 49ff 

  0x00000275ae8faea8: ;   {other}
  0x00000275ae8faea8: 0f1f 8400 | 9882 00c9 | baf6 ffff | ff4c 8b54 | 2440 4c89 | 5424 284c | 8b54 2448 | 4c89 5424 
  0x00000275ae8faec8: 3044 8b5c | 2454 4489 | 5c24 244c | 8b54 2458 | 4c89 5424 | 4044 8b54 | 246c 4489 | 5424 484c 
  0x00000275ae8faee8: 8b94 2490 | 0000 004c | 8954 2460 | 448b 5c24 | 5044 895c | 244c 448b | 5424 6844 | 8954 2450 
  0x00000275ae8faf08: 448b 5c24 | 7444 895c | 2470 6690 

  0x00000275ae8faf14: ;   {runtime_call UncommonTrapBlob}
  0x00000275ae8faf14: c5f8 77e8 

  0x00000275ae8faf18: ; ImmutableOopMap {rbp=NarrowOop [32]=NarrowOop [36]=NarrowOop [40]=Oop [48]=Oop [56]=Oop [72]=NarrowOop [96]=Oop [152]=Oop }
                      ;*invokevirtual update {reexecute=0 rethrow=0 return_oop=0}
                      ; - java.util.jar.JarVerifier$VerifierStream::read@99
                      ; - jdk.internal.loader.Resource::getBytes@117
                      ; - jdk.internal.loader.URLClassPath$JarLoader$2::getBytes@1
                      ; - java.net.URLClassLoader::defineClass@179
                      ; - java.net.URLClassLoader$1::run@43
                      ; - java.net.URLClassLoader$1::run@1
  0x00000275ae8faf18: e48a 49ff 

  0x00000275ae8faf1c: ;   {other}
  0x00000275ae8faf1c: 0f1f 8400 | 0c83 00ca | ba76 ffff | ff4c 8b54 | 2440 4c89 | 5424 284c | 8b54 2448 | 4c89 5424 
  0x00000275ae8faf3c: 3044 8b5c | 2454 4489 | 5c24 244c | 8b54 2458 | 4c89 5424 | 4044 8b54 | 246c 4489 | 5424 484c 
  0x00000275ae8faf5c: 8b94 2490 | 0000 004c | 8954 2460 | 4c8b 9424 | 9800 0000 | 4c89 5424 | 7844 8b54 | 2450 4489 
  0x00000275ae8faf7c: 5424 4c44 | 8b5c 2468 | 4489 5c24 | 504c 8b54 | 2478 4c89 | 5424 6890 

  0x00000275ae8faf94: ;   {runtime_call UncommonTrapBlob}
  0x00000275ae8faf94: c5f8 77e8 

  0x00000275ae8faf98: ; ImmutableOopMap {[32]=NarrowOop [36]=NarrowOop [40]=Oop [48]=Oop [56]=Oop [72]=NarrowOop [96]=Oop [104]=Oop [120]=Oop [136]=NarrowOop }
                      ;*if_icmpge {reexecute=1 rethrow=0 return_oop=0}
                      ; - (reexecute) sun.security.util.ManifestEntryVerifier::update@20
                      ; - java.util.jar.JarVerifier::update@30
                      ; - java.util.jar.JarVerifier$VerifierStream::read@63
                      ; - jdk.internal.loader.Resource::getBytes@117
                      ; - jdk.internal.loader.URLClassPath$JarLoader$2::getBytes@1
                      ; - java.net.URLClassLoader::defineClass@179
                      ; - java.net.URLClassLoader$1::run@43
                      ; - java.net.URLClassLoader$1::run@1
  0x00000275ae8faf98: 648a 49ff 

  0x00000275ae8faf9c: ;   {other}
  0x00000275ae8faf9c: 0f1f 8400 | 8c83 00cb | ba45 ffff | ff48 8b6c | 2440 4c8b | 5c24 484c | 895c 2430 | 448b 5c24 
  0x00000275ae8fafbc: 5444 895c | 2424 4c8b | 5c24 584c | 895c 2438 | 448b 5c24 | 6c44 895c | 2440 4889 | 4424 6890 
  0x00000275ae8fafdc: ;   {runtime_call UncommonTrapBlob}
  0x00000275ae8fafdc: c5f8 77e8 

  0x00000275ae8fafe0: ; ImmutableOopMap {rbp=Oop [32]=NarrowOop [36]=NarrowOop [40]=Oop [48]=Oop [64]=NarrowOop [104]=Oop [192]=NarrowOop }
                      ;*ifnonnull {reexecute=1 rethrow=0 return_oop=0}
                      ; - (reexecute) java.util.jar.JarFile::getInputStream@61
                      ; - jdk.internal.loader.URLClassPath$JarLoader$2::getInputStream@11
                      ; - jdk.internal.loader.Resource::cachedInputStream@9
                      ; - jdk.internal.loader.Resource::getByteBuffer@1
                      ; - java.net.URLClassLoader::defineClass@132
                      ; - java.net.URLClassLoader$1::run@43
                      ; - java.net.URLClassLoader$1::run@1
  0x00000275ae8fafe0: 1c8a 49ff 

  0x00000275ae8fafe4: ;   {other}
  0x00000275ae8fafe4: 0f1f 8400 | d483 00cc | ba45 ffff | ff48 8b6c | 2440 4c8b | 5c24 484c | 895c 2428 | 448b 4424 
  0x00000275ae8fb004: 5444 8944 | 2424 4c8b | 5c24 384c | 895c 2430 | 4c8b 5c24 | 584c 895c | 2440 448b | 5c24 6c44 
  0x00000275ae8fb024: 895c 2448 | 4889 4424 | 7866 6690 

  0x00000275ae8fb030: ;   {runtime_call UncommonTrapBlob}
  0x00000275ae8fb030: c5f8 77e8 

  0x00000275ae8fb034: ; ImmutableOopMap {rbp=Oop [32]=NarrowOop [36]=NarrowOop [40]=Oop [48]=Oop [72]=NarrowOop [120]=Oop [208]=NarrowOop }
                      ;*ifnonnull {reexecute=1 rethrow=0 return_oop=0}
                      ; - (reexecute) java.util.jar.JarFile::getInputStream@61
                      ; - jdk.internal.loader.URLClassPath$JarLoader$2::getInputStream@11
                      ; - jdk.internal.loader.Resource::cachedInputStream@9
                      ; - jdk.internal.loader.Resource::getBytes@1
                      ; - jdk.internal.loader.URLClassPath$JarLoader$2::getBytes@1
                      ; - java.net.URLClassLoader::defineClass@179
                      ; - java.net.URLClassLoader$1::run@43
                      ; - java.net.URLClassLoader$1::run@1
  0x00000275ae8fb034: c889 49ff 

  0x00000275ae8fb038: ;   {other}
  0x00000275ae8fb038: 0f1f 8400 | 2884 00cd | ba45 ffff | ff4c 8b5c | 2440 4c89 | 5c24 304c | 8b5c 2448 | 4c89 5c24 
  0x00000275ae8fb058: 3844 8b4c | 2454 4489 | 4c24 244c | 8b5c 2458 | 4c89 5c24 | 4044 8b5c | 246c 4489 | 5c24 484c 
  0x00000275ae8fb078: 8b9c 2488 | 0000 004c | 895c 2470 | 4c8b 9c24 | 9000 0000 | 4c89 9c24 | 8000 0000 | 4889 8424 
  0x00000275ae8fb098: 9800 0000 

  0x00000275ae8fb09c: ;   {runtime_call UncommonTrapBlob}
  0x00000275ae8fb09c: c5f8 77e8 

  0x00000275ae8fb0a0: ; ImmutableOopMap {rbp=NarrowOop [32]=NarrowOop [36]=NarrowOop [40]=Oop [48]=Oop [56]=Oop [72]=NarrowOop [112]=Oop [120]=Oop [128]=Oop [136]=Oop [152]=Oop [192]=NarrowOop }
                      ;*ifnonnull {reexecute=1 rethrow=0 return_oop=0}
                      ; - (reexecute) java.util.Objects::requireNonNull@1
                      ; - java.util.jar.JarVerifier$VerifierStream::<init>@6
                      ; - java.util.jar.JarFile::getInputStream@84
                      ; - jdk.internal.loader.URLClassPath$JarLoader$2::getInputStream@11
                      ; - jdk.internal.loader.Resource::cachedInputStream@9
                      ; - jdk.internal.loader.Resource::getByteBuffer@1
                      ; - java.net.URLClassLoader::defineClass@132
                      ; - java.net.URLClassLoader$1::run@43
                      ; - java.net.URLClassLoader$1::run@1
  0x00000275ae8fb0a0: 5c89 49ff 

  0x00000275ae8fb0a4: ;   {other}
  0x00000275ae8fb0a4: 0f1f 8400 | 9484 00ce | ba45 ffff | ff4c 8b5c | 2440 4c89 | 5c24 284c | 8b5c 2448 | 4c89 5c24 
  0x00000275ae8fb0c4: 3044 8b5c | 2454 4489 | 5c24 244c | 8b5c 2458 | 4c89 5c24 | 4044 8b5c | 246c 4489 | 5c24 4848 
  0x00000275ae8fb0e4: 8984 24a8 | 0000 0090 

  0x00000275ae8fb0ec: ;   {runtime_call UncommonTrapBlob}
  0x00000275ae8fb0ec: c5f8 77e8 

  0x00000275ae8fb0f0: ; ImmutableOopMap {rbp=NarrowOop [32]=NarrowOop [36]=NarrowOop [40]=Oop [48]=Oop [56]=Oop [72]=NarrowOop [120]=Oop [136]=Oop [144]=Oop [168]=Oop [208]=NarrowOop }
                      ;*ifnonnull {reexecute=1 rethrow=0 return_oop=0}
                      ; - (reexecute) java.util.Objects::requireNonNull@1
                      ; - java.util.jar.JarVerifier$VerifierStream::<init>@6
                      ; - java.util.jar.JarFile::getInputStream@84
                      ; - jdk.internal.loader.URLClassPath$JarLoader$2::getInputStream@11
                      ; - jdk.internal.loader.Resource::cachedInputStream@9
                      ; - jdk.internal.loader.Resource::getBytes@1
                      ; - jdk.internal.loader.URLClassPath$JarLoader$2::getBytes@1
                      ; - java.net.URLClassLoader::defineClass@179
                      ; - java.net.URLClassLoader$1::run@43
                      ; - java.net.URLClassLoader$1::run@1
  0x00000275ae8fb0f0: 0c89 49ff 

  0x00000275ae8fb0f4: ;   {other}
  0x00000275ae8fb0f4: 0f1f 8400 | e484 00cf | ba45 ffff | ff4c 8b54 | 2440 4c89 | 5424 204c | 8b54 2448 | 4c89 5424 
  0x00000275ae8fb114: 2844 8b5c | 2450 4489 | 5c24 3044 | 8b54 2454 | 4489 5424 | 344c 8b54 | 2470 4c89 | 5424 384c 
  0x00000275ae8fb134: 8b54 2458 | 4c89 5424 | 4044 8b5c | 246c 4489 | 5c24 4890 

  0x00000275ae8fb148: ;   {runtime_call UncommonTrapBlob}
  0x00000275ae8fb148: c5f8 77e8 

  0x00000275ae8fb14c: ; ImmutableOopMap {rbp=NarrowOop [32]=Oop [40]=Oop [48]=NarrowOop [52]=NarrowOop [56]=Oop [72]=NarrowOop [96]=Oop [136]=Oop [144]=Oop }
                      ;*ifnull {reexecute=1 rethrow=0 return_oop=0}
                      ; - (reexecute) java.util.concurrent.ConcurrentHashMap::get@143
                      ; - java.lang.ClassLoader::getDefinedPackage@13
                      ; - java.net.URLClassLoader::getAndVerifyPackage@2
                      ; - java.net.URLClassLoader::defineClass@46
                      ; - java.net.URLClassLoader$1::run@43
                      ; - java.net.URLClassLoader$1::run@1
  0x00000275ae8fb14c: b088 49ff 

  0x00000275ae8fb150: ;   {other}
  0x00000275ae8fb150: 0f1f 8400 | 4085 00d0 

  0x00000275ae8fb158: ;   {metadata('java/lang/String')}
  0x00000275ae8fb158: 48ba 78e8 | 00bb 7502 | 0000 4c89 

  0x00000275ae8fb164: ;   {oop([B{0x0000000080334c70})}
  0x00000275ae8fb164: 4424 5048 | bd70 4c33 | 8000 0000 

  0x00000275ae8fb170: ;   {oop([B{0x00000000805ec220})}
  0x00000275ae8fb170: 0049 ba20 | c25e 8000 | 0000 004c | 8954 2458 

  0x00000275ae8fb180: ;   {oop([B{0x00000000805ec240})}
  0x00000275ae8fb180: 49ba 40c2 | 5e80 0000 | 0000 4c89 | 5424 6090 

  0x00000275ae8fb190: ;   {runtime_call _new_instance_Java}
  0x00000275ae8fb190: c5f8 77e8 

  0x00000275ae8fb194: ; ImmutableOopMap {rbp=Oop [64]=Derived_oop_rbp [48]=Oop [72]=Oop [80]=Oop [88]=Oop [40]=Derived_oop_[88] [96]=Oop [56]=Derived_oop_[96] [104]=NarrowOop }
                      ;*new {reexecute=0 rethrow=0 return_oop=1}
                      ; - java.lang.StringConcatHelper::newString@24
                      ; - java.lang.StringConcatHelper::simpleConcat@90
                      ; - java.lang.String::concat@11
                      ; - java.net.URLClassLoader$1::run@13
                      ; - java.net.URLClassLoader$1::run@1
  0x00000275ae8fb194: 6847 4bff 

  0x00000275ae8fb198: ;   {other}
  0x00000275ae8fb198: 0f1f 8400 | 8885 00d1 | e9c1 cdff 

  0x00000275ae8fb1a4: ;   {metadata('java/lang/String')}
  0x00000275ae8fb1a4: ff48 ba78 | e800 bb75 | 0200 0090 

  0x00000275ae8fb1b0: ;   {runtime_call _new_instance_Java}
  0x00000275ae8fb1b0: c5f8 77e8 

  0x00000275ae8fb1b4: ; ImmutableOopMap {rbp=NarrowOop [48]=Oop [64]=Oop [72]=Oop [80]=NarrowOop [84]=NarrowOop [96]=Oop [104]=NarrowOop [108]=NarrowOop [112]=Oop [120]=Oop [128]=Oop [136]=Oop [144]=Oop [160]=Oop [192]=Oop }
                      ;*new {reexecute=0 rethrow=0 return_oop=1}
                      ; - java.lang.StringConcatHelper::newString@24
                      ; - java.lang.StringConcatHelper::simpleConcat@90
                      ; - java.lang.String::concat@11
                      ; - java.net.URLClassLoader::isSealed@15
                      ; - java.net.URLClassLoader::getAndVerifyPackage@68
                      ; - java.net.URLClassLoader::defineClass@46
                      ; - java.net.URLClassLoader$1::run@43
                      ; - java.net.URLClassLoader$1::run@1
  0x00000275ae8fb1b4: 4847 4bff 

  0x00000275ae8fb1b8: ;   {other}
  0x00000275ae8fb1b8: 0f1f 8400 | a885 00d2 | e980 ceff | ffba 45ff | ffff 4c8b | 5424 404c | 8954 2420 | 4c8b 5424 
  0x00000275ae8fb1d8: 484c 8954 | 2428 448b | 5424 5044 | 8954 2430 | 448b 5c24 | 5444 895c | 2434 4c8b | 5424 704c 
  0x00000275ae8fb1f8: 8954 2438 | 4c8b 5424 | 584c 8954 | 2440 448b | 5424 6c44 | 8954 2448 

  0x00000275ae8fb210: ;   {runtime_call UncommonTrapBlob}
  0x00000275ae8fb210: c5f8 77e8 

  0x00000275ae8fb214: ; ImmutableOopMap {rbp=NarrowOop [32]=Oop [40]=Oop [48]=NarrowOop [52]=NarrowOop [56]=Oop [72]=NarrowOop [96]=Oop [104]=NarrowOop [136]=Oop [152]=Oop }
                      ;*ifnull {reexecute=1 rethrow=0 return_oop=0}
                      ; - (reexecute) java.util.concurrent.ConcurrentHashMap::get@143
                      ; - java.lang.ClassLoader::definePackage@47
                      ; - java.lang.ClassLoader::getDefinedPackage@32
                      ; - java.net.URLClassLoader::getAndVerifyPackage@2
                      ; - java.net.URLClassLoader::defineClass@46
                      ; - java.net.URLClassLoader$1::run@43
                      ; - java.net.URLClassLoader$1::run@1
  0x00000275ae8fb214: e887 49ff 

  0x00000275ae8fb218: ;   {other}
  0x00000275ae8fb218: 0f1f 8400 | 0886 00d3 | baf6 ffff | ff4c 8b54 | 2440 4c89 | 5424 304c | 8b54 2448 | 4c89 5424 
  0x00000275ae8fb238: 3844 8b54 | 2454 4489 | 5424 4090 

  0x00000275ae8fb244: ;   {runtime_call UncommonTrapBlob}
  0x00000275ae8fb244: c5f8 77e8 

  0x00000275ae8fb248: ; ImmutableOopMap {rbp=NarrowOop [32]=NarrowOop [36]=NarrowOop [40]=Oop [48]=Oop [56]=Oop [64]=NarrowOop [108]=NarrowOop }
                      ;*invokevirtual update {reexecute=0 rethrow=0 return_oop=0}
                      ; - java.util.jar.JarVerifier$VerifierStream::<init>@76
                      ; - java.util.jar.JarFile::getInputStream@84
                      ; - jdk.internal.loader.URLClassPath$JarLoader$2::getInputStream@11
                      ; - jdk.internal.loader.Resource::cachedInputStream@9
                      ; - jdk.internal.loader.Resource::getByteBuffer@1
                      ; - java.net.URLClassLoader::defineClass@132
                      ; - java.net.URLClassLoader$1::run@43
                      ; - java.net.URLClassLoader$1::run@1
  0x00000275ae8fb248: b487 49ff 

  0x00000275ae8fb24c: ;   {other}
  0x00000275ae8fb24c: 0f1f 8400 | 3c86 00d4 | baf6 ffff | ff4c 8b54 | 2440 4c89 | 5424 284c | 8b54 2448 | 4c89 5424 
  0x00000275ae8fb26c: 3044 8b5c | 2454 4489 | 5c24 404c | 8b54 2458 | 4c89 5424 | 4866 6690 

  0x00000275ae8fb284: ;   {runtime_call UncommonTrapBlob}
  0x00000275ae8fb284: c5f8 77e8 

  0x00000275ae8fb288: ; ImmutableOopMap {rbp=NarrowOop [32]=NarrowOop [36]=NarrowOop [40]=Oop [48]=Oop [56]=Oop [64]=NarrowOop [108]=NarrowOop }
                      ;*invokevirtual update {reexecute=0 rethrow=0 return_oop=0}
                      ; - java.util.jar.JarVerifier$VerifierStream::<init>@76
                      ; - java.util.jar.JarFile::getInputStream@84
                      ; - jdk.internal.loader.URLClassPath$JarLoader$2::getInputStream@11
                      ; - jdk.internal.loader.Resource::cachedInputStream@9
                      ; - jdk.internal.loader.Resource::getBytes@1
                      ; - jdk.internal.loader.URLClassPath$JarLoader$2::getBytes@1
                      ; - java.net.URLClassLoader::defineClass@179
                      ; - java.net.URLClassLoader$1::run@43
                      ; - java.net.URLClassLoader$1::run@1
  0x00000275ae8fb288: 7487 49ff 

  0x00000275ae8fb28c: ;   {other}
  0x00000275ae8fb28c: 0f1f 8400 | 7c86 00d5 | baf6 ffff | ff48 8b6c | 2440 4c8b | 5424 484c | 8954 2420 | 448b 5c24 
  0x00000275ae8fb2ac: 5044 895c | 2428 448b | 5424 5444 | 8954 242c 

  0x00000275ae8fb2bc: ;   {runtime_call UncommonTrapBlob}
  0x00000275ae8fb2bc: c5f8 77e8 

  0x00000275ae8fb2c0: ; ImmutableOopMap {rbp=Oop [32]=Oop [40]=NarrowOop [44]=NarrowOop [96]=Oop [108]=NarrowOop [112]=Oop [136]=Oop }
                      ;*arraylength {reexecute=0 rethrow=0 return_oop=0}
                      ; - java.lang.String::length@4
                      ; - java.lang.StringConcatHelper::prepend@2
                      ; - java.lang.StringConcatHelper::simpleConcat@81
                      ; - java.lang.String::concat@11
                      ; - java.net.URLClassLoader::isSealed@15
                      ; - java.net.URLClassLoader::getAndVerifyPackage@68
                      ; - java.net.URLClassLoader::defineClass@46
                      ; - java.net.URLClassLoader$1::run@43
                      ; - java.net.URLClassLoader$1::run@1
  0x00000275ae8fb2c0: 3c87 49ff 

  0x00000275ae8fb2c4: ;   {other}
  0x00000275ae8fb2c4: 0f1f 8400 | b486 00d6 | 41bb 0100 | 0000 eb39 | 41bb 0200 | 0000 eb06 | 41bb 0600 | 0000 4183 
  0x00000275ae8fb2e4: c302 eb0e | 41bb 0200 | 0000 eb06 | 41bb 0600 | 0000 41ff | c3eb 1241 | bb02 0000 | 00eb 0641 
  0x00000275ae8fb304: bb06 0000 | 0041 83c3 | 0244 03de | 418b f3e9 | e6c4 ffff | 41bb 0200 | 0000 ebed | 41bb 0600 
  0x00000275ae8fb324: 0000 ebe5 | 41b8 0100 | 0000 eb3f | 41b8 0200 | 0000 eb08 | 448b 8424 | f400 0000 | 4183 c002 
  0x00000275ae8fb344: eb10 41b8 | 0200 0000 | eb08 448b | 8424 f400 | 0000 41ff | c0eb 1441 | b802 0000 | 00eb 0844 
  0x00000275ae8fb364: 8b84 24f4 | 0000 0041 | 83c0 0244 | 03c7 418b | f8e9 45c7 | ffff 41b8 | 0200 0000 | ebed 448b 
  0x00000275ae8fb384: 8424 f400 | 0000 ebe3 | baf6 ffff | ff4c 8b54 | 2448 4c89 | 5424 2844 | 8b5c 2454 | 4489 5c24 
  0x00000275ae8fb3a4: 244c 8b54 | 2458 4c89 | 5424 4044 | 8b54 246c | 4489 5424 | 484c 8b94 | 2490 0000 

  0x00000275ae8fb3c0: ;   {no_reloc}
  0x00000275ae8fb3c0: 004c 8954 | 2458 448b | 5424 5044 | 8954 244c | 448b 5c24 | 6844 895c | 2450 6690 

  0x00000275ae8fb3dc: ;   {runtime_call UncommonTrapBlob}
  0x00000275ae8fb3dc: c5f8 77e8 

  0x00000275ae8fb3e0: ; ImmutableOopMap {rbp=Oop [32]=NarrowOop [36]=NarrowOop [40]=Oop [56]=Oop [72]=NarrowOop [88]=Oop [152]=Oop }
                      ;*invokevirtual write {reexecute=0 rethrow=0 return_oop=0}
                      ; - java.util.jar.JarVerifier::update@19
                      ; - java.util.jar.JarVerifier$VerifierStream::read@63
                      ; - jdk.internal.loader.Resource::getBytes@117
                      ; - jdk.internal.loader.URLClassPath$JarLoader$2::getBytes@1
                      ; - java.net.URLClassLoader::defineClass@179
                      ; - java.net.URLClassLoader$1::run@43
                      ; - java.net.URLClassLoader$1::run@1
  0x00000275ae8fb3e0: 1c86 49ff 

  0x00000275ae8fb3e4: ;   {other}
  0x00000275ae8fb3e4: 0f1f 8400 | d487 00d7 | 8bce 448b | c8ba ceff | ffff 488b | 6c24 4848 | 895c 2428 | 894c 2430 
  0x00000275ae8fb404: 4c89 4424 | 3889 7c24 | 3444 894c | 2440 6690 

  0x00000275ae8fb414: ;   {runtime_call UncommonTrapBlob}
  0x00000275ae8fb414: c5f8 77e8 

  0x00000275ae8fb418: ; ImmutableOopMap {rbp=Oop [48]=NarrowOop [56]=Oop }
                      ;*invokestatic inflate {reexecute=0 rethrow=0 return_oop=0}
                      ; - java.lang.String::getBytes@40
                      ; - java.lang.StringConcatHelper::prepend@21
                      ; - java.lang.StringConcatHelper::simpleConcat@81
                      ; - java.lang.String::concat@11
                      ; - java.net.URLClassLoader$1::run@13
                      ; - java.net.URLClassLoader$1::run@1
  0x00000275ae8fb418: e485 49ff 

  0x00000275ae8fb41c: ;   {other}
  0x00000275ae8fb41c: 0f1f 8400 | 0c88 00d8 | bace ffff | ff48 8b6c | 2440 4c8b | 4424 484c | 8944 2420 | 448b 4c24 
  0x00000275ae8fb43c: 5044 894c | 2428 448b | 4424 5444 | 8944 242c | 4c8b 4424 | 704c 8944 | 2430 4c8b | 4424 584c 
  0x00000275ae8fb45c: 8944 2438 | 448b 4c24 | 6c44 894c | 2440 4c8b | 4424 604c | 8944 2450 | 4c8b 8424 | 8800 0000 
  0x00000275ae8fb47c: 4c89 4424 | 584c 8b84 | 2490 0000 | 004c 8944 | 2470 448b | 4424 6844 | 8944 2444 | 4c8b 8424 
  0x00000275ae8fb49c: c000 0000 | 4c89 4424 | 6844 8994 | 2488 0000 | 0044 899c | 2498 0000 | 0066 6690 

  0x00000275ae8fb4b8: ;   {runtime_call UncommonTrapBlob}
  0x00000275ae8fb4b8: c5f8 77e8 

  0x00000275ae8fb4bc: ; ImmutableOopMap {rbp=Oop [32]=Oop [40]=NarrowOop [44]=NarrowOop [48]=Oop [64]=NarrowOop [68]=NarrowOop [80]=Oop [88]=Oop [104]=Oop [112]=Oop [136]=NarrowOop }
                      ;*invokestatic inflate {reexecute=0 rethrow=0 return_oop=0}
                      ; - java.lang.String::getBytes@40
                      ; - java.lang.StringConcatHelper::prepend@21
                      ; - java.lang.StringConcatHelper::simpleConcat@81
                      ; - java.lang.String::concat@11
                      ; - java.net.URLClassLoader::isSealed@15
                      ; - java.net.URLClassLoader::getAndVerifyPackage@68
                      ; - java.net.URLClassLoader::defineClass@46
                      ; - java.net.URLClassLoader$1::run@43
                      ; - java.net.URLClassLoader$1::run@1
  0x00000275ae8fb4bc: 4085 49ff 

  0x00000275ae8fb4c0: ;   {other}
  0x00000275ae8fb4c0: 0f1f 8400 | b088 00d9 | bade ffff | ff4c 8b54 | 2440 4c89 | 5424 204c | 8b54 2448 | 4c89 5424 
  0x00000275ae8fb4e0: 2844 8b5c | 2450 4489 | 5c24 3044 | 8b54 2454 | 4489 5424 | 344c 8b54 | 2470 4c89 | 5424 384c 
  0x00000275ae8fb500: 8b54 2458 | 4c89 5424 | 4044 8b5c | 246c 4489 | 5c24 5490 

  0x00000275ae8fb514: ;   {runtime_call UncommonTrapBlob}
  0x00000275ae8fb514: c5f8 77e8 

  0x00000275ae8fb518: ; ImmutableOopMap {rbp=NarrowOop [32]=Oop [40]=Oop [48]=NarrowOop [52]=NarrowOop [56]=Oop [84]=NarrowOop [96]=Oop [136]=Oop }
                      ;*checkcast {reexecute=0 rethrow=0 return_oop=0}
                      ; - java.lang.ClassLoader::getDefinedPackage@16
                      ; - java.net.URLClassLoader::getAndVerifyPackage@2
                      ; - java.net.URLClassLoader::defineClass@46
                      ; - java.net.URLClassLoader$1::run@43
                      ; - java.net.URLClassLoader$1::run@1
  0x00000275ae8fb518: e484 49ff 

  0x00000275ae8fb51c: ;   {other}
  0x00000275ae8fb51c: 0f1f 8400 | 0c89 00da | bade ffff | ff48 8b6c | 2440 4c8b | 5424 484c | 8954 2420 | 448b 5c24 
  0x00000275ae8fb53c: 5044 895c | 2428 448b | 5424 5444 | 8954 242c | 4c8b 5424 | 704c 8954 | 2430 4c8b | 5424 584c 
  0x00000275ae8fb55c: 8954 2438 | 4889 4424 | 7066 6690 

  0x00000275ae8fb568: ;   {runtime_call UncommonTrapBlob}
  0x00000275ae8fb568: c5f8 77e8 

  0x00000275ae8fb56c: ; ImmutableOopMap {rbp=Oop [32]=Oop [40]=NarrowOop [44]=NarrowOop [48]=Oop [96]=Oop [104]=NarrowOop [112]=Oop [136]=Oop }
                      ;*checkcast {reexecute=0 rethrow=0 return_oop=0}
                      ; - java.lang.ClassLoader::definePackage@81
                      ; - java.lang.ClassLoader::getDefinedPackage@32
                      ; - java.net.URLClassLoader::getAndVerifyPackage@2
                      ; - java.net.URLClassLoader::defineClass@46
                      ; - java.net.URLClassLoader$1::run@43
                      ; - java.net.URLClassLoader$1::run@1
  0x00000275ae8fb56c: 9084 49ff 

  0x00000275ae8fb570: ;   {other}
  0x00000275ae8fb570: 0f1f 8400 | 6089 00db | bade ffff | ff4c 8b54 | 2440 4c89 | 5424 204c | 8b54 2448 | 4c89 5424 
  0x00000275ae8fb590: 2844 8b5c | 2450 4489 | 5c24 3044 | 8b54 2454 | 4489 5424 | 344c 8b54 | 2458 4c89 | 5424 4044 
  0x00000275ae8fb5b0: 8b54 246c | 4489 5424 | 484c 894c | 2458 6690 

  0x00000275ae8fb5c0: ;   {runtime_call UncommonTrapBlob}
  0x00000275ae8fb5c0: c5f8 77e8 

  0x00000275ae8fb5c4: ; ImmutableOopMap {rbp=NarrowOop [32]=Oop [40]=Oop [48]=NarrowOop [52]=NarrowOop [72]=NarrowOop [88]=Oop [112]=Oop [136]=Oop [144]=Oop }
                      ;*checkcast {reexecute=0 rethrow=0 return_oop=0}
                      ; - java.util.jar.Attributes::getValue@5
                      ; - java.net.URLClassLoader::isSealed@58
                      ; - java.net.URLClassLoader::getAndVerifyPackage@68
                      ; - java.net.URLClassLoader::defineClass@46
                      ; - java.net.URLClassLoader$1::run@43
                      ; - java.net.URLClassLoader$1::run@1
  0x00000275ae8fb5c4: 3884 49ff 

  0x00000275ae8fb5c8: ;   {other}
  0x00000275ae8fb5c8: 0f1f 8400 | b889 00dc | bade ffff | ff4c 8b54 | 2440 4c89 | 5424 204c | 8b54 2448 | 4c89 5424 
  0x00000275ae8fb5e8: 2844 8b54 | 2450 4489 | 5424 3044 | 8b5c 2454 | 4489 5c24 | 344c 8b54 | 2470 4c89 | 5424 384c 
  0x00000275ae8fb608: 8b54 2458 | 4c89 5424 | 4044 8b5c | 246c 4489 | 5c24 484c | 894c 2470 | 4c89 4c24 | 7848 898c 
  0x00000275ae8fb628: 2480 0000 | 0066 6690 

  0x00000275ae8fb630: ;   {runtime_call UncommonTrapBlob}
  0x00000275ae8fb630: c5f8 77e8 

  0x00000275ae8fb634: ; ImmutableOopMap {rbp=NarrowOop [32]=Oop [40]=Oop [48]=NarrowOop [52]=NarrowOop [56]=Oop [72]=NarrowOop [112]=Oop [120]=Oop [128]=Oop [136]=Oop [144]=Oop }
                      ;*checkcast {reexecute=0 rethrow=0 return_oop=0}
                      ; - java.util.jar.Manifest::getAttributes@10
                      ; - java.util.jar.Manifest::getTrustedAttributes@2
                      ; - java.util.jar.JavaUtilJarAccessImpl::getTrustedAttributes@2
                      ; - java.net.URLClassLoader::isSealed@18
                      ; - java.net.URLClassLoader::getAndVerifyPackage@68
                      ; - java.net.URLClassLoader::defineClass@46
                      ; - java.net.URLClassLoader$1::run@43
                      ; - java.net.URLClassLoader$1::run@1
  0x00000275ae8fb634: c883 49ff 

  0x00000275ae8fb638: ;   {other}
  0x00000275ae8fb638: 0f1f 8400 | 288a 00dd | bade ffff | ff4c 8b54 | 2440 4c89 | 5424 284c | 8b54 2448 | 4c89 5424 
  0x00000275ae8fb658: 3044 8b54 | 2454 4489 | 5424 244c | 8b54 2458 | 4c89 5424 | 4044 8b5c | 246c 4489 | 5c24 484c 
  0x00000275ae8fb678: 8b94 2490 | 0000 004c | 8954 2460 | 4c8b 9424 | 9800 0000 | 4c89 5424 | 7844 8b5c | 2450 4489 
  0x00000275ae8fb698: 5c24 4c44 | 8b54 2468 | 4489 5424 | 504c 8b54 | 2478 4c89 | 5424 6890 

  0x00000275ae8fb6b0: ;   {runtime_call UncommonTrapBlob}
  0x00000275ae8fb6b0: c5f8 77e8 

  0x00000275ae8fb6b4: ; ImmutableOopMap {rbp=NarrowOop [32]=NarrowOop [36]=NarrowOop [40]=Oop [48]=Oop [56]=Oop [72]=NarrowOop [96]=Oop [104]=Oop [120]=Oop [136]=NarrowOop }
                      ;*checkcast {reexecute=0 rethrow=0 return_oop=0}
                      ; - sun.security.util.ManifestEntryVerifier::update@32
                      ; - java.util.jar.JarVerifier::update@30
                      ; - java.util.jar.JarVerifier$VerifierStream::read@63
                      ; - jdk.internal.loader.Resource::getBytes@117
                      ; - jdk.internal.loader.URLClassPath$JarLoader$2::getBytes@1
                      ; - java.net.URLClassLoader::defineClass@179
                      ; - java.net.URLClassLoader$1::run@43
                      ; - java.net.URLClassLoader$1::run@1
  0x00000275ae8fb6b4: 4883 49ff 

  0x00000275ae8fb6b8: ;   {other}
  0x00000275ae8fb6b8: 0f1f 8400 | a88a 00de | bade ffff | ff48 8b6c | 2440 4889 | 4424 4090 

  0x00000275ae8fb6d0: ;   {runtime_call UncommonTrapBlob}
  0x00000275ae8fb6d0: c5f8 77e8 

  0x00000275ae8fb6d4: ; ImmutableOopMap {rbp=Oop [32]=NarrowOop [64]=Oop [72]=Oop [84]=NarrowOop [144]=Oop }
                      ;*checkcast {reexecute=0 rethrow=0 return_oop=0}
                      ; - java.security.SecureClassLoader::getProtectionDomain@33
                      ; - java.security.SecureClassLoader::defineClass@9
                      ; - java.net.URLClassLoader::defineClass@220
                      ; - java.net.URLClassLoader$1::run@43
                      ; - java.net.URLClassLoader$1::run@1
  0x00000275ae8fb6d4: 2883 49ff 

  0x00000275ae8fb6d8: ;   {other}
  0x00000275ae8fb6d8: 0f1f 8400 | c88a 00df | baf6 ffff | ff48 8b6c | 2448 6690 

  0x00000275ae8fb6ec: ;   {runtime_call UncommonTrapBlob}
  0x00000275ae8fb6ec: c5f8 77e8 

  0x00000275ae8fb6f0: ; ImmutableOopMap {rbp=Oop }
                      ;*invokevirtual replace {reexecute=0 rethrow=0 return_oop=0}
                      ; - java.net.URLClassLoader$1::run@8
                      ; - java.net.URLClassLoader$1::run@1
  0x00000275ae8fb6f0: 0c83 49ff 

  0x00000275ae8fb6f4: ;   {other}
  0x00000275ae8fb6f4: 0f1f 8400 | e48a 00e0 | baf6 ffff | ff48 8b6c | 2448 6690 

  0x00000275ae8fb708: ;   {runtime_call UncommonTrapBlob}
  0x00000275ae8fb708: c5f8 77e8 

  0x00000275ae8fb70c: ; ImmutableOopMap {rbp=Oop }
                      ;*arraylength {reexecute=0 rethrow=0 return_oop=0}
                      ; - java.lang.StringLatin1::replace@8
                      ; - java.lang.String::replace@18
                      ; - java.net.URLClassLoader$1::run@8
                      ; - java.net.URLClassLoader$1::run@1
  0x00000275ae8fb70c: f082 49ff 

  0x00000275ae8fb710: ;   {other}
  0x00000275ae8fb710: 0f1f 8400 | 008b 00e1 | baf6 ffff | ff48 8944 | 2420 6690 

  0x00000275ae8fb724: ;   {runtime_call UncommonTrapBlob}
  0x00000275ae8fb724: c5f8 77e8 

  0x00000275ae8fb728: ; ImmutableOopMap {[32]=Oop [72]=Oop }
                      ;*getfield ucp {reexecute=1 rethrow=0 return_oop=0}
                      ; - (reexecute) java.net.URLClassLoader$1::run@21
                      ; - java.net.URLClassLoader$1::run@1
  0x00000275ae8fb728: d482 49ff 

  0x00000275ae8fb72c: ;   {other}
  0x00000275ae8fb72c: 0f1f 8400 | 1c8b 00e2 | baf6 ffff | ff48 8b6c | 2440 4c8b | 5424 484c | 8954 2430 

  0x00000275ae8fb748: ;   {runtime_call UncommonTrapBlob}
  0x00000275ae8fb748: c5f8 77e8 

  0x00000275ae8fb74c: ; ImmutableOopMap {rbp=Oop [48]=Oop [72]=Oop [80]=NarrowOop }
                      ;*invokevirtual lastIndexOf {reexecute=0 rethrow=0 return_oop=0}
                      ; - java.net.URLClassLoader::defineClass@7
                      ; - java.net.URLClassLoader$1::run@43
                      ; - java.net.URLClassLoader$1::run@1
  0x00000275ae8fb74c: b082 49ff 

  0x00000275ae8fb750: ;   {other}
  0x00000275ae8fb750: 0f1f 8400 | 408b 00e3 | baf6 ffff | ff48 8b6c | 2440 4c8b | 5424 484c | 8954 2420 

  0x00000275ae8fb76c: ;   {runtime_call UncommonTrapBlob}
  0x00000275ae8fb76c: c5f8 77e8 

  0x00000275ae8fb770: ; ImmutableOopMap {rbp=Oop [32]=Oop [80]=NarrowOop [84]=NarrowOop }
                      ;*arraylength {reexecute=0 rethrow=0 return_oop=0}
                      ; - java.lang.String::length@4
                      ; - java.lang.String::lastIndexOf@3
                      ; - java.net.URLClassLoader::defineClass@7
                      ; - java.net.URLClassLoader$1::run@43
                      ; - java.net.URLClassLoader$1::run@1
  0x00000275ae8fb770: 8c82 49ff 

  0x00000275ae8fb774: ;   {other}
  0x00000275ae8fb774: 0f1f 8400 | 648b 00e4 | baf6 ffff | ff4c 8b54 | 2440 4c89 | 5424 2090 

  0x00000275ae8fb78c: ;   {runtime_call UncommonTrapBlob}
  0x00000275ae8fb78c: c5f8 77e8 

  0x00000275ae8fb790: ; ImmutableOopMap {[32]=Oop [72]=Oop [80]=NarrowOop [84]=NarrowOop [112]=Oop }
                      ;*getfield csu {reexecute=1 rethrow=0 return_oop=0}
                      ; - (reexecute) jdk.internal.loader.URLClassPath$JarLoader$2::getCodeSourceURL@4
                      ; - java.net.URLClassLoader::defineClass@13
                      ; - java.net.URLClassLoader$1::run@43
                      ; - java.net.URLClassLoader$1::run@1
  0x00000275ae8fb790: 6c82 49ff 

  0x00000275ae8fb794: ;   {other}
  0x00000275ae8fb794: 0f1f 8400 | 848b 00e5 | baf6 ffff | ff48 8b6c | 2440 4c8b | 5424 484c | 8954 2420 

  0x00000275ae8fb7b0: ;   {runtime_call UncommonTrapBlob}
  0x00000275ae8fb7b0: c5f8 77e8 

  0x00000275ae8fb7b4: ; ImmutableOopMap {rbp=Oop [32]=Oop [80]=NarrowOop [84]=NarrowOop [108]=NarrowOop [112]=Oop [136]=Oop }
                      ;*getfield jar {reexecute=1 rethrow=0 return_oop=0}
                      ; - (reexecute) jdk.internal.loader.URLClassPath$JarLoader$2::getManifest@7
                      ; - java.net.URLClassLoader::defineClass@34
                      ; - java.net.URLClassLoader$1::run@43
                      ; - java.net.URLClassLoader$1::run@1
  0x00000275ae8fb7b4: 4882 49ff 

  0x00000275ae8fb7b8: ;   {other}
  0x00000275ae8fb7b8: 0f1f 8400 | a88b 00e6 | baf6 ffff | ff48 8b6c | 2440 4c8b | 5424 484c | 8954 2420 

  0x00000275ae8fb7d4: ;   {runtime_call UncommonTrapBlob}
  0x00000275ae8fb7d4: c5f8 77e8 

  0x00000275ae8fb7d8: ; ImmutableOopMap {rbp=Oop [32]=Oop [80]=NarrowOop [84]=NarrowOop [108]=NarrowOop [112]=Oop [136]=Oop }
                      ;*getfield jar {reexecute=1 rethrow=0 return_oop=0}
                      ; - (reexecute) jdk.internal.loader.URLClassPath$JarLoader$2::getManifest@19
                      ; - java.net.URLClassLoader::defineClass@34
                      ; - java.net.URLClassLoader$1::run@43
                      ; - java.net.URLClassLoader$1::run@1
  0x00000275ae8fb7d8: 2482 49ff 

  0x00000275ae8fb7dc: ;   {other}
  0x00000275ae8fb7dc: 0f1f 8400 | cc8b 00e7 | baf6 ffff | ff48 8b6c | 2440 4c8b | 5424 484c | 8954 2420 

  0x00000275ae8fb7f8: ;   {runtime_call UncommonTrapBlob}
  0x00000275ae8fb7f8: c5f8 77e8 

  0x00000275ae8fb7fc: ; ImmutableOopMap {rbp=Oop [32]=Oop [80]=NarrowOop [84]=NarrowOop [108]=NarrowOop [112]=Oop [136]=Oop }
                      ;*invokevirtual getManifest {reexecute=0 rethrow=0 return_oop=0}
                      ; - jdk.internal.loader.URLClassPath$JarLoader$2::getManifest@22
                      ; - java.net.URLClassLoader::defineClass@34
                      ; - java.net.URLClassLoader$1::run@43
                      ; - java.net.URLClassLoader$1::run@1
  0x00000275ae8fb7fc: 0082 49ff 

  0x00000275ae8fb800: ;   {other}
  0x00000275ae8fb800: 0f1f 8400 | f08b 00e8 | baf4 ffff | ff48 8b6c | 2440 4489 | 5424 284c | 895c 2430 

  0x00000275ae8fb81c: ;   {runtime_call UncommonTrapBlob}
  0x00000275ae8fb81c: c5f8 77e8 

  0x00000275ae8fb820: ; ImmutableOopMap {rbp=Oop [40]=NarrowOop [48]=Oop [72]=Oop [84]=NarrowOop [108]=NarrowOop }
                      ;*instanceof {reexecute=0 rethrow=0 return_oop=0}
                      ; - jdk.internal.loader.Resource::getByteBuffer@6
                      ; - java.net.URLClassLoader::defineClass@132
                      ; - java.net.URLClassLoader$1::run@43
                      ; - java.net.URLClassLoader$1::run@1
  0x00000275ae8fb820: dc81 49ff 

  0x00000275ae8fb824: ;   {other}
  0x00000275ae8fb824: 0f1f 8400 | 148c 00e9 | baf6 ffff | ff48 8b6c | 2440 4c8b | 5424 484c | 8954 2428 | 448b 5c24 
  0x00000275ae8fb844: 5444 895c | 2424 4c8b | 5424 584c | 8954 2438 | 4889 7424 | 4848 8974 | 2450 4489 | 4424 4444 
  0x00000275ae8fb864: 894c 2458 

  0x00000275ae8fb868: ;   {runtime_call UncommonTrapBlob}
  0x00000275ae8fb868: c5f8 77e8 

  0x00000275ae8fb86c: ; ImmutableOopMap {rbp=Oop [32]=NarrowOop [36]=NarrowOop [40]=Oop [68]=NarrowOop [72]=Oop [80]=Oop [108]=NarrowOop }
                      ;*invokevirtual getSize {reexecute=0 rethrow=0 return_oop=0}
                      ; - jdk.internal.loader.URLClassPath$JarLoader$2::getContentLength@4
                      ; - jdk.internal.loader.Resource::getBytes@10
                      ; - jdk.internal.loader.URLClassPath$JarLoader$2::getBytes@1
                      ; - java.net.URLClassLoader::defineClass@179
                      ; - java.net.URLClassLoader$1::run@43
                      ; - java.net.URLClassLoader$1::run@1
  0x00000275ae8fb86c: 9081 49ff 

  0x00000275ae8fb870: ;   {other}
  0x00000275ae8fb870: 0f1f 8400 | 608c 00ea | baf6 ffff | ff48 8b6c | 2440 4889 | 7424 3090 

  0x00000275ae8fb888: ;   {runtime_call UncommonTrapBlob}
  0x00000275ae8fb888: c5f8 77e8 

  0x00000275ae8fb88c: ; ImmutableOopMap {rbp=Oop [32]=NarrowOop [48]=Oop [72]=Oop [84]=NarrowOop [108]=NarrowOop }
                      ;*invokevirtual getCrc {reexecute=0 rethrow=0 return_oop=0}
                      ; - jdk.internal.loader.URLClassPath$JarLoader$2::getBytes@26
                      ; - java.net.URLClassLoader::defineClass@179
                      ; - java.net.URLClassLoader$1::run@43
                      ; - java.net.URLClassLoader$1::run@1
  0x00000275ae8fb88c: 7081 49ff 

  0x00000275ae8fb890: ;   {other}
  0x00000275ae8fb890: 0f1f 8400 | 808c 00eb | baf6 ffff | ff48 8b6c | 2440 4889 | 7c24 3890 

  0x00000275ae8fb8a8: ;   {runtime_call UncommonTrapBlob}
  0x00000275ae8fb8a8: c5f8 77e8 

  0x00000275ae8fb8ac: ; ImmutableOopMap {rbp=Oop [32]=NarrowOop [56]=Oop [72]=Oop [84]=NarrowOop [144]=Oop }
                      ;*invokevirtual get {reexecute=0 rethrow=0 return_oop=0}
                      ; - jdk.internal.perf.PerfCounter::get@5
                      ; - jdk.internal.perf.PerfCounter::add@1
                      ; - jdk.internal.perf.PerfCounter::addElapsedTimeFrom@6
                      ; - java.net.URLClassLoader::defineClass@207
                      ; - java.net.URLClassLoader$1::run@43
                      ; - java.net.URLClassLoader$1::run@1
  0x00000275ae8fb8ac: 5081 49ff 

  0x00000275ae8fb8b0: ;   {other}
  0x00000275ae8fb8b0: 0f1f 8400 | a08c 00ec | baf6 ffff | ff48 8b6c | 2440 4889 | 4c24 284c | 894c 2430 

  0x00000275ae8fb8cc: ;   {runtime_call UncommonTrapBlob}
  0x00000275ae8fb8cc: c5f8 77e8 

  0x00000275ae8fb8d0: ; ImmutableOopMap {rbp=Oop [40]=Oop [48]=Oop [72]=Oop }
                      ;*invokeinterface computeIfAbsent {reexecute=0 rethrow=0 return_oop=0}
                      ; - java.security.SecureClassLoader::getProtectionDomain@28
                      ; - java.security.SecureClassLoader::defineClass@9
                      ; - java.net.URLClassLoader::defineClass@220
                      ; - java.net.URLClassLoader$1::run@43
                      ; - java.net.URLClassLoader$1::run@1
  0x00000275ae8fb8d0: 2c81 49ff 

  0x00000275ae8fb8d4: ;   {other}
  0x00000275ae8fb8d4: 0f1f 8400 | c48c 00ed | baf4 ffff | ff48 8b6c | 2440 6690 

  0x00000275ae8fb8e8: ;   {runtime_call UncommonTrapBlob}
  0x00000275ae8fb8e8: c5f8 77e8 

  0x00000275ae8fb8ec: ; ImmutableOopMap {rbp=Oop [32]=NarrowOop [72]=Oop [84]=NarrowOop [144]=Oop }
                      ;*checkcast {reexecute=0 rethrow=0 return_oop=0}
                      ; - java.security.SecureClassLoader::getProtectionDomain@33
                      ; - java.security.SecureClassLoader::defineClass@9
                      ; - java.net.URLClassLoader::defineClass@220
                      ; - java.net.URLClassLoader$1::run@43
                      ; - java.net.URLClassLoader$1::run@1
  0x00000275ae8fb8ec: 1081 49ff 

  0x00000275ae8fb8f0: ;   {other}
  0x00000275ae8fb8f0: 0f1f 8400 | e08c 00ee | baf6 ffff | ff48 8b6c | 2440 4c8b | 5424 484c | 8954 2428 | 4c89 4c24 
  0x00000275ae8fb910: 4866 6690 

  0x00000275ae8fb914: ;   {runtime_call UncommonTrapBlob}
  0x00000275ae8fb914: c5f8 77e8 

  0x00000275ae8fb918: ; ImmutableOopMap {rbp=Oop [32]=NarrowOop [40]=Oop [72]=Oop [84]=NarrowOop [108]=NarrowOop [144]=Oop }
                      ;*getfield jv {reexecute=1 rethrow=0 return_oop=0}
                      ; - (reexecute) java.util.jar.JarFile$JarFileEntry::getCodeSigners@31
                      ; - jdk.internal.loader.URLClassPath$JarLoader$2::getCodeSigners@4
                      ; - java.net.URLClassLoader::defineClass@185
                      ; - java.net.URLClassLoader$1::run@43
                      ; - java.net.URLClassLoader$1::run@1
  0x00000275ae8fb918: e480 49ff 

  0x00000275ae8fb91c: ;   {other}
  0x00000275ae8fb91c: 0f1f 8400 | 0c8d 00ef | baf6 ffff | ff48 8b6c | 2448 6690 

  0x00000275ae8fb930: ;   {runtime_call UncommonTrapBlob}
  0x00000275ae8fb930: c5f8 77e8 

  0x00000275ae8fb934: ; ImmutableOopMap {rbp=Oop }
                      ;*arraylength {reexecute=0 rethrow=0 return_oop=0}
                      ; - java.lang.String::length@4
                      ; - java.lang.StringConcatHelper::prepend@2
                      ; - java.lang.StringConcatHelper::simpleConcat@81
                      ; - java.lang.String::concat@11
                      ; - java.net.URLClassLoader$1::run@13
                      ; - java.net.URLClassLoader$1::run@1
  0x00000275ae8fb934: c880 49ff 

  0x00000275ae8fb938: ;   {other}
  0x00000275ae8fb938: 0f1f 8400 | 288d 00f0 | baf6 ffff | ff48 8b6c | 2440 4c8b | 5424 484c | 8954 2420 | 448b 5424 
  0x00000275ae8fb958: 5044 8954 | 2428 448b | 5c24 5444 | 895c 242c 

  0x00000275ae8fb968: ;   {runtime_call UncommonTrapBlob}
  0x00000275ae8fb968: c5f8 77e8 

  0x00000275ae8fb96c: ; ImmutableOopMap {rbp=Oop [32]=Oop [40]=NarrowOop [44]=NarrowOop [96]=Oop [108]=NarrowOop [112]=Oop [136]=Oop }
                      ;*arraylength {reexecute=0 rethrow=0 return_oop=0}
                      ; - java.lang.String::isEmpty@4
                      ; - java.lang.ClassLoader::definePackage@1
                      ; - java.lang.ClassLoader::getDefinedPackage@32
                      ; - java.net.URLClassLoader::getAndVerifyPackage@2
                      ; - java.net.URLClassLoader::defineClass@46
                      ; - java.net.URLClassLoader$1::run@43
                      ; - java.net.URLClassLoader$1::run@1
  0x00000275ae8fb96c: 9080 49ff 

  0x00000275ae8fb970: ;   {other}
  0x00000275ae8fb970: 0f1f 8400 | 608d 00f1 | baf6 ffff | ff48 8b6c | 2440 4c8b | 5424 484c | 8954 2420 | 448b 5424 
  0x00000275ae8fb990: 5044 8954 | 2428 448b | 5c24 5444 | 895c 242c 

  0x00000275ae8fb9a0: ;   {runtime_call UncommonTrapBlob}
  0x00000275ae8fb9a0: c5f8 77e8 

  0x00000275ae8fb9a4: ; ImmutableOopMap {rbp=Oop [32]=Oop [40]=NarrowOop [44]=NarrowOop [96]=Oop [108]=NarrowOop [112]=Oop [136]=Oop }
                      ;*invokevirtual isNamed {reexecute=0 rethrow=0 return_oop=0}
                      ; - java.lang.Package::isSealed@4
                      ; - java.net.URLClassLoader::getAndVerifyPackage@14
                      ; - java.net.URLClassLoader::defineClass@46
                      ; - java.net.URLClassLoader$1::run@43
                      ; - java.net.URLClassLoader$1::run@1
  0x00000275ae8fb9a4: 5880 49ff 

  0x00000275ae8fb9a8: ;   {other}
  0x00000275ae8fb9a8: 0f1f 8400 | 988d 00f2 | baf6 ffff | ff48 8b6c | 2440 4c8b | 5424 484c | 8954 2420 | 448b 5c24 
  0x00000275ae8fb9c8: 5044 895c | 2428 448b | 5424 5444 | 8954 242c 

  0x00000275ae8fb9d8: ;   {runtime_call UncommonTrapBlob}
  0x00000275ae8fb9d8: c5f8 77e8 

  0x00000275ae8fb9dc: ; ImmutableOopMap {rbp=Oop [32]=Oop [40]=NarrowOop [44]=NarrowOop [96]=Oop [108]=NarrowOop [112]=Oop [136]=Oop }
                      ;*getfield sealBase {reexecute=1 rethrow=0 return_oop=0}
                      ; - (reexecute) java.lang.Package::isSealed@14
                      ; - java.net.URLClassLoader::getAndVerifyPackage@14
                      ; - java.net.URLClassLoader::defineClass@46
                      ; - java.net.URLClassLoader$1::run@43
                      ; - java.net.URLClassLoader$1::run@1
  0x00000275ae8fb9dc: 2080 49ff 

  0x00000275ae8fb9e0: ;   {other}
  0x00000275ae8fb9e0: 0f1f 8400 | d08d 00f3 | baf6 ffff | ff48 8b6c | 2440 4c8b | 5424 484c | 8954 2420 | 448b 5424 
  0x00000275ae8fba00: 5044 8954 | 2428 448b | 5c24 5444 | 895c 242c 

  0x00000275ae8fba10: ;   {runtime_call UncommonTrapBlob}
  0x00000275ae8fba10: c5f8 77e8 

  0x00000275ae8fba14: ; ImmutableOopMap {rbp=Oop [32]=Oop [40]=NarrowOop [44]=NarrowOop [96]=Oop [108]=NarrowOop [112]=Oop [136]=Oop }
                      ;*arraylength {reexecute=0 rethrow=0 return_oop=0}
                      ; - java.lang.StringLatin1::replace@8
                      ; - java.lang.String::replace@18
                      ; - java.net.URLClassLoader::isSealed@9
                      ; - java.net.URLClassLoader::getAndVerifyPackage@68
                      ; - java.net.URLClassLoader::defineClass@46
                      ; - java.net.URLClassLoader$1::run@43
                      ; - java.net.URLClassLoader$1::run@1
  0x00000275ae8fba14: e87f 49ff 

  0x00000275ae8fba18: ;   {other}
  0x00000275ae8fba18: 0f1f 8400 | 088e 00f4 | baf6 ffff | ff48 8b6c | 2440 4c8b | 5424 484c | 8954 2420 | 448b 5c24 
  0x00000275ae8fba38: 5044 895c | 2428 448b | 5424 5444 | 8954 242c | 4c8b 5424 | 584c 8954 | 2438 4889 | 4424 5890 
  0x00000275ae8fba58: ;   {runtime_call UncommonTrapBlob}
  0x00000275ae8fba58: c5f8 77e8 

  0x00000275ae8fba5c: ; ImmutableOopMap {rbp=Oop [32]=Oop [40]=NarrowOop [44]=NarrowOop [88]=Oop [96]=Oop [108]=NarrowOop [112]=Oop [136]=Oop }
                      ;*invokeinterface get {reexecute=0 rethrow=0 return_oop=0}
                      ; - java.util.jar.Manifest::getAttributes@5
                      ; - java.util.jar.Manifest::getTrustedAttributes@2
                      ; - java.util.jar.JavaUtilJarAccessImpl::getTrustedAttributes@2
                      ; - java.net.URLClassLoader::isSealed@18
                      ; - java.net.URLClassLoader::getAndVerifyPackage@68
                      ; - java.net.URLClassLoader::defineClass@46
                      ; - java.net.URLClassLoader$1::run@43
                      ; - java.net.URLClassLoader$1::run@1
  0x00000275ae8fba5c: a07f 49ff 

  0x00000275ae8fba60: ;   {other}
  0x00000275ae8fba60: 0f1f 8400 | 508e 00f5 | baf6 ffff | ff48 8b6c | 2440 4c8b | 5424 484c | 8954 2420 | 448b 5c24 
  0x00000275ae8fba80: 5044 895c | 2428 448b | 5424 5444 | 8954 242c | 4c89 4c24 | 5066 6690 

  0x00000275ae8fba98: ;   {runtime_call UncommonTrapBlob}
  0x00000275ae8fba98: c5f8 77e8 

  0x00000275ae8fba9c: ; ImmutableOopMap {rbp=Oop [32]=Oop [40]=NarrowOop [44]=NarrowOop [80]=Oop [108]=NarrowOop [112]=Oop [136]=Oop }
                      ;*invokeinterface get {reexecute=0 rethrow=0 return_oop=0}
                      ; - java.util.jar.Attributes::get@5
                      ; - java.util.jar.Attributes::getValue@2
                      ; - java.net.URLClassLoader::isSealed@58
                      ; - java.net.URLClassLoader::getAndVerifyPackage@68
                      ; - java.net.URLClassLoader::defineClass@46
                      ; - java.net.URLClassLoader$1::run@43
                      ; - java.net.URLClassLoader$1::run@1
  0x00000275ae8fba9c: 607f 49ff 

  0x00000275ae8fbaa0: ;   {other}
  0x00000275ae8fbaa0: 0f1f 8400 | 908e 00f6 | ba76 ffff | ff48 8b6c | 2440 4c8b | 5424 484c | 8954 2428 | 8b4c 2454 
  0x00000275ae8fbac0: 894c 2424 | 4c8b 5424 | 584c 8954 | 2438 4889 | 7424 4848 | 895c 2450 | 4489 4424 | 4444 894c 
  0x00000275ae8fbae0: 2458 4489 | 5c24 6090 

  0x00000275ae8fbae8: ;   {runtime_call UncommonTrapBlob}
  0x00000275ae8fbae8: c5f8 77e8 

  0x00000275ae8fbaec: ; ImmutableOopMap {rbp=Oop [32]=NarrowOop [36]=NarrowOop [40]=Oop [68]=NarrowOop [72]=Oop [80]=Oop [108]=NarrowOop }
                      ;*if_icmpge {reexecute=1 rethrow=0 return_oop=0}
                      ; - (reexecute) jdk.internal.loader.Resource::getBytes@50
                      ; - jdk.internal.loader.URLClassPath$JarLoader$2::getBytes@1
                      ; - java.net.URLClassLoader::defineClass@179
                      ; - java.net.URLClassLoader$1::run@43
                      ; - java.net.URLClassLoader$1::run@1
  0x00000275ae8fbaec: 107f 49ff 

  0x00000275ae8fbaf0: ;   {other}
  0x00000275ae8fbaf0: 0f1f 8400 | e08e 00f7 | baf6 ffff | ff48 8b6c | 2440 4c8b | 4424 484c | 8944 2420 | 4489 5424 
  0x00000275ae8fbb10: 284c 895c | 2448 6690 

  0x00000275ae8fbb18: ;   {runtime_call UncommonTrapBlob}
  0x00000275ae8fbb18: c5f8 77e8 

  0x00000275ae8fbb1c: ; ImmutableOopMap {rbp=Oop [32]=Oop [40]=NarrowOop [72]=Oop [84]=NarrowOop [108]=NarrowOop }
                      ;*getfield jar {reexecute=1 rethrow=0 return_oop=0}
                      ; - (reexecute) jdk.internal.loader.URLClassPath$JarLoader$2::getInputStream@4
                      ; - jdk.internal.loader.Resource::cachedInputStream@9
                      ; - jdk.internal.loader.Resource::getByteBuffer@1
                      ; - java.net.URLClassLoader::defineClass@132
                      ; - java.net.URLClassLoader$1::run@43
                      ; - java.net.URLClassLoader$1::run@1
  0x00000275ae8fbb1c: e07e 49ff 

  0x00000275ae8fbb20: ;   {other}
  0x00000275ae8fbb20: 0f1f 8400 | 108f 00f8 | baf6 ffff | ff48 8b6c | 2440 4c8b | 5424 484c | 8954 2428 | 448b 5424 
  0x00000275ae8fbb40: 5444 8954 | 2424 4c8b | 5424 584c | 8954 2438 | 4889 7424 | 4848 8974 | 2450 6690 

  0x00000275ae8fbb5c: ;   {runtime_call UncommonTrapBlob}
  0x00000275ae8fbb5c: c5f8 77e8 

  0x00000275ae8fbb60: ; ImmutableOopMap {rbp=Oop [32]=NarrowOop [36]=NarrowOop [40]=Oop [72]=Oop [80]=Oop [108]=NarrowOop }
                      ;*getfield jar {reexecute=1 rethrow=0 return_oop=0}
                      ; - (reexecute) jdk.internal.loader.URLClassPath$JarLoader$2::getInputStream@4
                      ; - jdk.internal.loader.Resource::cachedInputStream@9
                      ; - jdk.internal.loader.Resource::getBytes@1
                      ; - jdk.internal.loader.URLClassPath$JarLoader$2::getBytes@1
                      ; - java.net.URLClassLoader::defineClass@179
                      ; - java.net.URLClassLoader$1::run@43
                      ; - java.net.URLClassLoader$1::run@1
  0x00000275ae8fbb60: 9c7e 49ff 

  0x00000275ae8fbb64: ;   {other}
  0x00000275ae8fbb64: 0f1f 8400 | 548f 00f9 | baf6 ffff | ff48 8b6c | 2440 4c8b | 5424 484c | 8954 2420 | 448b 5c24 
  0x00000275ae8fbb84: 5044 895c | 2428 448b | 5424 5444 | 8954 242c | 4c89 4c24 | 5066 6690 

  0x00000275ae8fbb9c: ;   {runtime_call UncommonTrapBlob}
  0x00000275ae8fbb9c: c5f8 77e8 

  0x00000275ae8fbba0: ; ImmutableOopMap {rbp=Oop [32]=Oop [40]=NarrowOop [44]=NarrowOop [80]=Oop [108]=NarrowOop [112]=Oop [136]=Oop }
                      ;*arraylength {reexecute=0 rethrow=0 return_oop=0}
                      ; - java.lang.String::length@4
                      ; - java.lang.String::equalsIgnoreCase@14
                      ; - java.net.URLClassLoader::isSealed@68
                      ; - java.net.URLClassLoader::getAndVerifyPackage@68
                      ; - java.net.URLClassLoader::defineClass@46
                      ; - java.net.URLClassLoader$1::run@43
                      ; - java.net.URLClassLoader$1::run@1
  0x00000275ae8fbba0: 5c7e 49ff 

  0x00000275ae8fbba4: ;   {other}
  0x00000275ae8fbba4: 0f1f 8400 | 948f 00fa | ba45 ffff | ff48 8b6c | 2440 4c8b | 5c24 484c | 895c 2420 | 448b 5c24 
  0x00000275ae8fbbc4: 5044 895c | 2428 448b | 4424 5444 | 8944 242c | 4c8b 5c24 | 704c 895c | 2430 4c8b | 5c24 584c 
  0x00000275ae8fbbe4: 895c 2438 | 4489 5424 | 5866 6690 

  0x00000275ae8fbbf0: ;   {runtime_call UncommonTrapBlob}
  0x00000275ae8fbbf0: c5f8 77e8 

  0x00000275ae8fbbf4: ; ImmutableOopMap {rbp=Oop [32]=Oop [40]=NarrowOop [44]=NarrowOop [48]=Oop [88]=NarrowOop [108]=NarrowOop [136]=Oop }
                      ;*ifnonnull {reexecute=1 rethrow=0 return_oop=0}
                      ; - (reexecute) jdk.internal.access.SharedSecrets::javaUtilJarAccess@5
                      ; - jdk.internal.loader.URLClassPath$JarLoader$2::getManifest@0
                      ; - java.net.URLClassLoader::defineClass@34
                      ; - java.net.URLClassLoader$1::run@43
                      ; - java.net.URLClassLoader$1::run@1
  0x00000275ae8fbbf4: 087e 49ff 

  0x00000275ae8fbbf8: ;   {other}
  0x00000275ae8fbbf8: 0f1f 8400 | e88f 00fb | ba45 ffff | ff48 8b6c | 2440 4c8b | 5424 484c | 8954 2420 | 448b 5424 
  0x00000275ae8fbc18: 5044 8954 | 2428 448b | 5c24 5444 | 895c 242c | 4c8b 5424 | 704c 8954 | 2430 4c8b | 5424 584c 
  0x00000275ae8fbc38: 8954 2438 

  0x00000275ae8fbc3c: ;   {runtime_call UncommonTrapBlob}
  0x00000275ae8fbc3c: c5f8 77e8 

  0x00000275ae8fbc40: ; ImmutableOopMap {rbp=Oop [32]=Oop [40]=NarrowOop [44]=NarrowOop [48]=Oop [96]=Oop [104]=NarrowOop [108]=NarrowOop [136]=Oop [144]=Oop }
                      ;*ifnonnull {reexecute=1 rethrow=0 return_oop=0}
                      ; - (reexecute) jdk.internal.access.SharedSecrets::javaUtilJarAccess@5
                      ; - java.net.URLClassLoader::isSealed@0
                      ; - java.net.URLClassLoader::getAndVerifyPackage@68
                      ; - java.net.URLClassLoader::defineClass@46
                      ; - java.net.URLClassLoader$1::run@43
                      ; - java.net.URLClassLoader$1::run@1
  0x00000275ae8fbc40: bc7d 49ff 

  0x00000275ae8fbc44: ;   {other}
  0x00000275ae8fbc44: 0f1f 8400 | 3490 00fc | ba45 ffff | ff48 8b6c | 2440 4c8b | 5c24 484c | 895c 2420 | 448b 4424 
  0x00000275ae8fbc64: 5044 8944 | 2428 448b | 5c24 5444 | 895c 242c | 4c8b 5c24 | 584c 895c | 2438 4c89 | 4c24 5044 
  0x00000275ae8fbc84: 8954 2468 

  0x00000275ae8fbc88: ;   {runtime_call UncommonTrapBlob}
  0x00000275ae8fbc88: c5f8 77e8 

  0x00000275ae8fbc8c: ; ImmutableOopMap {rbp=Oop [32]=Oop [40]=NarrowOop [44]=NarrowOop [80]=Oop [104]=NarrowOop [108]=NarrowOop [112]=Oop [136]=Oop [144]=Oop }
                      ;*ifnull {reexecute=1 rethrow=0 return_oop=0}
                      ; - (reexecute) java.net.URLClassLoader::isSealed@51
                      ; - java.net.URLClassLoader::getAndVerifyPackage@68
                      ; - java.net.URLClassLoader::defineClass@46
                      ; - java.net.URLClassLoader$1::run@43
                      ; - java.net.URLClassLoader$1::run@1
  0x00000275ae8fbc8c: 707d 49ff 

  0x00000275ae8fbc90: ;   {other}
  0x00000275ae8fbc90: 0f1f 8400 | 8090 00fd | baf4 ffff | ff48 8b6c | 2440 4c8b | 5424 484c | 8954 2420 | 448b 5c24 
  0x00000275ae8fbcb0: 5044 895c | 2428 448b | 5424 5444 | 8954 242c | 4c8b 5424 | 584c 8954 | 2438 6690 

  0x00000275ae8fbccc: ;   {runtime_call UncommonTrapBlob}
  0x00000275ae8fbccc: c5f8 77e8 

  0x00000275ae8fbcd0: ; ImmutableOopMap {rbp=Oop [32]=Oop [40]=NarrowOop [44]=NarrowOop [96]=Oop [104]=NarrowOop [112]=Oop [136]=Oop }
                      ;*checkcast {reexecute=0 rethrow=0 return_oop=0}
                      ; - java.lang.ClassLoader::definePackage@81
                      ; - java.lang.ClassLoader::getDefinedPackage@32
                      ; - java.net.URLClassLoader::getAndVerifyPackage@2
                      ; - java.net.URLClassLoader::defineClass@46
                      ; - java.net.URLClassLoader$1::run@43
                      ; - java.net.URLClassLoader$1::run@1
  0x00000275ae8fbcd0: 2c7d 49ff 

  0x00000275ae8fbcd4: ;   {other}
  0x00000275ae8fbcd4: 0f1f 8400 | c490 00fe | baf6 ffff | ff4c 8b54 | 2448 4c89 | 5424 2844 | 8b5c 2454 | 4489 5c24 
  0x00000275ae8fbcf4: 244c 8b54 | 2458 4c89 | 5424 4044 | 8b54 246c | 4489 5424 | 484c 8b94 | 2490 0000 | 004c 8954 
  0x00000275ae8fbd14: 2458 448b | 5424 5044 | 8954 244c | 448b 5c24 | 6844 895c | 2450 8944 | 2468 448b | 5424 7444 
  0x00000275ae8fbd34: 8954 246c 

  0x00000275ae8fbd38: ;   {runtime_call UncommonTrapBlob}
  0x00000275ae8fbd38: c5f8 77e8 

  0x00000275ae8fbd3c: ; ImmutableOopMap {rbp=Oop [32]=NarrowOop [36]=NarrowOop [40]=Oop [56]=Oop [72]=NarrowOop [88]=Oop [136]=NarrowOop [152]=Oop }
                      ;*invokevirtual update {reexecute=0 rethrow=0 return_oop=0}
                      ; - java.util.jar.JarVerifier$VerifierStream::read@63
                      ; - jdk.internal.loader.Resource::getBytes@117
                      ; - jdk.internal.loader.URLClassPath$JarLoader$2::getBytes@1
                      ; - java.net.URLClassLoader::defineClass@179
                      ; - java.net.URLClassLoader$1::run@43
                      ; - java.net.URLClassLoader$1::run@1
  0x00000275ae8fbd3c: c07c 49ff 

  0x00000275ae8fbd40: ;   {other}
  0x00000275ae8fbd40: 0f1f 8400 | 3091 00ff | baf6 ffff | ff4c 8b54 | 2448 4c89 | 5424 2844 | 8b5c 2454 | 4489 5c24 
  0x00000275ae8fbd60: 244c 8b54 | 2458 4c89 | 5424 4044 | 8b54 246c | 4489 5424 | 484c 8b94 | 2490 0000 | 004c 8954 
  0x00000275ae8fbd80: 2458 448b | 5424 5044 | 8954 244c | 448b 5c24 | 6844 895c | 2450 6690 

  0x00000275ae8fbd98: ;   {runtime_call UncommonTrapBlob}
  0x00000275ae8fbd98: c5f8 77e8 

  0x00000275ae8fbd9c: ; ImmutableOopMap {rbp=Oop [32]=NarrowOop [36]=NarrowOop [40]=Oop [56]=Oop [72]=NarrowOop [88]=Oop [152]=Oop }
                      ;*invokevirtual update {reexecute=0 rethrow=0 return_oop=0}
                      ; - java.util.jar.JarVerifier::update@30
                      ; - java.util.jar.JarVerifier$VerifierStream::read@63
                      ; - jdk.internal.loader.Resource::getBytes@117
                      ; - jdk.internal.loader.URLClassPath$JarLoader$2::getBytes@1
                      ; - java.net.URLClassLoader::defineClass@179
                      ; - java.net.URLClassLoader$1::run@43
                      ; - java.net.URLClassLoader$1::run@1
  0x00000275ae8fbd9c: 607c 49ff 

  0x00000275ae8fbda0: ;   {other}
  0x00000275ae8fbda0: 0f1f 8400 | 0000 0000 | baf6 ffff | ff48 8b6c | 2440 4c8b | 5424 484c | 8954 2428 | 448b 5c24 
  0x00000275ae8fbdc0: 5444 895c | 2424 4c8b | 5424 584c | 8954 2440 | 448b 5c24 | 5044 895c | 244c 6690 

  0x00000275ae8fbddc: ;   {runtime_call UncommonTrapBlob}
  0x00000275ae8fbddc: c5f8 77e8 

  0x00000275ae8fbde0: ; ImmutableOopMap {rbp=Oop [32]=NarrowOop [36]=NarrowOop [40]=Oop [56]=Oop [108]=NarrowOop [144]=Oop [152]=Oop }
                      ;*invokevirtual size {reexecute=0 rethrow=0 return_oop=0}
                      ; - sun.security.util.ManifestEntryVerifier::update@17
                      ; - java.util.jar.JarVerifier::update@30
                      ; - java.util.jar.JarVerifier$VerifierStream::read@63
                      ; - jdk.internal.loader.Resource::getBytes@117
                      ; - jdk.internal.loader.URLClassPath$JarLoader$2::getBytes@1
                      ; - java.net.URLClassLoader::defineClass@179
                      ; - java.net.URLClassLoader$1::run@43
                      ; - java.net.URLClassLoader$1::run@1
  0x00000275ae8fbde0: 1c7c 49ff 

  0x00000275ae8fbde4: ;   {other}
  0x00000275ae8fbde4: 0f1f 8400 | 0000 0000 | baf6 ffff | ff48 8b6c | 2440 4c8b | 5424 484c | 8954 2428 | 448b 5c24 
  0x00000275ae8fbe04: 5444 895c | 2424 4c8b | 5424 584c | 8954 2440 | 448b 5424 | 5044 8954 | 244c 448b | 5c24 6844 
  0x00000275ae8fbe24: 895c 2450 | 895c 2468 

  0x00000275ae8fbe2c: ;   {runtime_call UncommonTrapBlob}
  0x00000275ae8fbe2c: c5f8 77e8 

  0x00000275ae8fbe30: ; ImmutableOopMap {rbp=Oop [32]=NarrowOop [36]=NarrowOop [40]=Oop [56]=Oop [108]=NarrowOop [144]=Oop [152]=Oop }
                      ;*invokevirtual get {reexecute=0 rethrow=0 return_oop=0}
                      ; - sun.security.util.ManifestEntryVerifier::update@29
                      ; - java.util.jar.JarVerifier::update@30
                      ; - java.util.jar.JarVerifier$VerifierStream::read@63
                      ; - jdk.internal.loader.Resource::getBytes@117
                      ; - jdk.internal.loader.URLClassPath$JarLoader$2::getBytes@1
                      ; - java.net.URLClassLoader::defineClass@179
                      ; - java.net.URLClassLoader$1::run@43
                      ; - java.net.URLClassLoader$1::run@1
  0x00000275ae8fbe30: cc7b 49ff 

  0x00000275ae8fbe34: ;   {other}
  0x00000275ae8fbe34: 0f1f 8400 | 0000 0000 | baf6 ffff | ff48 8b6c | 2440 4c8b | 5424 484c | 8954 2428 | 448b 5c24 
  0x00000275ae8fbe54: 5444 895c | 2424 4c8b | 5424 584c | 8954 2440 | 448b 5c24 | 5044 895c | 244c 448b | 5424 6844 
  0x00000275ae8fbe74: 8954 2450 

  0x00000275ae8fbe78: ;   {runtime_call UncommonTrapBlob}
  0x00000275ae8fbe78: c5f8 77e8 

  0x00000275ae8fbe7c: ; ImmutableOopMap {rbp=Oop [32]=NarrowOop [36]=NarrowOop [40]=Oop [56]=Oop [108]=NarrowOop [144]=Oop [152]=Oop }
                      ;*aaload {reexecute=0 rethrow=0 return_oop=0}
                      ; - java.util.ArrayList::elementData@5
                      ; - java.util.ArrayList::get@11
                      ; - sun.security.util.ManifestEntryVerifier::update@29
                      ; - java.util.jar.JarVerifier::update@30
                      ; - java.util.jar.JarVerifier$VerifierStream::read@63
                      ; - jdk.internal.loader.Resource::getBytes@117
                      ; - jdk.internal.loader.URLClassPath$JarLoader$2::getBytes@1
                      ; - java.net.URLClassLoader::defineClass@179
                      ; - java.net.URLClassLoader$1::run@43
                      ; - java.net.URLClassLoader$1::run@1
  0x00000275ae8fbe7c: 807b 49ff 

  0x00000275ae8fbe80: ;   {other}
  0x00000275ae8fbe80: 0f1f 8400 | 0000 0000 | baf4 ffff | ff48 8b6c | 2440 4c8b | 5424 484c | 8954 2428 | 448b 5424 
  0x00000275ae8fbea0: 5444 8954 | 2424 4c8b | 5424 584c | 8954 2440 | 448b 5c24 | 6c44 895c | 2448 4c8b | 9424 9000 
  0x00000275ae8fbec0: 0000 4c89 | 5424 584c | 8b94 2498 | 0000 004c | 8954 2460 | 448b 5424 | 5044 8954 | 244c 448b 
  0x00000275ae8fbee0: 5c24 6844 | 895c 2450 

  0x00000275ae8fbee8: ;   {runtime_call UncommonTrapBlob}
  0x00000275ae8fbee8: c5f8 77e8 

  0x00000275ae8fbeec: ; ImmutableOopMap {rbp=Oop [32]=NarrowOop [36]=NarrowOop [40]=Oop [56]=Oop [72]=NarrowOop [88]=Oop [96]=Oop [136]=NarrowOop }
                      ;*checkcast {reexecute=0 rethrow=0 return_oop=0}
                      ; - sun.security.util.ManifestEntryVerifier::update@32
                      ; - java.util.jar.JarVerifier::update@30
                      ; - java.util.jar.JarVerifier$VerifierStream::read@63
                      ; - jdk.internal.loader.Resource::getBytes@117
                      ; - jdk.internal.loader.URLClassPath$JarLoader$2::getBytes@1
                      ; - java.net.URLClassLoader::defineClass@179
                      ; - java.net.URLClassLoader$1::run@43
                      ; - java.net.URLClassLoader$1::run@1
  0x00000275ae8fbeec: 107b 49ff 

  0x00000275ae8fbef0: ;   {other}
  0x00000275ae8fbef0: 0f1f 8400 | 0000 0000 | baf6 ffff | ff48 8b6c | 2440 4c8b | 5424 484c | 8954 2428 | 448b 5424 
  0x00000275ae8fbf10: 5444 8954 | 2424 4c8b | 5424 584c | 8954 2440 | 448b 5424 | 5044 8954 | 244c 6690 

  0x00000275ae8fbf2c: ;   {runtime_call UncommonTrapBlob}
  0x00000275ae8fbf2c: c5f8 77e8 

  0x00000275ae8fbf30: ; ImmutableOopMap {rbp=Oop [32]=NarrowOop [36]=NarrowOop [40]=Oop [56]=Oop [108]=NarrowOop [144]=Oop [152]=Oop }
                      ;*invokevirtual size {reexecute=0 rethrow=0 return_oop=0}
                      ; - sun.security.util.ManifestEntryVerifier::update@17
                      ; - java.util.jar.JarVerifier::update@30
                      ; - java.util.jar.JarVerifier$VerifierStream::read@63
                      ; - jdk.internal.loader.Resource::getBytes@117
                      ; - jdk.internal.loader.URLClassPath$JarLoader$2::getBytes@1
                      ; - java.net.URLClassLoader::defineClass@179
                      ; - java.net.URLClassLoader$1::run@43
                      ; - java.net.URLClassLoader$1::run@1
  0x00000275ae8fbf30: cc7a 49ff 

  0x00000275ae8fbf34: ;   {other}
  0x00000275ae8fbf34: 0f1f 8400 | 0000 0000 | baf6 ffff | ff48 8b6c | 2440 4c8b | 5424 484c | 8954 2430 | 4489 4424 
  0x00000275ae8fbf54: 4466 6690 

  0x00000275ae8fbf58: ;   {runtime_call UncommonTrapBlob}
  0x00000275ae8fbf58: c5f8 77e8 

  0x00000275ae8fbf5c: ; ImmutableOopMap {rbp=Oop [32]=NarrowOop [40]=Oop [48]=Oop [68]=NarrowOop [84]=NarrowOop [108]=NarrowOop }
                      ;*getfield manifestName {reexecute=1 rethrow=0 return_oop=0}
                      ; - (reexecute) java.util.jar.JarVerifier$VerifierStream::<init>@29
                      ; - java.util.jar.JarFile::getInputStream@84
                      ; - jdk.internal.loader.URLClassPath$JarLoader$2::getInputStream@11
                      ; - jdk.internal.loader.Resource::cachedInputStream@9
                      ; - jdk.internal.loader.Resource::getByteBuffer@1
                      ; - java.net.URLClassLoader::defineClass@132
                      ; - java.net.URLClassLoader$1::run@43
                      ; - java.net.URLClassLoader$1::run@1
  0x00000275ae8fbf5c: a07a 49ff 

  0x00000275ae8fbf60: ;   {other}
  0x00000275ae8fbf60: 0f1f 8400 | 0000 0000 | baf6 ffff | ff48 8b6c | 2440 4c8b | 5424 484c | 8954 2428 | 448b 5424 
  0x00000275ae8fbf80: 5444 8954 | 2424 4c8b | 5424 384c | 8954 2430 | 4c8b 5424 | 584c 8954 | 2440 4489 | 4424 4c90 
  0x00000275ae8fbfa0: ;   {runtime_call UncommonTrapBlob}
  0x00000275ae8fbfa0: c5f8 77e8 

  0x00000275ae8fbfa4: ; ImmutableOopMap {rbp=Oop [32]=NarrowOop [36]=NarrowOop [40]=Oop [48]=Oop [76]=NarrowOop [108]=NarrowOop }
                      ;*getfield manifestName {reexecute=1 rethrow=0 return_oop=0}
                      ; - (reexecute) java.util.jar.JarVerifier$VerifierStream::<init>@29
                      ; - java.util.jar.JarFile::getInputStream@84
                      ; - jdk.internal.loader.URLClassPath$JarLoader$2::getInputStream@11
                      ; - jdk.internal.loader.Resource::cachedInputStream@9
                      ; - jdk.internal.loader.Resource::getBytes@1
                      ; - jdk.internal.loader.URLClassPath$JarLoader$2::getBytes@1
                      ; - java.net.URLClassLoader::defineClass@179
                      ; - java.net.URLClassLoader$1::run@43
                      ; - java.net.URLClassLoader$1::run@1
  0x00000275ae8fbfa4: 587a 49ff 

  0x00000275ae8fbfa8: ;   {other}
  0x00000275ae8fbfa8: 0f1f 8400 | 0000 0000 | ba45 ffff | ff4c 8b54 | 2440 4c89 | 5424 284c | 8b54 2448 | 4c89 5424 
  0x00000275ae8fbfc8: 3044 8b5c | 2454 4489 | 5c24 244c | 8b54 2458 | 4c89 5424 | 4044 8b54 | 246c 4489 | 5424 484c 
  0x00000275ae8fbfe8: 8b94 2498 | 0000 004c | 8954 2478 | 448b 5c24 | 5044 895c | 244c 448b | 5424 6844 | 8954 2450 
  0x00000275ae8fc008: 448b 5c24 | 744c 8b54 | 2478 4c89 | 5424 6848 | 899c 2480 | 0000 0044 | 895c 2470 

  0x00000275ae8fc024: ;   {runtime_call UncommonTrapBlob}
  0x00000275ae8fc024: c5f8 77e8 

  0x00000275ae8fc028: ; ImmutableOopMap {rbp=NarrowOop [32]=NarrowOop [36]=NarrowOop [40]=Oop [48]=Oop [56]=Oop [72]=NarrowOop [104]=Oop [120]=Oop [128]=Oop [144]=Oop }
                      ;*ifnonnull {reexecute=1 rethrow=0 return_oop=0}
                      ; - (reexecute) java.util.jar.JarVerifier$VerifierStream::ensureOpen@4
                      ; - java.util.jar.JarVerifier$VerifierStream::read@1
                      ; - jdk.internal.loader.Resource::getBytes@117
                      ; - jdk.internal.loader.URLClassPath$JarLoader$2::getBytes@1
                      ; - java.net.URLClassLoader::defineClass@179
                      ; - java.net.URLClassLoader$1::run@43
                      ; - java.net.URLClassLoader$1::run@1
  0x00000275ae8fc028: d479 49ff 

  0x00000275ae8fc02c: ;   {other}
  0x00000275ae8fc02c: 0f1f 8400 | 0000 0000 | ba97 ffff | ff8b 6c24 | 604c 8b54 | 2440 4c89 | 5424 204c | 8b54 2448 
  0x00000275ae8fc04c: 4c89 5424 | 2844 8b54 | 2450 4489 | 5424 3044 | 8b54 2454 | 4489 5424 | 344c 8b54 | 2458 4c89 
  0x00000275ae8fc06c: 5424 404c | 8b94 2488 | 0000 004c | 8954 2458 

  0x00000275ae8fc07c: ;   {runtime_call UncommonTrapBlob}
  0x00000275ae8fc07c: c5f8 77e8 

  0x00000275ae8fc080: ; ImmutableOopMap {rbp=NarrowOop [32]=Oop [40]=Oop [48]=NarrowOop [52]=NarrowOop [88]=Oop [108]=NarrowOop [112]=Oop [136]=Oop }
                      ;*invokevirtual clone {reexecute=1 rethrow=0 return_oop=0}
                      ; - (reexecute) java.util.Arrays::copyOfRange@18
                      ; - java.lang.StringLatin1::newString@16
                      ; - java.lang.String::substring@41
                      ; - java.net.URLClassLoader::defineClass@28
                      ; - java.net.URLClassLoader$1::run@43
                      ; - java.net.URLClassLoader$1::run@1
  0x00000275ae8fc080: 7c79 49ff 

  0x00000275ae8fc084: ;   {other}
  0x00000275ae8fc084: 0f1f 8400 | 0000 0000 | ba97 ffff | ff4c 8b54 | 2440 4c89 | 5424 284c | 8b54 2448 | 4c89 5424 
  0x00000275ae8fc0a4: 4044 8b54 | 2454 4489 | 5424 2490 

  0x00000275ae8fc0b0: ;   {runtime_call UncommonTrapBlob}
  0x00000275ae8fc0b0: c5f8 77e8 

  0x00000275ae8fc0b4: ; ImmutableOopMap {[32]=NarrowOop [36]=NarrowOop [40]=Oop [56]=Oop [64]=Oop [144]=Oop [232]=Oop }
                      ;*invokevirtual clone {reexecute=1 rethrow=0 return_oop=0}
                      ; - (reexecute) java.security.CodeSource::<init>@42
                      ; - java.net.URLClassLoader::defineClass@198
                      ; - java.net.URLClassLoader$1::run@43
                      ; - java.net.URLClassLoader$1::run@1
  0x00000275ae8fc0b4: 4879 49ff 

  0x00000275ae8fc0b8: ;   {other}
  0x00000275ae8fc0b8: 0f1f 8400 | 0000 0000 | ba97 ffff | ff4c 8b54 | 2448 4c89 | 5424 2844 | 8b54 2454 | 4489 5424 
  0x00000275ae8fc0d8: 304c 8b54 | 2458 4c89 | 5424 4090 

  0x00000275ae8fc0e4: ;   {runtime_call UncommonTrapBlob}
  0x00000275ae8fc0e4: c5f8 77e8 

  0x00000275ae8fc0e8: ; ImmutableOopMap {rbp=Oop [32]=NarrowOop [36]=NarrowOop [40]=Oop [48]=NarrowOop [56]=Oop [96]=Oop [108]=NarrowOop }
                      ;*invokevirtual clone {reexecute=1 rethrow=0 return_oop=0}
                      ; - (reexecute) java.util.Arrays::copyOf@7
                      ; - jdk.internal.loader.Resource::getBytes@94
                      ; - jdk.internal.loader.URLClassPath$JarLoader$2::getBytes@1
                      ; - java.net.URLClassLoader::defineClass@179
                      ; - java.net.URLClassLoader$1::run@43
                      ; - java.net.URLClassLoader$1::run@1
  0x00000275ae8fc0e8: 1479 49ff 

  0x00000275ae8fc0ec: ;   {other}
  0x00000275ae8fc0ec: 0f1f 8400 | 0000 0000 | ba97 ffff | ff48 8b6c | 2440 6690 

  0x00000275ae8fc100: ;   {runtime_call UncommonTrapBlob}
  0x00000275ae8fc100: c5f8 77e8 

  0x00000275ae8fc104: ; ImmutableOopMap {rbp=Oop [32]=NarrowOop [56]=NarrowOop [72]=Oop [84]=NarrowOop [108]=NarrowOop [144]=Oop }
                      ;*invokevirtual clone {reexecute=1 rethrow=0 return_oop=0}
                      ; - (reexecute) java.util.jar.JarFile$JarFileEntry::getCodeSigners@70
                      ; - jdk.internal.loader.URLClassPath$JarLoader$2::getCodeSigners@4
                      ; - java.net.URLClassLoader::defineClass@185
                      ; - java.net.URLClassLoader$1::run@43
                      ; - java.net.URLClassLoader$1::run@1
  0x00000275ae8fc104: f878 49ff 

  0x00000275ae8fc108: ;   {other}
  0x00000275ae8fc108: 0f1f 8400 | 0000 0000 | 488b d8e9 | db05 0000 | 488b d8e9 | d305 0000 | 4c8b d0e9 | c70a 0000 
  0x00000275ae8fc128: 4c8b d0e9 | ee02 0000 | 4c8b d0e9 | b70a 0000 | 4c8b d0e9 | af0a 0000 | 4c8b d0e9 | a70a 0000 
  0x00000275ae8fc148: 4c8b d0e9 | 9f0a 0000 | 4c8b d0e9 | c602 0000 | 4c8b d0e9 | be02 0000 | 4c8b d0e9 | b602 0000 
  0x00000275ae8fc168: 498b cb48 | 8d94 2410 | 0100 004d | 8bc7 c5f8 | 7749 ba40 | d9df 26f8 | 7f00 0041 

  0x00000275ae8fc184: ;   {other}
  0x00000275ae8fc184: ffd2 0f1f | 8400 0000 | 0000 e928 | 0a00 0048 | 8bd8 448b | 5808 49b8 | 0000 00bb | 7502 0000 
  0x00000275ae8fc1a4: 4d03 c3e9 | 570a 0000 | 488b d844 | 8b50 0849 | bb00 0000 | bb75 0200 | 004d 03da | 4d8b 5350 
  0x00000275ae8fc1c4: ;   {metadata('java/io/InterruptedIOException')}
  0x00000275ae8fc1c4: 49b8 4892 | 1dbc 7502 | 0000 4d3b | d00f 84bf | 0900 004d 

  0x00000275ae8fc1d8: ;   {metadata('java/io/IOException')}
  0x00000275ae8fc1d8: 8b53 4849 | bbc0 5004 | bc75 0200 | 004d 3bd3 | 0f85 cd09 | 0000 448b | 5424 5045 | 85d2 0f85 
  0x00000275ae8fc1f8: 9a09 0000 | e9b7 0900 | 0048 8bd8 | e9b2 0900 | 0048 8bd8 | e912 0800 | 0048 8bd8 | e90a 0800 
  0x00000275ae8fc218: 0048 8bd8 | e902 0800 | 0048 8bd8 | e9fa 0700 | 0048 8bd8 | e97b 0600 | 0048 8bd8 | e973 0600 
  0x00000275ae8fc238: 0048 8bd8 | e96b 0600 | 0048 8bd8 | e963 0600 | 0048 8bd8 | e9d2 0700 | 0048 8bd8 | e953 0600 
  0x00000275ae8fc258: 0048 8bd8 | e992 0400 | 0048 8bd8 | e9ba 0700 | 0048 8bd8 | e93b 0600 | 004c 8bd0 | e9a5 0100 
  0x00000275ae8fc278: 0048 8be8 | e9e7 0800 | 004c 8bd0 | e966 0900 | 004c 8bd0 | e95e 0900 | 004c 8bd0 | e956 0900 
  0x00000275ae8fc298: 004c 8bd0 | e94e 0900 | 004c 8bd0 | e946 0900 | 0048 8bd8 | e9e6 0900 | 0048 8bd8 | e9de 0900 
  0x00000275ae8fc2b8: 0048 8bd8 | e9d6 0900 | 004c 8bd0 | e955 0100 | 004c 8bd0 | e94d 0100 | 0048 8bd8 | e94a 0700 
  0x00000275ae8fc2d8: ;   {no_reloc}
  0x00000275ae8fc2d8: 0048 8bd8 | e9cb 0500 | 004c 8bd0 | e9ed 0800 | 004c 8bd0 | e9e5 0800 | 0048 8bd8 | 448b 5008 
  0x00000275ae8fc2f8: 49b8 0000 | 00bb 7502 | 0000 4d03 | c2e9 f908 | 0000 488b | e8e9 5608 | 0000 4c8b | d0e9 d508 
  0x00000275ae8fc318: 0000 4c8b | d0e9 cd08 | 0000 4c8b | d0e9 c508 | 0000 e9f7 | 0100 004c | 8bd0 eb03 | 4c8b d049 
  0x00000275ae8fc338: 8bda 458b | 5208 49b8 | 0000 00bb | 7502 0000 | 4d03 c2e9 | b308 0000 | 4c8b d0eb | 034c 8bd0 
  0x00000275ae8fc358: 498b dae9 | 3709 0000 | 488b e8e9 | 0008 0000 | 488b e848 | 8b94 2490 | 0000 004c | 8b54 2478 
  0x00000275ae8fc378: 4c89 5424 | 3066 6690 

  0x00000275ae8fc380: ;   {static_call}
  0x00000275ae8fc380: c5f8 77e8 

  0x00000275ae8fc384: ; ImmutableOopMap {rbp=Oop [48]=Oop [64]=Oop [72]=Oop [96]=Oop [108]=NarrowOop [112]=Oop [128]=Oop [136]=Oop }
                      ;*invokestatic endInit {reexecute=0 rethrow=0 return_oop=0}
                      ; - java.util.jar.JarFile::ensureInitialization@53
                      ; - java.util.jar.JavaUtilJarAccessImpl::ensureInitialization@1
                      ; - jdk.internal.loader.URLClassPath$JarLoader$2::getManifest@10
                      ; - java.net.URLClassLoader::defineClass@34
                      ; - java.net.URLClassLoader$1::run@43
                      ; - java.net.URLClassLoader$1::run@1
  0x00000275ae8fc384: f829 49ff 

  0x00000275ae8fc388: ;   {other}
  0x00000275ae8fc388: 0f1f 8400 | 0000 0000 | 488b dde9 | 5b03 0000 | 488b d8e9 | 5303 0000 | 488b d844 | 8b50 0849 
  0x00000275ae8fc3a8: b800 0000 | bb75 0200 | 004d 03c2 | 4d8b 5050 | 4c3b d50f | 8542 0800 | 0045 33c9 | e9fe 0000 
  0x00000275ae8fc3c8: 004c 8bd0 | e91e 0800 | 004c 8bd0 | eb48 4c8b | d0e9 1108 | 0000 4c8b | d0e9 0908 | 0000 4c8b 
  0x00000275ae8fc3e8: d0e9 0108 | 0000 488b | d8e9 c507 | 0000 4c8b | d0e9 f107 | 0000 4c8b | d0e9 e907 | 0000 488b 
  0x00000275ae8fc408: d8e9 1506 | 0000 488b | d8e9 9604 | 0000 4c8b | d0eb 034c | 8bd0 498b | dae9 7108 | 0000 e9fb 
  0x00000275ae8fc428: 0000 0048 | 8bd8 448b | 4008 49ba | 0000 00bb | 7502 0000 | 4d03 d0e9 | 2401 0000 | e9dd 0000 
  0x00000275ae8fc448: 004c 8bd0 | e99e 0700 | 004c 8bd0 | e996 0700 | 004c 8bd0 | e98e 0700 | 0048 8bd8 | e9ba 0500 
  0x00000275ae8fc468: 0048 8bd8 | e9b2 0500 | 0048 8bd8 | e933 0400 | 0048 8bd8 | e9a2 0500 | 0048 8bd8 

  0x00000275ae8fc484: ;   {no_reloc}
  0x00000275ae8fc484: e923 0400 | 0048 8bd8 | e992 0500 | 0048 8bd8 | e913 0400 | 0048 8bd8 | e90b 0400 | 0048 8bd8 
  0x00000275ae8fc4a4: 448b 5808 | 49b8 0000 | 00bb 7502 | 0000 4d03 | c34d 8b50 | 504c 3bd5 | 0f85 4107 | 0000 4c8b 
  0x00000275ae8fc4c4: 4c24 2044 | 8b5c 2450 | 498b d34c | 8b84 2488 | 0000 0048 | 8b7c 2428 | 488b 6c24 | 4066 6690 
  0x00000275ae8fc4e4: ;   {optimized virtual_call}
  0x00000275ae8fc4e4: c5f8 77e8 

  0x00000275ae8fc4e8: ; ImmutableOopMap {rbp=Oop [48]=Oop [64]=Oop [72]=Oop [80]=NarrowOop [84]=NarrowOop [108]=NarrowOop [112]=Oop [128]=Oop [136]=Oop }
                      ;*invokevirtual getAndVerifyPackage {reexecute=0 rethrow=0 return_oop=1}
                      ; - java.net.URLClassLoader::defineClass@97
                      ; - java.net.URLClassLoader$1::run@43
                      ; - java.net.URLClassLoader$1::run@1
  0x00000275ae8fc4e8: 9422 49ff 

  0x00000275ae8fc4ec: ;   {other}
  0x00000275ae8fc4ec: 0f1f 8400 | 0000 0000 | 4885 c00f | 854b 91ff | ffba fd00 | 0000 6690 

  0x00000275ae8fc504: ;   {runtime_call UncommonTrapBlob}
  0x00000275ae8fc504: c5f8 77e8 

  0x00000275ae8fc508: ; ImmutableOopMap {rbp=Oop [72]=Oop [136]=Oop }
                      ;*new {reexecute=0 rethrow=0 return_oop=0}
                      ; - java.net.URLClassLoader::defineClass@103
                      ; - java.net.URLClassLoader$1::run@43
                      ; - java.net.URLClassLoader$1::run@1
  0x00000275ae8fc508: f474 49ff 

  0x00000275ae8fc50c: ;   {other}
  0x00000275ae8fc50c: 0f1f 8400 | 0000 0000 | 4c8b d0e9 | d306 0000 | 4c8b d0e9 | cb06 0000 | eb00 448b | 5808 49ba 
  0x00000275ae8fc52c: 0000 00bb | 7502 0000 | 4d03 d3e9 | ab02 0000 | 4c8b d0e9 | ab06 0000 | 4c8b d0e9 | a306 0000 
  0x00000275ae8fc54c: 4c8b d0e9 | 9b06 0000 | 488b d844 | 8b58 0849 | ba00 0000 | bb75 0200 | 004d 03d3 | 4d8b 5a50 
  0x00000275ae8fc56c: ;   {metadata('java/io/InterruptedIOException')}
  0x00000275ae8fc56c: 49b8 4892 | 1dbc 7502 | 0000 4d3b | d80f 8431 | d9ff ff4d 

  0x00000275ae8fc580: ;   {metadata('java/io/IOException')}
  0x00000275ae8fc580: 8b52 4849 | bbc0 5004 | bc75 0200 | 004d 3bd3 | 0f85 2506 | 0000 448b | 4c24 2445 | 85c9 0f85 
  0x00000275ae8fc5a0: e407 0000 | 488b 7424 | 30e9 b199 | ffff 488b | d844 8b58 | 0849 ba00 | 0000 bb75 | 0200 004d 
  0x00000275ae8fc5c0: 03d3 4d8b 

  0x00000275ae8fc5c4: ;   {metadata('java/io/IOException')}
  0x00000275ae8fc5c4: 5248 49bb | c050 04bc | 7502 0000 | 4d3b d30f | 851a 0100 | 004c 8bd8 | 498b 87b8 | 0100 004c 
  0x00000275ae8fc5e4: 8bd0 4983 | c228 4d3b | 97c8 0100 | 000f 83a8 | 0600 004d | 8997 b801 | 0000 410f | 0d8a 0001 
  0x00000275ae8fc604: 0000 48c7 | 0001 0000 

  0x00000275ae8fc60c: ;   {metadata('java/lang/RuntimeException')}
  0x00000275ae8fc60c: 00c7 4008 | a8b7 0500 | 4489 600c | 4c89 6010 | 4c89 6018 | 4c89 6020 | 488b e848 | 8bd5 4d8b 
  0x00000275ae8fc62c: c34c 8b54 | 2478 4c89 | 5424 3090 

  0x00000275ae8fc638: ;   {optimized virtual_call}
  0x00000275ae8fc638: c5f8 77e8 

  0x00000275ae8fc63c: ; ImmutableOopMap {rbp=Oop [48]=Oop [64]=Oop [72]=Oop [96]=Oop [108]=NarrowOop [112]=Oop [128]=Oop [136]=Oop }
                      ;*invokespecial <init> {reexecute=0 rethrow=0 return_oop=0}
                      ; - java.util.jar.JarFile::ensureInitialization@13
                      ; - java.util.jar.JavaUtilJarAccessImpl::ensureInitialization@1
                      ; - jdk.internal.loader.URLClassPath$JarLoader$2::getManifest@10
                      ; - java.net.URLClassLoader::defineClass@34
                      ; - java.net.URLClassLoader$1::run@43
                      ; - java.net.URLClassLoader$1::run@1
  0x00000275ae8fc63c: 4021 49ff 

  0x00000275ae8fc640: ;   {other}
  0x00000275ae8fc640: 0f1f 8400 | 0000 0000 | 4c8b 5c24 | 6048 8d84 | 2410 0100 | 0048 8338 | 000f 8479 | 0000 004d 
  0x00000275ae8fc660: 8b13 41f6 | c202 0f84 | 6200 0000 | 4983 ba86 | 0000 0000 | 7409 49ff | 8a86 0000 | 00eb 4b49 
  0x00000275ae8fc680: 8b82 9600 | 0000 490b | 828e 0000 | 0075 0a49 | c742 3e00 | 0000 00eb | 3d49 83ba | 9e00 0000 
  0x00000275ae8fc6a0: 0074 2248 | 33c0 49c7 | 423e 0000 | 0000 f083 | 0424 0049 | 83ba 9e00 | 0000 0075 | 0df0 4d0f 
  0x00000275ae8fc6c0: b17a 3e75 | 0583 c801 | eb0c a800 | eb08 4c8b | 10f0 4d0f | b113 750a | 49ff 8f50 | 0500 0045 
  0x00000275ae8fc6e0: 33d2 0f85 | 7506 0000 | 488b d5e9 | e5b5 ffff | 488b d84c | 8b5c 2460 | 488d 8424 | 1001 0000 
  0x00000275ae8fc700: 4883 3800 | 0f84 7900 | 0000 4d8b | 1341 f6c2 | 020f 8462 | 0000 0049 | 83ba 8600 | 0000 0074 
  0x00000275ae8fc720: 0949 ff8a | 8600 0000 | eb4b 498b | 8296 0000 | 0049 0b82 | 8e00 0000 | 750a 49c7 

  0x00000275ae8fc73c: ;   {no_reloc}
  0x00000275ae8fc73c: 423e 0000 | 0000 eb3d | 4983 ba9e | 0000 0000 | 7422 4833 | c049 c742 | 3e00 0000 | 00f0 8304 
  0x00000275ae8fc75c: 2400 4983 | ba9e 0000 | 0000 750d | f04d 0fb1 | 7a3e 7505 | 83c8 01eb | 0ca8 00eb | 084c 8b10 
  0x00000275ae8fc77c: f04d 0fb1 | 1375 0a49 | ff8f 5005 | 0000 4533 | d20f 8472 | 0200 0049 | 8bcb 488d | 9424 1001 
  0x00000275ae8fc79c: 0000 4d8b | c7c5 f877 | 49ba 40d9 | df26 f87f | 0000 41ff 

  0x00000275ae8fc7b0: ;   {other}
  0x00000275ae8fc7b0: d20f 1f84 | 0000 0000 | 00e9 4702 | 0000 4c8b | d0e9 2904 | 0000 4c8b | d0e9 2104 | 0000 4c8b 
  0x00000275ae8fc7d0: d0e9 1904 | 0000 448b | 5808 49ba | 0000 00bb | 7502 0000 | 4d03 d34d 

  0x00000275ae8fc7e8: ;   {metadata('java/io/InterruptedIOException')}
  0x00000275ae8fc7e8: 8b52 5049 | bb48 921d | bc75 0200 | 004d 3bd3 | 0f85 6703 | 0000 488b | 6c24 4090 

  0x00000275ae8fc804: ;   {static_call}
  0x00000275ae8fc804: c5f8 77e8 

  0x00000275ae8fc808: ; ImmutableOopMap {rbp=Oop [32]=NarrowOop [36]=NarrowOop [40]=Oop [48]=Oop [56]=Oop [64]=Oop [72]=Oop [84]=NarrowOop [108]=NarrowOop [120]=Oop [128]=Oop [144]=Oop }
                      ;*invokestatic interrupted {reexecute=0 rethrow=0 return_oop=0}
                      ; - jdk.internal.loader.Resource::getBytes@127
                      ; - jdk.internal.loader.URLClassPath$JarLoader$2::getBytes@1
                      ; - java.net.URLClassLoader::defineClass@179
                      ; - java.net.URLClassLoader$1::run@43
                      ; - java.net.URLClassLoader$1::run@1
  0x00000275ae8fc808: 7425 49ff 

  0x00000275ae8fc80c: ;   {other}
  0x00000275ae8fc80c: 0f1f 8400 | 0000 0000 | 448b 5424 | 7441 b801 | 0000 0044 | 8944 2450 | e9cf 96ff | ff4c 8bd0 
  0x00000275ae8fc82c: e9be 0300 | 0048 8bd8 | 448b 5008 | 49b8 0000 | 00bb 7502 | 0000 4d03 | c2e9 b903 | 0000 488b 
  0x00000275ae8fc84c: d844 8b50 | 0849 b800 | 0000 bb75 | 0200 004d | 03c2 4d8b 

  0x00000275ae8fc860: ;   {metadata('java/io/IOException')}
  0x00000275ae8fc860: 5048 49bb | c050 04bc | 7502 0000 | 4d3b d30f | 858e 0300 | 0048 8be8 | ba2a 0000 | 004c 8b54 
  0x00000275ae8fc880: 2440 4c89 | 5424 284c | 8b54 2448 | 4c89 5424 | 3866 6690 

  0x00000275ae8fc894: ;   {runtime_call UncommonTrapBlob}
  0x00000275ae8fc894: c5f8 77e8 

  0x00000275ae8fc898: ; ImmutableOopMap {rbp=Oop [32]=NarrowOop [40]=Oop [56]=Oop [84]=NarrowOop [108]=NarrowOop [144]=Oop }
                      ;*new {reexecute=0 rethrow=0 return_oop=0}
                      ; - java.util.jar.JarFile$JarFileEntry::getCodeSigners@11
                      ; - jdk.internal.loader.URLClassPath$JarLoader$2::getCodeSigners@4
                      ; - java.net.URLClassLoader::defineClass@185
                      ; - java.net.URLClassLoader$1::run@43
                      ; - java.net.URLClassLoader$1::run@1
  0x00000275ae8fc898: 6471 49ff 

  0x00000275ae8fc89c: ;   {other}
  0x00000275ae8fc89c: 0f1f 8400 | 0000 0000 | 488b d8eb | 0348 8bd8 | 4c8b 5c24 | 6048 8d84 | 2418 0100 | 0048 8338 
  0x00000275ae8fc8bc: 000f 8479 | 0000 004d | 8b13 41f6 | c202 0f84 | 6200 0000 | 4983 ba86 | 0000 0000 | 7409 49ff 
  0x00000275ae8fc8dc: 8a86 0000 | 00eb 4b49 | 8b82 9600 | 0000 490b | 828e 0000 | 0075 0a49 | c742 3e00 | 0000 00eb 
  0x00000275ae8fc8fc: 3d49 83ba | 9e00 0000 | 0074 2248 | 33c0 49c7 | 423e 0000 | 0000 f083 | 0424 0049 | 83ba 9e00 
  0x00000275ae8fc91c: 0000 0075 | 0df0 4d0f | b17a 3e75 | 0583 c801 | eb0c a800 | eb08 4c8b | 10f0 4d0f | b113 750a 
  0x00000275ae8fc93c: 49ff 8f50 | 0500 0045 | 33d2 0f85 | 9003 0000 | 4c8b 5c24 | 2848 8d84 | 2410 0100 | 0048 8338 
  0x00000275ae8fc95c: 000f 8479 | 0000 004d | 8b13 41f6 | c202 0f84 | 6200 0000 | 4983 ba86 | 0000 0000 | 7409 49ff 
  0x00000275ae8fc97c: 8a86 0000 | 00eb 4b49 | 8b82 9600 | 0000 490b | 828e 0000 | 0075 0a49 | c742 3e00 

  0x00000275ae8fc998: ;   {no_reloc}
  0x00000275ae8fc998: 0000 00eb | 3d49 83ba | 9e00 0000 | 0074 2248 | 33c0 49c7 | 423e 0000 | 0000 f083 | 0424 0049 
  0x00000275ae8fc9b8: 83ba 9e00 | 0000 0075 | 0df0 4d0f | b17a 3e75 | 0583 c801 | eb0c a800 | eb08 4c8b | 10f0 4d0f 
  0x00000275ae8fc9d8: b113 750a | 49ff 8f50 | 0500 0045 | 33d2 0f85 | 1b03 0000 | 448b 5b08 | 49b8 0000 | 00bb 7502 
  0x00000275ae8fc9f8: 0000 4d03 | c3e9 0102 | 0000 488b | d844 8b53 | 0849 b800 | 0000 bb75 | 0200 004d | 03c2 e9e8 
  0x00000275ae8fca18: 0100 0048 | 8bd8 eb03 | 488b d84c | 8b5c 2460 | 488d 8424 | 1801 0000 | 4883 3800 | 0f84 7900 
  0x00000275ae8fca38: 0000 4d8b | 1341 f6c2 | 020f 8462 | 0000 0049 | 83ba 8600 | 0000 0074 | 0949 ff8a | 8600 0000 
  0x00000275ae8fca58: eb4b 498b | 8296 0000 | 0049 0b82 | 8e00 0000 | 750a 49c7 | 423e 0000 | 0000 eb3d | 4983 ba9e 
  0x00000275ae8fca78: 0000 0000 | 7422 4833 | c049 c742 | 3e00 0000 | 00f0 8304 | 2400 4983 | ba9e 0000 | 0000 750d 
  0x00000275ae8fca98: ;   {no_reloc}
  0x00000275ae8fca98: f04d 0fb1 | 7a3e 7505 | 83c8 01eb | 0ca8 00eb | 084c 8b10 | f04d 0fb1 | 1375 0a49 | ff8f 5005 
  0x00000275ae8fcab8: 0000 4533 | d20f 856f | 0200 004c | 8b5c 2438 | 488d 8424 | 1001 0000 | 4883 3800 | 0f84 7900 
  0x00000275ae8fcad8: 0000 4d8b | 1341 f6c2 | 020f 8462 | 0000 0049 | 83ba 8600 | 0000 0074 | 0949 ff8a | 8600 0000 
  0x00000275ae8fcaf8: eb4b 498b | 8296 0000 | 0049 0b82 | 8e00 0000 | 750a 49c7 | 423e 0000 | 0000 eb3d | 4983 ba9e 
  0x00000275ae8fcb18: 0000 0000 | 7422 4833 | c049 c742 | 3e00 0000 | 00f0 8304 | 2400 4983 | ba9e 0000 | 0000 750d 
  0x00000275ae8fcb38: f04d 0fb1 | 7a3e 7505 | 83c8 01eb | 0ca8 00eb | 084c 8b10 | f04d 0fb1 | 1375 0a49 | ff8f 5005 
  0x00000275ae8fcb58: 0000 4533 | d20f 8505 | f6ff ffeb | 5648 8be8 | 448b 5424 | 2449 8bd2 | 6690 c5f8 | 7748 b8ff 
  0x00000275ae8fcb78: ffff ffff 

  0x00000275ae8fcb7c: ;   {virtual_call}
  0x00000275ae8fcb7c: ffff ffe8 

  0x00000275ae8fcb80: ; ImmutableOopMap {rbp=Oop [40]=Oop [48]=Oop [56]=Oop [64]=Oop [72]=Oop [108]=NarrowOop [128]=Oop }
                      ;*invokevirtual close {reexecute=0 rethrow=0 return_oop=0}
                      ; - jdk.internal.loader.Resource::getBytes@214
                      ; - jdk.internal.loader.URLClassPath$JarLoader$2::getBytes@1
                      ; - java.net.URLClassLoader::defineClass@179
                      ; - java.net.URLClassLoader$1::run@43
                      ; - java.net.URLClassLoader$1::run@1
  0x00000275ae8fcb80: fc1e 49ff 

  0x00000275ae8fcb84: ;   {other}
  0x00000275ae8fcb84: 0f1f 8400 | 0000 0000 | 448b 5c24 | 5045 85db | 7422 488b | 5424 3044 | 8b54 246c | 4489 5424 
  0x00000275ae8fcba4: 6066 6690 

  0x00000275ae8fcba8: ;   {optimized virtual_call}
  0x00000275ae8fcba8: c5f8 77e8 

  0x00000275ae8fcbac: ; ImmutableOopMap {rbp=Oop [40]=Oop [56]=Oop [64]=Oop [72]=Oop [96]=NarrowOop [128]=Oop }
                      ;*invokevirtual interrupt {reexecute=0 rethrow=0 return_oop=0}
                      ; - jdk.internal.loader.Resource::getBytes@236
                      ; - jdk.internal.loader.URLClassPath$JarLoader$2::getBytes@1
                      ; - java.net.URLClassLoader::defineClass@179
                      ; - java.net.URLClassLoader$1::run@43
                      ; - java.net.URLClassLoader$1::run@1
  0x00000275ae8fcbac: d01b 49ff 

  0x00000275ae8fcbb0: ;   {other}
  0x00000275ae8fcbb0: 0f1f 8400 | 0000 0000 | 488b dd44 | 8b5b 0849 | b800 0000 | bb75 0200 | 004d 03c3 | eb35 4c8b 
  0x00000275ae8fcbd0: d0eb 034c | 8bd0 498b | da45 8b52 | 0849 b800 | 0000 bb75 | 0200 004d | 03c2 eb17 | 4c8b d049 
  0x00000275ae8fcbf0: 8bda 458b | 5208 49b8 | 0000 00bb | 7502 0000 | 4d03 c24d 

  0x00000275ae8fcc04: ;   {metadata('java/io/IOException')}
  0x00000275ae8fcc04: 8b50 4849 | bbc0 5004 | bc75 0200 | 004d 3bd3 | 0f84 aa00 | 0000 4d8b 

  0x00000275ae8fcc1c: ;   {metadata('java/lang/ClassFormatError')}
  0x00000275ae8fcc1c: 5050 49bb | 70b2 03bc | 7502 0000 | 4d3b d375 | 6a48 8beb | 488b 5424 | 4890 c5f8 | 7748 b8ff 
  0x00000275ae8fcc3c: ffff ffff 

  0x00000275ae8fcc40: ;   {virtual_call}
  0x00000275ae8fcc40: ffff ffe8 

  0x00000275ae8fcc44: ; ImmutableOopMap {rbp=Oop [72]=Oop }
                      ;*invokevirtual getDataError {reexecute=0 rethrow=0 return_oop=1}
                      ; - java.net.URLClassLoader$1::run@63
                      ; - java.net.URLClassLoader$1::run@1
  0x00000275ae8fcc44: 381e 49ff 

  0x00000275ae8fcc48: ;   {other}
  0x00000275ae8fcc48: 0f1f 8400 | 0000 0000 | 4885 c074 | 3748 8b54 | 2448 c5f8 | 7748 b8ff | ffff ffff 

  0x00000275ae8fcc64: ;   {virtual_call}
  0x00000275ae8fcc64: ffff ffe8 

  0x00000275ae8fcc68: ; ImmutableOopMap {rbp=Oop }
                      ;*invokevirtual getDataError {reexecute=0 rethrow=0 return_oop=1}
                      ; - java.net.URLClassLoader$1::run@71
                      ; - java.net.URLClassLoader$1::run@1
  0x00000275ae8fcc68: 141e 49ff 

  0x00000275ae8fcc6c: ;   {other}
  0x00000275ae8fcc6c: 0f1f 8400 | 0000 0000 | 488b d54c | 8bc0 6690 

  0x00000275ae8fcc7c: ;   {optimized virtual_call}
  0x00000275ae8fcc7c: c5f8 77e8 

  0x00000275ae8fcc80: ; ImmutableOopMap {rbp=Oop }
                      ;*invokevirtual addSuppressed {reexecute=0 rethrow=0 return_oop=0}
                      ; - java.net.URLClassLoader$1::run@74
                      ; - java.net.URLClassLoader$1::run@1
  0x00000275ae8fcc80: fc1a 49ff 

  0x00000275ae8fcc84: ;   {other}
  0x00000275ae8fcc84: 0f1f 8400 | 0000 0000 | 488b d5e9 | 41b0 ffff | 488b d848 | 8bd3 e936 | b0ff ff49 

  0x00000275ae8fcca0: ;   {metadata('java/lang/RuntimeException')}
  0x00000275ae8fcca0: 8beb 48ba | a8b7 05bb | 7502 0000 

  0x00000275ae8fccac: ;   {runtime_call _new_instance_Java}
  0x00000275ae8fccac: c5f8 77e8 

  0x00000275ae8fccb0: ; ImmutableOopMap {rbp=Oop [64]=Oop [72]=Oop [96]=Oop [108]=NarrowOop [112]=Oop [120]=Oop [128]=Oop [136]=Oop }
                      ;*new {reexecute=0 rethrow=0 return_oop=1}
                      ; - java.util.jar.JarFile::ensureInitialization@8
                      ; - java.util.jar.JavaUtilJarAccessImpl::ensureInitialization@1
                      ; - jdk.internal.loader.URLClassPath$JarLoader$2::getManifest@10
                      ; - java.net.URLClassLoader::defineClass@34
                      ; - java.net.URLClassLoader$1::run@43
                      ; - java.net.URLClassLoader$1::run@1
  0x00000275ae8fccb0: 4c2c 4bff 

  0x00000275ae8fccb4: ;   {other}
  0x00000275ae8fccb4: 0f1f 8400 | 0000 0000 | 4c8b dde9 | 60f9 ffff | 488b ebba | 2f00 0000 

  0x00000275ae8fcccc: ;   {runtime_call UncommonTrapBlob}
  0x00000275ae8fcccc: c5f8 77e8 

  0x00000275ae8fccd0: ; ImmutableOopMap {rbp=Oop [64]=Oop }
                      ;*new {reexecute=0 rethrow=0 return_oop=0}
                      ; - java.net.URLClassLoader$1::run@48
                      ; - java.net.URLClassLoader$1::run@1
  0x00000275ae8fccd0: 2c6d 49ff 

  0x00000275ae8fccd4: ;   {other}
  0x00000275ae8fccd4: 0f1f 8400 | 0000 0000 | 498b cb48 | 8d94 2418 | 0100 004d | 8bc7 c5f8 | 7749 ba40 | d9df 26f8 
  0x00000275ae8fccf4: 7f00 0041 

  0x00000275ae8fccf8: ;   {other}
  0x00000275ae8fccf8: ffd2 0f1f | 8400 0000 | 0000 e945 | fcff ff49 | 8bcb 488d | 9424 1001 | 0000 4d8b | c7c5 f877 
  0x00000275ae8fcd18: 49ba 40d9 | df26 f87f | 0000 41ff 

  0x00000275ae8fcd24: ;   {other}
  0x00000275ae8fcd24: d20f 1f84 | 0000 0000 | 00e9 bafc | ffff 498b | cb48 8d94 | 2418 0100 | 004d 8bc7 | c5f8 7749 
  0x00000275ae8fcd44: ba40 d9df | 26f8 7f00 | 0041 ffd2 

  0x00000275ae8fcd50: ;   {other}
  0x00000275ae8fcd50: 0f1f 8400 | 0000 0000 | e966 fdff | ff49 8bcb | 488d 9424 | 1001 0000 | 4d8b c7c5 | f877 49ba 
  0x00000275ae8fcd70: 40d9 df26 | f87f 0000 

  0x00000275ae8fcd78: ;   {other}
  0x00000275ae8fcd78: 41ff d20f | 1f84 0000 | 0000 00e9 | 60f9 ffff | 488b 7424 | 30e9 29d1 

  0x00000275ae8fcd90: ;   {internal_word}
  0x00000275ae8fcd90: ffff 49ba | 2b63 8fae | 7502 0000 | 4d89 9768 

  0x00000275ae8fcda0: ;   {runtime_call SafepointBlob}
  0x00000275ae8fcda0: 0400 00e9 | 587d 49ff 

  0x00000275ae8fcda8: ;   {runtime_call StubRoutines (final stubs)}
  0x00000275ae8fcda8: e833 bc47 | ffe9 cc69 | ffff f4f4 | f4f4 f4f4 
[Stub Code]
  0x00000275ae8fcdb8: ;   {no_reloc}
  0x00000275ae8fcdb8: 48bb 0000 | 0000 0000 

  0x00000275ae8fcdc0: ;   {runtime_call nmethod}
  0x00000275ae8fcdc0: 0000 e9fb 

  0x00000275ae8fcdc4: ;   {static_stub}
  0x00000275ae8fcdc4: ffff ff48 | bb00 0000 | 0000 0000 

  0x00000275ae8fcdd0: ;   {runtime_call nmethod}
  0x00000275ae8fcdd0: 00e9 fbff 

  0x00000275ae8fcdd4: ;   {static_stub}
  0x00000275ae8fcdd4: ffff 48bb | 0000 0000 | 0000 0000 

  0x00000275ae8fcde0: ;   {runtime_call nmethod}
  0x00000275ae8fcde0: e9fb ffff 

  0x00000275ae8fcde4: ;   {static_stub}
  0x00000275ae8fcde4: ff48 bb00 | 0000 0000 

  0x00000275ae8fcdec: ;   {runtime_call nmethod}
  0x00000275ae8fcdec: 0000 00e9 | fbff ffff 

  0x00000275ae8fcdf4: ;   {static_stub}
  0x00000275ae8fcdf4: 48bb 0000 | 0000 0000 

  0x00000275ae8fcdfc: ;   {runtime_call nmethod}
  0x00000275ae8fcdfc: 0000 e9fb 

  0x00000275ae8fce00: ;   {static_stub}
  0x00000275ae8fce00: ffff ff48 | bb00 0000 | 0000 0000 

  0x00000275ae8fce0c: ;   {runtime_call nmethod}
  0x00000275ae8fce0c: 00e9 fbff 

  0x00000275ae8fce10: ;   {static_stub}
  0x00000275ae8fce10: ffff 48bb | 0000 0000 | 0000 0000 

  0x00000275ae8fce1c: ;   {runtime_call nmethod}
  0x00000275ae8fce1c: e9fb ffff 

  0x00000275ae8fce20: ;   {static_stub}
  0x00000275ae8fce20: ff48 bb00 | 0000 0000 

  0x00000275ae8fce28: ;   {runtime_call nmethod}
  0x00000275ae8fce28: 0000 00e9 | fbff ffff 

  0x00000275ae8fce30: ;   {static_stub}
  0x00000275ae8fce30: 48bb 0000 | 0000 0000 

  0x00000275ae8fce38: ;   {runtime_call nmethod}
  0x00000275ae8fce38: 0000 e9fb 

  0x00000275ae8fce3c: ;   {static_stub}
  0x00000275ae8fce3c: ffff ff48 | bb00 0000 | 0000 0000 

  0x00000275ae8fce48: ;   {runtime_call nmethod}
  0x00000275ae8fce48: 00e9 fbff 

  0x00000275ae8fce4c: ;   {static_stub}
  0x00000275ae8fce4c: ffff 48bb | 0000 0000 | 0000 0000 

  0x00000275ae8fce58: ;   {runtime_call nmethod}
  0x00000275ae8fce58: e9fb ffff 

  0x00000275ae8fce5c: ;   {static_stub}
  0x00000275ae8fce5c: ff48 bb00 | 0000 0000 

  0x00000275ae8fce64: ;   {runtime_call nmethod}
  0x00000275ae8fce64: 0000 00e9 | fbff ffff 

  0x00000275ae8fce6c: ;   {static_stub}
  0x00000275ae8fce6c: 48bb 0000 | 0000 0000 

  0x00000275ae8fce74: ;   {runtime_call nmethod}
  0x00000275ae8fce74: 0000 e9fb 

  0x00000275ae8fce78: ;   {static_stub}
  0x00000275ae8fce78: ffff ff48 | bb00 0000 | 0000 0000 

  0x00000275ae8fce84: ;   {runtime_call nmethod}
  0x00000275ae8fce84: 00e9 fbff 

  0x00000275ae8fce88: ;   {static_stub}
  0x00000275ae8fce88: ffff 48bb | 0000 0000 | 0000 0000 

  0x00000275ae8fce94: ;   {runtime_call nmethod}
  0x00000275ae8fce94: e9fb ffff 

  0x00000275ae8fce98: ;   {static_stub}
  0x00000275ae8fce98: ff48 bb00 | 0000 0000 

  0x00000275ae8fcea0: ;   {runtime_call nmethod}
  0x00000275ae8fcea0: 0000 00e9 | fbff ffff 

  0x00000275ae8fcea8: ;   {static_stub}
  0x00000275ae8fcea8: 48bb 0000 | 0000 0000 

  0x00000275ae8fceb0: ;   {runtime_call nmethod}
  0x00000275ae8fceb0: 0000 e9fb 

  0x00000275ae8fceb4: ;   {static_stub}
  0x00000275ae8fceb4: ffff ff48 | bb00 0000 | 0000 0000 

  0x00000275ae8fcec0: ;   {runtime_call nmethod}
  0x00000275ae8fcec0: 00e9 fbff 

  0x00000275ae8fcec4: ;   {static_stub}
  0x00000275ae8fcec4: ffff 48bb | 0000 0000 | 0000 0000 

  0x00000275ae8fced0: ;   {runtime_call nmethod}
  0x00000275ae8fced0: e9fb ffff 

  0x00000275ae8fced4: ;   {static_stub}
  0x00000275ae8fced4: ff48 bb00 | 0000 0000 

  0x00000275ae8fcedc: ;   {runtime_call nmethod}
  0x00000275ae8fcedc: 0000 00e9 | fbff ffff 

  0x00000275ae8fcee4: ;   {static_stub}
  0x00000275ae8fcee4: 48bb 0000 | 0000 0000 

  0x00000275ae8fceec: ;   {runtime_call nmethod}
  0x00000275ae8fceec: 0000 e9fb 

  0x00000275ae8fcef0: ;   {static_stub}
  0x00000275ae8fcef0: ffff ff48 | bb00 0000 | 0000 0000 

  0x00000275ae8fcefc: ;   {runtime_call nmethod}
  0x00000275ae8fcefc: 00e9 fbff 

  0x00000275ae8fcf00: ;   {static_stub}
  0x00000275ae8fcf00: ffff 48bb | 0000 0000 | 0000 0000 

  0x00000275ae8fcf0c: ;   {runtime_call nmethod}
  0x00000275ae8fcf0c: e9fb ffff 

  0x00000275ae8fcf10: ;   {static_stub}
  0x00000275ae8fcf10: ff48 bb00 | 0000 0000 

  0x00000275ae8fcf18: ;   {runtime_call nmethod}
  0x00000275ae8fcf18: 0000 00e9 | fbff ffff 

  0x00000275ae8fcf20: ;   {static_stub}
  0x00000275ae8fcf20: 48bb 0000 | 0000 0000 

  0x00000275ae8fcf28: ;   {runtime_call nmethod}
  0x00000275ae8fcf28: 0000 e9fb 

  0x00000275ae8fcf2c: ;   {static_stub}
  0x00000275ae8fcf2c: ffff ff48 | bb00 0000 | 0000 0000 

  0x00000275ae8fcf38: ;   {runtime_call nmethod}
  0x00000275ae8fcf38: 00e9 fbff 

  0x00000275ae8fcf3c: ;   {static_stub}
  0x00000275ae8fcf3c: ffff 48bb | 0000 0000 | 0000 0000 

  0x00000275ae8fcf48: ;   {runtime_call nmethod}
  0x00000275ae8fcf48: e9fb ffff 

  0x00000275ae8fcf4c: ;   {static_stub}
  0x00000275ae8fcf4c: ff48 bb00 | 0000 0000 

  0x00000275ae8fcf54: ;   {runtime_call nmethod}
  0x00000275ae8fcf54: 0000 00e9 | fbff ffff 

  0x00000275ae8fcf5c: ;   {static_stub}
  0x00000275ae8fcf5c: 48bb 0000 | 0000 0000 

  0x00000275ae8fcf64: ;   {runtime_call nmethod}
  0x00000275ae8fcf64: 0000 e9fb 

  0x00000275ae8fcf68: ;   {static_stub}
  0x00000275ae8fcf68: ffff ff48 | bb00 0000 | 0000 0000 

  0x00000275ae8fcf74: ;   {runtime_call nmethod}
  0x00000275ae8fcf74: 00e9 fbff 

  0x00000275ae8fcf78: ;   {static_stub}
  0x00000275ae8fcf78: ffff 48bb | 0000 0000 | 0000 0000 

  0x00000275ae8fcf84: ;   {runtime_call nmethod}
  0x00000275ae8fcf84: e9fb ffff 

  0x00000275ae8fcf88: ;   {static_stub}
  0x00000275ae8fcf88: ff48 bb00 | 0000 0000 

  0x00000275ae8fcf90: ;   {runtime_call nmethod}
  0x00000275ae8fcf90: 0000 00e9 | fbff ffff 

  0x00000275ae8fcf98: ;   {static_stub}
  0x00000275ae8fcf98: 48bb 0000 | 0000 0000 

  0x00000275ae8fcfa0: ;   {runtime_call nmethod}
  0x00000275ae8fcfa0: 0000 e9fb 

  0x00000275ae8fcfa4: ;   {static_stub}
  0x00000275ae8fcfa4: ffff ff48 | bb00 0000 | 0000 0000 

  0x00000275ae8fcfb0: ;   {runtime_call nmethod}
  0x00000275ae8fcfb0: 00e9 fbff 

  0x00000275ae8fcfb4: ;   {static_stub}
  0x00000275ae8fcfb4: ffff 48bb | 0000 0000 | 0000 0000 

  0x00000275ae8fcfc0: ;   {runtime_call nmethod}
  0x00000275ae8fcfc0: e9fb ffff 

  0x00000275ae8fcfc4: ;   {static_stub}
  0x00000275ae8fcfc4: ff48 bb00 | 0000 0000 

  0x00000275ae8fcfcc: ;   {runtime_call nmethod}
  0x00000275ae8fcfcc: 0000 00e9 | fbff ffff 

  0x00000275ae8fcfd4: ;   {static_stub}
  0x00000275ae8fcfd4: 48bb 0000 | 0000 0000 

  0x00000275ae8fcfdc: ;   {runtime_call nmethod}
  0x00000275ae8fcfdc: 0000 e9fb 

  0x00000275ae8fcfe0: ;   {static_stub}
  0x00000275ae8fcfe0: ffff ff48 | bb00 0000 | 0000 0000 

  0x00000275ae8fcfec: ;   {runtime_call nmethod}
  0x00000275ae8fcfec: 00e9 fbff 

  0x00000275ae8fcff0: ;   {static_stub}
  0x00000275ae8fcff0: ffff 48bb | 0000 0000 | 0000 0000 

  0x00000275ae8fcffc: ;   {runtime_call nmethod}
  0x00000275ae8fcffc: e9fb ffff 

  0x00000275ae8fd000: ;   {static_stub}
  0x00000275ae8fd000: ff48 bb00 | 0000 0000 

  0x00000275ae8fd008: ;   {runtime_call nmethod}
  0x00000275ae8fd008: 0000 00e9 | fbff ffff 

  0x00000275ae8fd010: ;   {static_stub}
  0x00000275ae8fd010: 48bb 0000 | 0000 0000 

  0x00000275ae8fd018: ;   {runtime_call nmethod}
  0x00000275ae8fd018: 0000 e9fb 

  0x00000275ae8fd01c: ;   {static_stub}
  0x00000275ae8fd01c: ffff ff48 | bb00 0000 | 0000 0000 

  0x00000275ae8fd028: ;   {runtime_call nmethod}
  0x00000275ae8fd028: 00e9 fbff 

  0x00000275ae8fd02c: ;   {static_stub}
  0x00000275ae8fd02c: ffff 48bb | 0000 0000 | 0000 0000 

  0x00000275ae8fd038: ;   {runtime_call nmethod}
  0x00000275ae8fd038: e9fb ffff 

  0x00000275ae8fd03c: ;   {static_stub}
  0x00000275ae8fd03c: ff48 bb00 | 0000 0000 

  0x00000275ae8fd044: ;   {runtime_call nmethod}
  0x00000275ae8fd044: 0000 00e9 | fbff ffff 

  0x00000275ae8fd04c: ;   {static_stub}
  0x00000275ae8fd04c: 48bb 0000 | 0000 0000 

  0x00000275ae8fd054: ;   {runtime_call nmethod}
  0x00000275ae8fd054: 0000 e9fb 

  0x00000275ae8fd058: ;   {runtime_call ExceptionBlob}
  0x00000275ae8fd058: ffff ffe9 | a02b 4bff 
[Deopt Handler Code]
  0x00000275ae8fd060: e800 0000 | 0048 832c 

  0x00000275ae8fd068: ;   {runtime_call DeoptimizationBlob}
  0x00000275ae8fd068: 2405 e931 | 6d49 fff4 
[/MachCode]


---------------  P R O C E S S  ---------------

Threads class SMR info:
_java_thread_list=0x0000027584a43fb0, length=302, elements={
0x00000275a1d1c320, 0x00000275a1ddb7c0, 0x00000275a1ddd880, 0x00000275a1dde860,
0x00000275ba6b8770, 0x00000275ba6bb2e0, 0x00000275ba6bbd40, 0x00000275ba6bdbc0,
0x00000275fd17a6c0, 0x00000275fd2f6ff0, 0x00000275fd4227b0, 0x00000275fd95ad30,
0x00000275fdb2c6a0, 0x00000275fdbaef80, 0x00000275fdbaf9c0, 0x00000275fe1698f0,
0x00000275fdb26f20, 0x00000275fd87d770, 0x00000275fe164400, 0x00000275fe164a90,
0x00000275fe161ca0, 0x00000275fe1636e0, 0x00000275fe165120, 0x00000275fe1629c0,
0x00000275fe162330, 0x00000275fe163050, 0x000002758484ef80, 0x0000027584851050,
0x00000275848516e0, 0x00000275848509c0, 0x000002758484e260, 0x0000027584851d70,
0x000002758484e8f0, 0x000002758484fca0, 0x0000027584852400, 0x0000027584850330,
0x000002758484f610, 0x0000027584855880, 0x0000027584853120, 0x0000027584852a90,
0x00000275848544d0, 0x00000275848537b0, 0x0000027584854b60, 0x0000027584853e40,
0x00000275848551f0, 0x000002758538be50, 0x000002758538a410, 0x000002758538aaa0,
0x000002758538b130, 0x000002758538b7c0, 0x000002758538c4e0, 0x000002758538cb70,
0x000002758538d200, 0x0000027585389d80, 0x000002758538f2d0, 0x000002758538d890,
0x000002758538f960, 0x000002758538fff0, 0x0000027585390680, 0x000002758538e5b0,
0x00000275856334e0, 0x0000027585633b70, 0x00000275856362d0, 0x0000027585634890,
0x00000275856355b0, 0x0000027585634f20, 0x000002758525d510, 0x000002758525dba0,
0x000002758525e230, 0x000002758525ce80, 0x0000027585260300, 0x00000275852616b0,
0x0000027585261020, 0x000002758525f5e0, 0x000002758525e8c0, 0x000002758525ef50,
0x0000027585262a60, 0x0000027585263780, 0x00000275852644a0, 0x0000027585263e10,
0x0000027585049bd0, 0x000002758504b610, 0x0000027585048190, 0x0000027585048820,
0x000002758504a8f0, 0x000002758504a260, 0x0000027585049540, 0x0000027585048eb0,
0x000002758504e400, 0x000002758504c9c0, 0x000002758504c330, 0x000002758504f7b0,
0x000002758504dd70, 0x000002758504d6e0, 0x000002758504ea90, 0x0000027585818ba0,
0x0000027585819f50, 0x000002758581b300, 0x000002758581b990, 0x000002758581a5e0,
0x000002758581ac70, 0x000002758581c020, 0x0000027585819230, 0x000002758581d3d0,
0x000002758581e0f0, 0x000002758581fb30, 0x000002758581cd40, 0x000002758581ee10,
0x000002758581f4a0, 0x0000027585040150, 0x00000275850428b0, 0x0000027585041500,
0x0000027585040e70, 0x0000027585042220, 0x0000027585042f40, 0x00000275850435d0,
0x000002758493b450, 0x000002758493c170, 0x000002758493adc0, 0x000002758493a730,
0x0000027584939380, 0x0000027584939a10, 0x000002758493ce90, 0x000002758493c800,
0x000002758493dbb0, 0x0000027584940310, 0x000002758493d520, 0x000002758493e240,
0x000002758493ef60, 0x000002758493f5f0, 0x0000027585f5f240, 0x0000027585f5bdc0,
0x0000027585f5e520, 0x0000027585f5d800, 0x0000027585f5cae0, 0x0000027585f5d170,
0x0000027585f5f8d0, 0x0000027585f5c450, 0x0000027585f62d50, 0x0000027585f5ff60,
0x0000027585f633e0, 0x0000027585f626c0, 0x0000027585f605f0, 0x0000027585f619a0,
0x000002758715df10, 0x000002758715f950, 0x000002758715ffe0, 0x000002758715e5a0,
0x000002758715ec30, 0x000002758715cb60, 0x0000027587162740, 0x0000027587163460,
0x0000027587161a20, 0x0000027587160d00, 0x0000027587162dd0, 0x0000027587160670,
0x0000027587161390, 0x00000275871620b0, 0x0000027587166f70, 0x0000027587165bc0,
0x0000027587164180, 0x0000027587164810, 0x0000027587168320, 0x0000027587167600,
0x0000027587164ea0, 0x00000275871689b0, 0x0000027587167c90, 0x00000275871668e0,
0x0000027587165530, 0x0000027587169040, 0x000002758716aa80, 0x000002758716a3f0,
0x00000275871696d0, 0x0000027587169d60, 0x000002758716b110, 0x000002758716b7a0,
0x000002758716be30, 0x00000275865b0b80, 0x00000275865b1210, 0x00000275865afe60,
0x00000275865ae420, 0x00000275865b18a0, 0x00000275865b04f0, 0x00000275865aeab0,
0x00000275865b53b0, 0x00000275865b1f30, 0x00000275865b25c0, 0x00000275865af140,
0x00000275865b5a40, 0x00000275865b60d0, 0x00000275865b4d20, 0x00000275865b2c50,
0x00000275865b6760, 0x00000275865b3970, 0x00000275865b32e0, 0x00000275865b6df0,
0x00000275865b7480, 0x00000275865b7b10, 0x00000275865b4690, 0x00000275865ba270,
0x00000275865b81a0, 0x00000275865b9be0, 0x00000275865b9550, 0x00000275865baf90,
0x00000275865ba900, 0x00000275865bb620, 0x00000275865bbcb0, 0x00000275865bc340,
0x00000275865b8830, 0x00000275865b8ec0, 0x00000275865bc9d0, 0x0000027585041b90,
0x00000275850407e0, 0x000002758504bca0, 0x000002758715f2c0, 0x00000275852623d0,
0x0000027585632e50, 0x000002758538ec40, 0x0000027585f62030, 0x000002758493fc80,
0x0000027585bad100, 0x0000027585bad790, 0x0000027585baca70, 0x0000027585bade20,
0x0000027585bae4b0, 0x0000027585baf860, 0x0000027585baf1d0, 0x0000027585baeb40,
0x0000027585bac3e0, 0x0000027585bb1930, 0x0000027585bb2ce0, 0x0000027585bb1fc0,
0x0000027585bb0580, 0x0000027585bb0c10, 0x0000027585bb3370, 0x0000027585bafef0,
0x0000027585bb3a00, 0x0000027585bb2650, 0x0000027586dd4cc0, 0x0000027586dd5350,
0x0000027586dd3fa0, 0x0000027586dd6700, 0x0000027586dd59e0, 0x0000027586dd7420,
0x0000027586dd94f0, 0x0000027586dd6070, 0x0000027586dd6d90, 0x0000027586dd7ab0,
0x0000027586dd4630, 0x0000027586dda8a0, 0x0000027586dd87d0, 0x0000027586dda210,
0x0000027586dd8e60, 0x0000027586ddaf30, 0x0000027586ddb5c0, 0x0000027586dd8140,
0x0000027586ddc2e0, 0x0000027586ddc970, 0x0000027586ddd000, 0x0000027586dd9b80,
0x0000027586ddbc50, 0x0000027586de0b10, 0x0000027586ddd690, 0x0000027586ddf760,
0x0000027586de0480, 0x0000027586de11a0, 0x0000027586ddf0d0, 0x0000027586ddea40,
0x0000027586ddfdf0, 0x0000027586dddd20, 0x0000027586dde3b0, 0x0000027586de2be0,
0x0000027586de3270, 0x0000027586de2550, 0x0000027586de1830, 0x0000027586de1ec0,
0x0000027585cbc840, 0x0000027585cbced0, 0x0000027585cba770, 0x0000027585cbb490,
0x0000027585cbc1b0, 0x0000027585cbd560, 0x0000027585cba0e0, 0x0000027585cbbb20,
0x0000027585cbdbf0, 0x0000027585cbae00, 0x0000027585cbefa0, 0x0000027585cbe910,
0x0000027585cbe280, 0x0000027585cc0350, 0x0000027585cc09e0, 0x0000027585cbf630,
0x0000027585cc1070, 0x0000027585cbfcc0, 0x0000027585cc1700, 0x000002758734f260,
0x000002758734f8f0, 0x000002758734e540, 0x000002758734deb0, 0x000002758734ff80,
0x000002758734ebd0, 0x0000027587350610
}

Java Threads: ( => current thread )
  0x00000275a1d1c320 JavaThread "main"                              [_thread_blocked, id=20016, stack(0x000000c318800000,0x000000c318900000) (1024K)]
  0x00000275a1ddb7c0 JavaThread "Reference Handler"          daemon [_thread_blocked, id=7436, stack(0x000000c318c00000,0x000000c318d00000) (1024K)]
  0x00000275a1ddd880 JavaThread "Finalizer"                  daemon [_thread_blocked, id=4804, stack(0x000000c318d00000,0x000000c318e00000) (1024K)]
  0x00000275a1dde860 JavaThread "Signal Dispatcher"          daemon [_thread_blocked, id=13356, stack(0x000000c318e00000,0x000000c318f00000) (1024K)]
  0x00000275ba6b8770 JavaThread "Attach Listener"            daemon [_thread_blocked, id=15364, stack(0x000000c318f00000,0x000000c319000000) (1024K)]
  0x00000275ba6bb2e0 JavaThread "Service Thread"             daemon [_thread_blocked, id=4632, stack(0x000000c319000000,0x000000c319100000) (1024K)]
  0x00000275ba6bbd40 JavaThread "Monitor Deflation Thread"   daemon [_thread_blocked, id=15816, stack(0x000000c319100000,0x000000c319200000) (1024K)]
  0x00000275ba6bdbc0 JavaThread "C2 CompilerThread0"         daemon [_thread_blocked, id=5312, stack(0x000000c319200000,0x000000c319300000) (1024K)]
  0x00000275fd17a6c0 JavaThread "C1 CompilerThread0"         daemon [_thread_blocked, id=12676, stack(0x000000c319300000,0x000000c319400000) (1024K)]
  0x00000275fd2f6ff0 JavaThread "Common-Cleaner"             daemon [_thread_blocked, id=20356, stack(0x000000c319500000,0x000000c319600000) (1024K)]
  0x00000275fd4227b0 JavaThread "Notification Thread"        daemon [_thread_blocked, id=8688, stack(0x000000c319600000,0x000000c319700000) (1024K)]
  0x00000275fd95ad30 JavaThread "Active Thread: Equinox Container: bd09797a-86c9-48f4-a678-96019e97ebd9"        [_thread_blocked, id=18140, stack(0x000000c319d00000,0x000000c319e00000) (1024K)]
  0x00000275fdb2c6a0 JavaThread "Refresh Thread: Equinox Container: bd09797a-86c9-48f4-a678-96019e97ebd9" daemon [_thread_blocked, id=22408, stack(0x000000c319f00000,0x000000c31a000000) (1024K)]
  0x00000275fdbaef80 JavaThread "Framework Event Dispatcher: Equinox Container: bd09797a-86c9-48f4-a678-96019e97ebd9" daemon [_thread_blocked, id=2992, stack(0x000000c31a000000,0x000000c31a100000) (1024K)]
  0x00000275fdbaf9c0 JavaThread "Start Level: Equinox Container: bd09797a-86c9-48f4-a678-96019e97ebd9" daemon [_thread_blocked, id=18284, stack(0x000000c31a100000,0x000000c31a200000) (1024K)]
  0x00000275fe1698f0 JavaThread "Bundle File Closer"         daemon [_thread_blocked, id=24060, stack(0x000000c31a200000,0x000000c31a300000) (1024K)]
  0x00000275fdb26f20 JavaThread "SCR Component Actor"        daemon [_thread_blocked, id=11356, stack(0x000000c319e00000,0x000000c319f00000) (1024K)]
  0x00000275fd87d770 JavaThread "Worker-JM"                         [_thread_blocked, id=18552, stack(0x000000c31a400000,0x000000c31a500000) (1024K)]
  0x00000275fe164400 JavaThread "JNA Cleaner"                daemon [_thread_blocked, id=19132, stack(0x000000c31a300000,0x000000c31a400000) (1024K)]
  0x00000275fe164a90 JavaThread "Worker-0: Initialize Workspace"        [_thread_blocked, id=13304, stack(0x000000c31a500000,0x000000c31a600000) (1024K)]
  0x00000275fe161ca0 JavaThread "Worker-1"                          [_thread_blocked, id=22324, stack(0x000000c31a600000,0x000000c31a700000) (1024K)]
  0x00000275fe1636e0 JavaThread "Java indexing"              daemon [_thread_blocked, id=19000, stack(0x000000c31a800000,0x000000c31a900000) (1024K)]
  0x00000275fe165120 JavaThread "Worker-2"                          [_thread_blocked, id=13604, stack(0x000000c31ab00000,0x000000c31ac00000) (1024K)]
  0x00000275fe1629c0 JavaThread "Worker-3"                          [_thread_blocked, id=24096, stack(0x000000c31ac00000,0x000000c31ad00000) (1024K)]
  0x00000275fe162330 JavaThread "Worker-4: Synchronize Gradle projects with workspace"        [_thread_blocked, id=21884, stack(0x000000c31ad00000,0x000000c31ae00000) (1024K)]
  0x00000275fe163050 JavaThread "Worker-5: Synchronize Gradle projects with workspace"        [_thread_blocked, id=17184, stack(0x000000c31ae00000,0x000000c31af00000) (1024K)]
  0x000002758484ef80 JavaThread "Thread-1"                   daemon [_thread_in_native, id=22948, stack(0x000000c31af00000,0x000000c31b000000) (1024K)]
  0x0000027584851050 JavaThread "Thread-2"                   daemon [_thread_in_native, id=15064, stack(0x000000c31b000000,0x000000c31b100000) (1024K)]
  0x00000275848516e0 JavaThread "Thread-3"                   daemon [_thread_in_native, id=15420, stack(0x000000c31b100000,0x000000c31b200000) (1024K)]
  0x00000275848509c0 JavaThread "Thread-4"                   daemon [_thread_in_native, id=1980, stack(0x000000c31b200000,0x000000c31b300000) (1024K)]
  0x000002758484e260 JavaThread "Thread-5"                   daemon [_thread_in_native, id=4808, stack(0x000000c31b300000,0x000000c31b400000) (1024K)]
  0x0000027584851d70 JavaThread "Thread-6"                   daemon [_thread_in_native, id=21124, stack(0x000000c31b400000,0x000000c31b500000) (1024K)]
  0x000002758484e8f0 JavaThread "Thread-7"                   daemon [_thread_in_native, id=10392, stack(0x000000c31b500000,0x000000c31b600000) (1024K)]
  0x000002758484fca0 JavaThread "Thread-8"                   daemon [_thread_in_native, id=19076, stack(0x000000c31b600000,0x000000c31b700000) (1024K)]
  0x0000027584852400 JavaThread "Thread-9"                   daemon [_thread_in_native, id=22756, stack(0x000000c31b700000,0x000000c31b800000) (1024K)]
  0x0000027584850330 JavaThread "pool-2-thread-1"                   [_thread_blocked, id=16440, stack(0x000000c31b800000,0x000000c31b900000) (1024K)]
  0x000002758484f610 JavaThread "Worker-6: Synchronize Gradle projects with workspace"        [_thread_blocked, id=7040, stack(0x000000c31b900000,0x000000c31ba00000) (1024K)]
  0x0000027584855880 JavaThread "WorkspaceEventsHandler"            [_thread_blocked, id=1628, stack(0x000000c31ba00000,0x000000c31bb00000) (1024K)]
  0x0000027584853120 JavaThread "pool-1-thread-1"                   [_thread_blocked, id=13160, stack(0x000000c31bb00000,0x000000c31bc00000) (1024K)]
  0x0000027584852a90 JavaThread "Worker-7: Synchronize Gradle projects with workspace"        [_thread_blocked, id=21416, stack(0x000000c31bc00000,0x000000c31bd00000) (1024K)]
  0x00000275848544d0 JavaThread "Timer-3"                           [_thread_blocked, id=19812, stack(0x000000c31bd00000,0x000000c31be00000) (1024K)]
  0x00000275848537b0 JavaThread "Timer-0"                           [_thread_blocked, id=18824, stack(0x000000c31be00000,0x000000c31bf00000) (1024K)]
  0x0000027584854b60 JavaThread "Worker-8: Synchronize Gradle projects with workspace"        [_thread_blocked, id=19576, stack(0x000000c31bf00000,0x000000c31c000000) (1024K)]
  0x0000027584853e40 JavaThread "Timer-1"                           [_thread_blocked, id=23884, stack(0x000000c31c000000,0x000000c31c100000) (1024K)]
  0x00000275848551f0 JavaThread "Timer-2"                           [_thread_blocked, id=576, stack(0x000000c31c100000,0x000000c31c200000) (1024K)]
  0x000002758538be50 JavaThread "Timer-4"                           [_thread_blocked, id=15596, stack(0x000000c31c200000,0x000000c31c300000) (1024K)]
  0x000002758538a410 JavaThread "Worker-9: Synchronize Gradle projects with workspace"        [_thread_blocked, id=21428, stack(0x000000c31c300000,0x000000c31c400000) (1024K)]
  0x000002758538aaa0 JavaThread "Timer-5"                           [_thread_blocked, id=22192, stack(0x000000c31c400000,0x000000c31c500000) (1024K)]
  0x000002758538b130 JavaThread "Worker-10"                         [_thread_blocked, id=4432, stack(0x000000c31c500000,0x000000c31c600000) (1024K)]
  0x000002758538b7c0 JavaThread "Timer-6"                           [_thread_blocked, id=2676, stack(0x000000c31c600000,0x000000c31c700000) (1024K)]
  0x000002758538c4e0 JavaThread "Worker-11: Synchronize Gradle projects with workspace"        [_thread_blocked, id=14732, stack(0x000000c31c700000,0x000000c31c800000) (1024K)]
  0x000002758538cb70 JavaThread "Timer-7"                           [_thread_blocked, id=6088, stack(0x000000c31c800000,0x000000c31c900000) (1024K)]
  0x000002758538d200 JavaThread "Worker-12: Synchronize Gradle projects with workspace"        [_thread_blocked, id=23364, stack(0x000000c31c900000,0x000000c31ca00000) (1024K)]
  0x0000027585389d80 JavaThread "Timer-8"                           [_thread_blocked, id=20772, stack(0x000000c31ca00000,0x000000c31cb00000) (1024K)]
  0x000002758538f2d0 JavaThread "Worker-13: Synchronize Gradle projects with workspace"        [_thread_blocked, id=22816, stack(0x000000c31cb00000,0x000000c31cc00000) (1024K)]
  0x000002758538d890 JavaThread "Timer-9"                           [_thread_blocked, id=2976, stack(0x000000c31cc00000,0x000000c31cd00000) (1024K)]
  0x000002758538f960 JavaThread "Worker-14: Synchronize Gradle projects with workspace"        [_thread_blocked, id=21768, stack(0x000000c31cd00000,0x000000c31ce00000) (1024K)]
  0x000002758538fff0 JavaThread "Timer-10"                          [_thread_blocked, id=13224, stack(0x000000c31ce00000,0x000000c31cf00000) (1024K)]
  0x0000027585390680 JavaThread "Worker-15: Synchronize Gradle projects with workspace"        [_thread_blocked, id=15216, stack(0x000000c31cf00000,0x000000c31d000000) (1024K)]
  0x000002758538e5b0 JavaThread "Timer-11"                          [_thread_blocked, id=12912, stack(0x000000c31d000000,0x000000c31d100000) (1024K)]
  0x00000275856334e0 JavaThread "Timer-12"                          [_thread_blocked, id=4084, stack(0x000000c31d100000,0x000000c31d200000) (1024K)]
  0x0000027585633b70 JavaThread "Timer-13"                          [_thread_blocked, id=3844, stack(0x000000c31d200000,0x000000c31d300000) (1024K)]
  0x00000275856362d0 JavaThread "Timer-14"                          [_thread_blocked, id=17848, stack(0x000000c31d300000,0x000000c31d400000) (1024K)]
  0x0000027585634890 JavaThread "Timer-16"                          [_thread_blocked, id=15356, stack(0x000000c31d400000,0x000000c31d500000) (1024K)]
  0x00000275856355b0 JavaThread "Timer-18"                          [_thread_blocked, id=6436, stack(0x000000c31d500000,0x000000c31d600000) (1024K)]
  0x0000027585634f20 JavaThread "Timer-19"                          [_thread_blocked, id=5408, stack(0x000000c31d600000,0x000000c31d700000) (1024K)]
  0x000002758525d510 JavaThread "Timer-20"                          [_thread_blocked, id=22004, stack(0x000000c31d700000,0x000000c31d800000) (1024K)]
  0x000002758525dba0 JavaThread "Timer-17"                          [_thread_blocked, id=16284, stack(0x000000c31d800000,0x000000c31d900000) (1024K)]
  0x000002758525e230 JavaThread "Timer-15"                          [_thread_blocked, id=6180, stack(0x000000c31d900000,0x000000c31da00000) (1024K)]
  0x000002758525ce80 JavaThread "Worker-16"                         [_thread_blocked, id=4752, stack(0x000000c31da00000,0x000000c31db00000) (1024K)]
  0x0000027585260300 JavaThread "Worker-17"                         [_thread_blocked, id=13432, stack(0x000000c31db00000,0x000000c31dc00000) (1024K)]
  0x00000275852616b0 JavaThread "Timer-22"                          [_thread_blocked, id=22476, stack(0x000000c31dc00000,0x000000c31dd00000) (1024K)]
  0x0000027585261020 JavaThread "Worker-18"                         [_thread_blocked, id=17436, stack(0x000000c31dd00000,0x000000c31de00000) (1024K)]
  0x000002758525f5e0 JavaThread "Timer-23"                          [_thread_blocked, id=22820, stack(0x000000c31de00000,0x000000c31df00000) (1024K)]
  0x000002758525e8c0 JavaThread "Timer-21"                          [_thread_blocked, id=14192, stack(0x000000c31df00000,0x000000c31e000000) (1024K)]
  0x000002758525ef50 JavaThread "Timer-24"                          [_thread_blocked, id=2440, stack(0x000000c31e000000,0x000000c31e100000) (1024K)]
  0x0000027585262a60 JavaThread "Timer-25"                          [_thread_blocked, id=19520, stack(0x000000c31e100000,0x000000c31e200000) (1024K)]
  0x0000027585263780 JavaThread "Timer-26"                          [_thread_blocked, id=13256, stack(0x000000c31e200000,0x000000c31e300000) (1024K)]
  0x00000275852644a0 JavaThread "Timer-27"                          [_thread_blocked, id=23296, stack(0x000000c31e300000,0x000000c31e400000) (1024K)]
  0x0000027585263e10 JavaThread "Timer-28"                          [_thread_blocked, id=15696, stack(0x000000c31e400000,0x000000c31e500000) (1024K)]
  0x0000027585049bd0 JavaThread "Timer-29"                          [_thread_blocked, id=15528, stack(0x000000c31e500000,0x000000c31e600000) (1024K)]
  0x000002758504b610 JavaThread "Worker-19: Synchronize Gradle projects with workspace"        [_thread_blocked, id=15628, stack(0x000000c31e600000,0x000000c31e700000) (1024K)]
  0x0000027585048190 JavaThread "Timer-30"                          [_thread_blocked, id=20328, stack(0x000000c31e700000,0x000000c31e800000) (1024K)]
  0x0000027585048820 JavaThread "Worker-20: Synchronize Gradle projects with workspace"        [_thread_blocked, id=14900, stack(0x000000c31e800000,0x000000c31e900000) (1024K)]
  0x000002758504a8f0 JavaThread "Timer-31"                          [_thread_blocked, id=15588, stack(0x000000c31e900000,0x000000c31ea00000) (1024K)]
  0x000002758504a260 JavaThread "Timer-32"                          [_thread_blocked, id=24144, stack(0x000000c31ea00000,0x000000c31eb00000) (1024K)]
  0x0000027585049540 JavaThread "Worker-21: Synchronize Gradle projects with workspace"        [_thread_blocked, id=15584, stack(0x000000c31eb00000,0x000000c31ec00000) (1024K)]
  0x0000027585048eb0 JavaThread "Timer-33"                          [_thread_blocked, id=15880, stack(0x000000c31ec00000,0x000000c31ed00000) (1024K)]
  0x000002758504e400 JavaThread "Timer-34"                          [_thread_blocked, id=15648, stack(0x000000c31ed00000,0x000000c31ee00000) (1024K)]
  0x000002758504c9c0 JavaThread "Timer-35"                          [_thread_blocked, id=15592, stack(0x000000c31ee00000,0x000000c31ef00000) (1024K)]
  0x000002758504c330 JavaThread "Worker-22: Synchronize Gradle projects with workspace"        [_thread_blocked, id=23388, stack(0x000000c31ef00000,0x000000c31f000000) (1024K)]
  0x000002758504f7b0 JavaThread "Timer-36"                          [_thread_blocked, id=22740, stack(0x000000c31f000000,0x000000c31f100000) (1024K)]
  0x000002758504dd70 JavaThread "Timer-37"                          [_thread_blocked, id=2128, stack(0x000000c31f100000,0x000000c31f200000) (1024K)]
  0x000002758504d6e0 JavaThread "Worker-23: Synchronize Gradle projects with workspace"        [_thread_blocked, id=22400, stack(0x000000c31f200000,0x000000c31f300000) (1024K)]
  0x000002758504ea90 JavaThread "Timer-38"                          [_thread_blocked, id=21580, stack(0x000000c31f300000,0x000000c31f400000) (1024K)]
  0x0000027585818ba0 JavaThread "Worker-24: Synchronize Gradle projects with workspace"        [_thread_blocked, id=21788, stack(0x000000c31f400000,0x000000c31f500000) (1024K)]
  0x0000027585819f50 JavaThread "Timer-39"                          [_thread_blocked, id=15884, stack(0x000000c31f500000,0x000000c31f600000) (1024K)]
  0x000002758581b300 JavaThread "Timer-40"                          [_thread_blocked, id=2968, stack(0x000000c31f600000,0x000000c31f700000) (1024K)]
  0x000002758581b990 JavaThread "Timer-41"                          [_thread_blocked, id=16548, stack(0x000000c31f700000,0x000000c31f800000) (1024K)]
  0x000002758581a5e0 JavaThread "Worker-25: Synchronize Gradle projects with workspace"        [_thread_blocked, id=17996, stack(0x000000c31f800000,0x000000c31f900000) (1024K)]
  0x000002758581ac70 JavaThread "Timer-42"                          [_thread_blocked, id=8000, stack(0x000000c31f900000,0x000000c31fa00000) (1024K)]
  0x000002758581c020 JavaThread "Worker-26: Synchronize Gradle projects with workspace"        [_thread_blocked, id=19608, stack(0x000000c31fa00000,0x000000c31fb00000) (1024K)]
  0x0000027585819230 JavaThread "Timer-43"                          [_thread_blocked, id=22712, stack(0x000000c31fb00000,0x000000c31fc00000) (1024K)]
  0x000002758581d3d0 JavaThread "Timer-44"                          [_thread_blocked, id=17304, stack(0x000000c31fc00000,0x000000c31fd00000) (1024K)]
  0x000002758581e0f0 JavaThread "Timer-45"                          [_thread_blocked, id=19096, stack(0x000000c31fd00000,0x000000c31fe00000) (1024K)]
  0x000002758581fb30 JavaThread "Worker-27"                         [_thread_blocked, id=22684, stack(0x000000c31fe00000,0x000000c31ff00000) (1024K)]
  0x000002758581cd40 JavaThread "Timer-46"                          [_thread_blocked, id=20616, stack(0x000000c31ff00000,0x000000c320000000) (1024K)]
  0x000002758581ee10 JavaThread "Timer-47"                          [_thread_blocked, id=6484, stack(0x000000c320000000,0x000000c320100000) (1024K)]
  0x000002758581f4a0 JavaThread "Worker-28"                         [_thread_blocked, id=10712, stack(0x000000c320100000,0x000000c320200000) (1024K)]
  0x0000027585040150 JavaThread "Timer-48"                          [_thread_blocked, id=16964, stack(0x000000c320200000,0x000000c320300000) (1024K)]
  0x00000275850428b0 JavaThread "Worker-29: Synchronize Gradle projects with workspace"        [_thread_blocked, id=10312, stack(0x000000c320300000,0x000000c320400000) (1024K)]
  0x0000027585041500 JavaThread "Timer-49"                          [_thread_blocked, id=21088, stack(0x000000c320400000,0x000000c320500000) (1024K)]
  0x0000027585040e70 JavaThread "Timer-50"                          [_thread_blocked, id=13892, stack(0x000000c320500000,0x000000c320600000) (1024K)]
  0x0000027585042220 JavaThread "Timer-51"                          [_thread_blocked, id=21096, stack(0x000000c320600000,0x000000c320700000) (1024K)]
  0x0000027585042f40 JavaThread "Worker-30: Synchronize Gradle projects with workspace"        [_thread_blocked, id=10428, stack(0x000000c320700000,0x000000c320800000) (1024K)]
  0x00000275850435d0 JavaThread "Timer-52"                          [_thread_blocked, id=9784, stack(0x000000c320800000,0x000000c320900000) (1024K)]
  0x000002758493b450 JavaThread "Timer-53"                          [_thread_blocked, id=12232, stack(0x000000c320900000,0x000000c320a00000) (1024K)]
  0x000002758493c170 JavaThread "Worker-31"                         [_thread_blocked, id=19824, stack(0x000000c320a00000,0x000000c320b00000) (1024K)]
  0x000002758493adc0 JavaThread "Timer-54"                          [_thread_blocked, id=22612, stack(0x000000c320b00000,0x000000c320c00000) (1024K)]
  0x000002758493a730 JavaThread "Worker-32: Synchronize Gradle projects with workspace"        [_thread_blocked, id=23196, stack(0x000000c320c00000,0x000000c320d00000) (1024K)]
  0x0000027584939380 JavaThread "Timer-55"                          [_thread_blocked, id=11588, stack(0x000000c320d00000,0x000000c320e00000) (1024K)]
  0x0000027584939a10 JavaThread "Timer-56"                          [_thread_blocked, id=16848, stack(0x000000c320e00000,0x000000c320f00000) (1024K)]
  0x000002758493ce90 JavaThread "Worker-33"                         [_thread_blocked, id=15764, stack(0x000000c320f00000,0x000000c321000000) (1024K)]
  0x000002758493c800 JavaThread "Timer-57"                          [_thread_blocked, id=16380, stack(0x000000c321000000,0x000000c321100000) (1024K)]
  0x000002758493dbb0 JavaThread "Timer-58"                          [_thread_blocked, id=14964, stack(0x000000c321100000,0x000000c321200000) (1024K)]
  0x0000027584940310 JavaThread "Worker-34: Synchronize Gradle projects with workspace"        [_thread_blocked, id=8128, stack(0x000000c321200000,0x000000c321300000) (1024K)]
  0x000002758493d520 JavaThread "Timer-60"                          [_thread_blocked, id=22364, stack(0x000000c321300000,0x000000c321400000) (1024K)]
  0x000002758493e240 JavaThread "Worker-35"                         [_thread_blocked, id=21616, stack(0x000000c321400000,0x000000c321500000) (1024K)]
  0x000002758493ef60 JavaThread "Timer-61"                          [_thread_blocked, id=5652, stack(0x000000c321500000,0x000000c321600000) (1024K)]
  0x000002758493f5f0 JavaThread "Timer-59"                          [_thread_blocked, id=19128, stack(0x000000c321600000,0x000000c321700000) (1024K)]
  0x0000027585f5f240 JavaThread "Timer-62"                          [_thread_blocked, id=22968, stack(0x000000c321700000,0x000000c321800000) (1024K)]
  0x0000027585f5bdc0 JavaThread "Timer-63"                          [_thread_blocked, id=9476, stack(0x000000c321800000,0x000000c321900000) (1024K)]
  0x0000027585f5e520 JavaThread "Worker-36: Synchronize Gradle projects with workspace"        [_thread_blocked, id=11668, stack(0x000000c321900000,0x000000c321a00000) (1024K)]
  0x0000027585f5d800 JavaThread "Timer-64"                          [_thread_blocked, id=10468, stack(0x000000c321a00000,0x000000c321b00000) (1024K)]
  0x0000027585f5cae0 JavaThread "Worker-37: Synchronize Gradle projects with workspace"        [_thread_blocked, id=23532, stack(0x000000c321b00000,0x000000c321c00000) (1024K)]
  0x0000027585f5d170 JavaThread "Timer-65"                          [_thread_blocked, id=22388, stack(0x000000c321c00000,0x000000c321d00000) (1024K)]
  0x0000027585f5f8d0 JavaThread "Timer-66"                          [_thread_blocked, id=17372, stack(0x000000c321d00000,0x000000c321e00000) (1024K)]
  0x0000027585f5c450 JavaThread "Worker-38: Synchronize Gradle projects with workspace"        [_thread_blocked, id=2360, stack(0x000000c321e00000,0x000000c321f00000) (1024K)]
  0x0000027585f62d50 JavaThread "Timer-67"                          [_thread_blocked, id=4688, stack(0x000000c321f00000,0x000000c322000000) (1024K)]
  0x0000027585f5ff60 JavaThread "Timer-68"                          [_thread_blocked, id=16156, stack(0x000000c322000000,0x000000c322100000) (1024K)]
  0x0000027585f633e0 JavaThread "Timer-69"                          [_thread_blocked, id=6644, stack(0x000000c322100000,0x000000c322200000) (1024K)]
  0x0000027585f626c0 JavaThread "Worker-39"                         [_thread_blocked, id=18956, stack(0x000000c322200000,0x000000c322300000) (1024K)]
  0x0000027585f605f0 JavaThread "Timer-70"                          [_thread_blocked, id=23988, stack(0x000000c322300000,0x000000c322400000) (1024K)]
  0x0000027585f619a0 JavaThread "Timer-71"                          [_thread_blocked, id=16152, stack(0x000000c322400000,0x000000c322500000) (1024K)]
  0x000002758715df10 JavaThread "Timer-72"                          [_thread_blocked, id=2364, stack(0x000000c322a00000,0x000000c322b00000) (1024K)]
  0x000002758715f950 JavaThread "Timer-73"                          [_thread_blocked, id=892, stack(0x000000c323200000,0x000000c323300000) (1024K)]
  0x000002758715ffe0 JavaThread "Timer-74"                          [_thread_blocked, id=20484, stack(0x000000c324000000,0x000000c324100000) (1024K)]
  0x000002758715e5a0 JavaThread "Timer-75"                          [_thread_blocked, id=19868, stack(0x000000c324200000,0x000000c324300000) (1024K)]
  0x000002758715ec30 JavaThread "Timer-76"                          [_thread_blocked, id=18736, stack(0x000000c324900000,0x000000c324a00000) (1024K)]
  0x000002758715cb60 JavaThread "Timer-77"                          [_thread_blocked, id=19364, stack(0x000000c322b00000,0x000000c322c00000) (1024K)]
  0x0000027587162740 JavaThread "Timer-78"                          [_thread_blocked, id=22152, stack(0x000000c324800000,0x000000c324900000) (1024K)]
  0x0000027587163460 JavaThread "Timer-79"                          [_thread_blocked, id=20148, stack(0x000000c323a00000,0x000000c323b00000) (1024K)]
  0x0000027587161a20 JavaThread "Timer-80"                          [_thread_blocked, id=23284, stack(0x000000c323700000,0x000000c323800000) (1024K)]
  0x0000027587160d00 JavaThread "Timer-81"                          [_thread_blocked, id=2100, stack(0x000000c324300000,0x000000c324400000) (1024K)]
  0x0000027587162dd0 JavaThread "Timer-82"                          [_thread_blocked, id=13732, stack(0x000000c322d00000,0x000000c322e00000) (1024K)]
  0x0000027587160670 JavaThread "Timer-83"                          [_thread_blocked, id=17952, stack(0x000000c324600000,0x000000c324700000) (1024K)]
  0x0000027587161390 JavaThread "Timer-84"                          [_thread_blocked, id=17492, stack(0x000000c322900000,0x000000c322a00000) (1024K)]
  0x00000275871620b0 JavaThread "Timer-85"                          [_thread_blocked, id=7904, stack(0x000000c31a700000,0x000000c31a800000) (1024K)]
  0x0000027587166f70 JavaThread "Timer-86"                          [_thread_blocked, id=16788, stack(0x000000c323300000,0x000000c323400000) (1024K)]
  0x0000027587165bc0 JavaThread "Timer-87"                          [_thread_blocked, id=23500, stack(0x000000c323500000,0x000000c323600000) (1024K)]
  0x0000027587164180 JavaThread "Timer-88"                          [_thread_blocked, id=9940, stack(0x000000c323d00000,0x000000c323e00000) (1024K)]
  0x0000027587164810 JavaThread "Timer-89"                          [_thread_blocked, id=10952, stack(0x000000c322e00000,0x000000c322f00000) (1024K)]
  0x0000027587168320 JavaThread "Timer-90"                          [_thread_blocked, id=14684, stack(0x000000c323e00000,0x000000c323f00000) (1024K)]
  0x0000027587167600 JavaThread "Timer-91"                          [_thread_blocked, id=16888, stack(0x000000c322500000,0x000000c322600000) (1024K)]
  0x0000027587164ea0 JavaThread "Timer-92"                          [_thread_blocked, id=15888, stack(0x000000c324500000,0x000000c324600000) (1024K)]
  0x00000275871689b0 JavaThread "Timer-93"                          [_thread_blocked, id=12932, stack(0x000000c323100000,0x000000c323200000) (1024K)]
  0x0000027587167c90 JavaThread "Timer-94"                          [_thread_blocked, id=21092, stack(0x000000c323c00000,0x000000c323d00000) (1024K)]
  0x00000275871668e0 JavaThread "Timer-95"                          [_thread_blocked, id=23920, stack(0x000000c323900000,0x000000c323a00000) (1024K)]
  0x0000027587165530 JavaThread "Timer-96"                          [_thread_blocked, id=21932, stack(0x000000c323800000,0x000000c323900000) (1024K)]
  0x0000027587169040 JavaThread "Timer-97"                          [_thread_blocked, id=4996, stack(0x000000c323f00000,0x000000c324000000) (1024K)]
  0x000002758716aa80 JavaThread "Timer-98"                          [_thread_blocked, id=22656, stack(0x000000c324b00000,0x000000c324c00000) (1024K)]
  0x000002758716a3f0 JavaThread "Timer-99"                          [_thread_blocked, id=3572, stack(0x000000c323000000,0x000000c323100000) (1024K)]
  0x00000275871696d0 JavaThread "Timer-100"                         [_thread_blocked, id=8108, stack(0x000000c322800000,0x000000c322900000) (1024K)]
  0x0000027587169d60 JavaThread "Timer-101"                         [_thread_blocked, id=13848, stack(0x000000c323b00000,0x000000c323c00000) (1024K)]
  0x000002758716b110 JavaThread "Timer-102"                         [_thread_blocked, id=11912, stack(0x000000c322700000,0x000000c322800000) (1024K)]
  0x000002758716b7a0 JavaThread "Timer-103"                         [_thread_blocked, id=20760, stack(0x000000c322600000,0x000000c322700000) (1024K)]
  0x000002758716be30 JavaThread "Timer-104"                         [_thread_blocked, id=21084, stack(0x000000c322c00000,0x000000c322d00000) (1024K)]
  0x00000275865b0b80 JavaThread "Timer-105"                         [_thread_blocked, id=15612, stack(0x000000c323400000,0x000000c323500000) (1024K)]
  0x00000275865b1210 JavaThread "Timer-106"                         [_thread_blocked, id=4564, stack(0x000000c324400000,0x000000c324500000) (1024K)]
  0x00000275865afe60 JavaThread "Timer-107"                         [_thread_blocked, id=3716, stack(0x000000c323600000,0x000000c323700000) (1024K)]
  0x00000275865ae420 JavaThread "Timer-108"                         [_thread_blocked, id=21076, stack(0x000000c322f00000,0x000000c323000000) (1024K)]
  0x00000275865b18a0 JavaThread "Timer-109"                         [_thread_blocked, id=17092, stack(0x000000c324700000,0x000000c324800000) (1024K)]
  0x00000275865b04f0 JavaThread "Exec process"                      [_thread_blocked, id=19620, stack(0x000000c324c00000,0x000000c324d00000) (1024K)]
  0x00000275865aeab0 JavaThread "Exec process Thread 2"             [_thread_blocked, id=18072, stack(0x000000c324d00000,0x000000c324e00000) (1024K)]
  0x00000275865b53b0 JavaThread "Exec process Thread 3"             [_thread_blocked, id=14748, stack(0x000000c324e00000,0x000000c324f00000) (1024K)]
  0x00000275865b1f30 JavaThread "Timer-110"                         [_thread_blocked, id=14172, stack(0x000000c318500000,0x000000c318600000) (1024K)]
  0x00000275865b25c0 JavaThread "Timer-111"                         [_thread_blocked, id=19224, stack(0x000000c324100000,0x000000c324200000) (1024K)]
  0x00000275865af140 JavaThread "Timer-112"                         [_thread_blocked, id=19904, stack(0x000000c324a00000,0x000000c324b00000) (1024K)]
  0x00000275865b5a40 JavaThread "Timer-113"                         [_thread_blocked, id=5772, stack(0x000000c325000000,0x000000c325100000) (1024K)]
  0x00000275865b60d0 JavaThread "Timer-114"                         [_thread_blocked, id=19948, stack(0x000000c324f00000,0x000000c325000000) (1024K)]
  0x00000275865b4d20 JavaThread "Timer-115"                         [_thread_blocked, id=11252, stack(0x000000c325100000,0x000000c325200000) (1024K)]
  0x00000275865b2c50 JavaThread "Timer-116"                         [_thread_blocked, id=9408, stack(0x000000c325300000,0x000000c325400000) (1024K)]
  0x00000275865b6760 JavaThread "Timer-117"                         [_thread_blocked, id=9812, stack(0x000000c325400000,0x000000c325500000) (1024K)]
  0x00000275865b3970 JavaThread "Timer-118"                         [_thread_blocked, id=1408, stack(0x000000c325200000,0x000000c325300000) (1024K)]
  0x00000275865b32e0 JavaThread "Timer-119"                         [_thread_blocked, id=15424, stack(0x000000c325500000,0x000000c325600000) (1024K)]
  0x00000275865b6df0 JavaThread "Timer-120"                         [_thread_blocked, id=15072, stack(0x000000c325600000,0x000000c325700000) (1024K)]
  0x00000275865b7480 JavaThread "Timer-121"                         [_thread_blocked, id=21904, stack(0x000000c325700000,0x000000c325800000) (1024K)]
  0x00000275865b7b10 JavaThread "Timer-122"                         [_thread_blocked, id=1824, stack(0x000000c325800000,0x000000c325900000) (1024K)]
  0x00000275865b4690 JavaThread "Timer-123"                         [_thread_blocked, id=22864, stack(0x000000c325900000,0x000000c325a00000) (1024K)]
  0x00000275865ba270 JavaThread "Timer-124"                         [_thread_blocked, id=13172, stack(0x000000c325b00000,0x000000c325c00000) (1024K)]
  0x00000275865b81a0 JavaThread "Timer-125"                         [_thread_blocked, id=5704, stack(0x000000c325c00000,0x000000c325d00000) (1024K)]
  0x00000275865b9be0 JavaThread "Timer-126"                         [_thread_blocked, id=11944, stack(0x000000c325d00000,0x000000c325e00000) (1024K)]
  0x00000275865b9550 JavaThread "Timer-127"                         [_thread_blocked, id=204, stack(0x000000c325e00000,0x000000c325f00000) (1024K)]
  0x00000275865baf90 JavaThread "ProjectImportProgressReporter" daemon [_thread_blocked, id=18040, stack(0x000000c325f00000,0x000000c326000000) (1024K)]
  0x00000275865ba900 JavaThread "Timer-128"                         [_thread_blocked, id=5896, stack(0x000000c325a00000,0x000000c325b00000) (1024K)]
  0x00000275865bb620 JavaThread "Timer-129"                         [_thread_blocked, id=12808, stack(0x000000c326000000,0x000000c326100000) (1024K)]
  0x00000275865bbcb0 JavaThread "Timer-130"                         [_thread_blocked, id=7992, stack(0x000000c326100000,0x000000c326200000) (1024K)]
  0x00000275865bc340 JavaThread "Timer-131"                         [_thread_blocked, id=9584, stack(0x000000c326200000,0x000000c326300000) (1024K)]
  0x00000275865b8830 JavaThread "Timer-132"                         [_thread_blocked, id=4884, stack(0x000000c326300000,0x000000c326400000) (1024K)]
  0x00000275865b8ec0 JavaThread "Timer-133"                         [_thread_blocked, id=19668, stack(0x000000c326400000,0x000000c326500000) (1024K)]
  0x00000275865bc9d0 JavaThread "Timer-134"                         [_thread_blocked, id=22552, stack(0x000000c326500000,0x000000c326600000) (1024K)]
  0x0000027585041b90 JavaThread "Timer-135"                         [_thread_blocked, id=23764, stack(0x000000c326700000,0x000000c326800000) (1024K)]
  0x00000275850407e0 JavaThread "Timer-136"                         [_thread_blocked, id=19864, stack(0x000000c326800000,0x000000c326900000) (1024K)]
  0x000002758504bca0 JavaThread "Timer-137"                         [_thread_blocked, id=22404, stack(0x000000c326600000,0x000000c326700000) (1024K)]
  0x000002758715f2c0 JavaThread "Timer-138"                         [_thread_blocked, id=13644, stack(0x000000c326900000,0x000000c326a00000) (1024K)]
  0x00000275852623d0 JavaThread "Timer-139"                         [_thread_blocked, id=12652, stack(0x000000c326a00000,0x000000c326b00000) (1024K)]
  0x0000027585632e50 JavaThread "Timer-140"                         [_thread_blocked, id=19116, stack(0x000000c326b00000,0x000000c326c00000) (1024K)]
  0x000002758538ec40 JavaThread "Timer-141"                         [_thread_blocked, id=11784, stack(0x000000c326c00000,0x000000c326d00000) (1024K)]
  0x0000027585f62030 JavaThread "Timer-142"                         [_thread_blocked, id=20316, stack(0x000000c326d00000,0x000000c326e00000) (1024K)]
  0x000002758493fc80 JavaThread "Timer-143"                         [_thread_blocked, id=1552, stack(0x000000c326e00000,0x000000c326f00000) (1024K)]
  0x0000027585bad100 JavaThread "Timer-144"                         [_thread_blocked, id=12292, stack(0x000000c326f00000,0x000000c327000000) (1024K)]
  0x0000027585bad790 JavaThread "Timer-145"                         [_thread_blocked, id=17212, stack(0x000000c327000000,0x000000c327100000) (1024K)]
  0x0000027585baca70 JavaThread "Timer-146"                         [_thread_blocked, id=3036, stack(0x000000c327100000,0x000000c327200000) (1024K)]
  0x0000027585bade20 JavaThread "Timer-147"                         [_thread_blocked, id=24196, stack(0x000000c327200000,0x000000c327300000) (1024K)]
  0x0000027585bae4b0 JavaThread "Timer-148"                         [_thread_blocked, id=12548, stack(0x000000c327300000,0x000000c327400000) (1024K)]
  0x0000027585baf860 JavaThread "Timer-149"                         [_thread_blocked, id=22500, stack(0x000000c327400000,0x000000c327500000) (1024K)]
  0x0000027585baf1d0 JavaThread "Timer-150"                         [_thread_blocked, id=6252, stack(0x000000c327500000,0x000000c327600000) (1024K)]
  0x0000027585baeb40 JavaThread "Timer-151"                         [_thread_blocked, id=16636, stack(0x000000c327600000,0x000000c327700000) (1024K)]
  0x0000027585bac3e0 JavaThread "Timer-152"                         [_thread_blocked, id=15492, stack(0x000000c327700000,0x000000c327800000) (1024K)]
  0x0000027585bb1930 JavaThread "Timer-153"                         [_thread_blocked, id=21372, stack(0x000000c327800000,0x000000c327900000) (1024K)]
  0x0000027585bb2ce0 JavaThread "Timer-154"                         [_thread_blocked, id=12212, stack(0x000000c327900000,0x000000c327a00000) (1024K)]
  0x0000027585bb1fc0 JavaThread "Timer-155"                         [_thread_blocked, id=23916, stack(0x000000c327a00000,0x000000c327b00000) (1024K)]
  0x0000027585bb0580 JavaThread "Timer-156"                         [_thread_blocked, id=5936, stack(0x000000c327b00000,0x000000c327c00000) (1024K)]
  0x0000027585bb0c10 JavaThread "Timer-157"                         [_thread_blocked, id=16392, stack(0x000000c327c00000,0x000000c327d00000) (1024K)]
  0x0000027585bb3370 JavaThread "Timer-158"                         [_thread_blocked, id=1768, stack(0x000000c327d00000,0x000000c327e00000) (1024K)]
  0x0000027585bafef0 JavaThread "Timer-159"                         [_thread_blocked, id=18856, stack(0x000000c327e00000,0x000000c327f00000) (1024K)]
  0x0000027585bb3a00 JavaThread "Timer-160"                         [_thread_blocked, id=19800, stack(0x000000c327f00000,0x000000c328000000) (1024K)]
  0x0000027585bb2650 JavaThread "Timer-161"                         [_thread_blocked, id=17792, stack(0x000000c328000000,0x000000c328100000) (1024K)]
  0x0000027586dd4cc0 JavaThread "Timer-162"                         [_thread_blocked, id=23832, stack(0x000000c328100000,0x000000c328200000) (1024K)]
  0x0000027586dd5350 JavaThread "Timer-163"                         [_thread_blocked, id=13880, stack(0x000000c328200000,0x000000c328300000) (1024K)]
  0x0000027586dd3fa0 JavaThread "Timer-164"                         [_thread_blocked, id=6052, stack(0x000000c328600000,0x000000c328700000) (1024K)]
  0x0000027586dd6700 JavaThread "Timer-165"                         [_thread_blocked, id=12080, stack(0x000000c328300000,0x000000c328400000) (1024K)]
  0x0000027586dd59e0 JavaThread "Timer-166"                         [_thread_blocked, id=18452, stack(0x000000c328700000,0x000000c328800000) (1024K)]
  0x0000027586dd7420 JavaThread "Exec process"                      [_thread_blocked, id=19860, stack(0x000000c328a00000,0x000000c328b00000) (1024K)]
  0x0000027586dd94f0 JavaThread "Exec process Thread 2"             [_thread_blocked, id=20860, stack(0x000000c328b00000,0x000000c328c00000) (1024K)]
  0x0000027586dd6070 JavaThread "Exec process Thread 3"             [_thread_blocked, id=23652, stack(0x000000c328c00000,0x000000c328d00000) (1024K)]
  0x0000027586dd6d90 JavaThread "Timer-167"                         [_thread_blocked, id=20288, stack(0x000000c328800000,0x000000c328900000) (1024K)]
  0x0000027586dd7ab0 JavaThread "Timer-168"                         [_thread_blocked, id=3508, stack(0x000000c328900000,0x000000c328a00000) (1024K)]
  0x0000027586dd4630 JavaThread "Timer-169"                         [_thread_blocked, id=11832, stack(0x000000c328d00000,0x000000c328e00000) (1024K)]
  0x0000027586dda8a0 JavaThread "Timer-170"                         [_thread_blocked, id=20696, stack(0x000000c328e00000,0x000000c328f00000) (1024K)]
  0x0000027586dd87d0 JavaThread "Timer-171"                         [_thread_blocked, id=20412, stack(0x000000c328f00000,0x000000c329000000) (1024K)]
  0x0000027586dda210 JavaThread "Timer-172"                         [_thread_blocked, id=20124, stack(0x000000c329000000,0x000000c329100000) (1024K)]
  0x0000027586dd8e60 JavaThread "Timer-173"                         [_thread_blocked, id=19788, stack(0x000000c329100000,0x000000c329200000) (1024K)]
  0x0000027586ddaf30 JavaThread "Timer-174"                         [_thread_blocked, id=9644, stack(0x000000c329200000,0x000000c329300000) (1024K)]
  0x0000027586ddb5c0 JavaThread "Timer-175"                         [_thread_blocked, id=21264, stack(0x000000c329300000,0x000000c329400000) (1024K)]
  0x0000027586dd8140 JavaThread "Timer-176"                         [_thread_blocked, id=916, stack(0x000000c329500000,0x000000c329600000) (1024K)]
  0x0000027586ddc2e0 JavaThread "Timer-177"                         [_thread_blocked, id=17496, stack(0x000000c329400000,0x000000c329500000) (1024K)]
  0x0000027586ddc970 JavaThread "Timer-178"                         [_thread_blocked, id=14500, stack(0x000000c329600000,0x000000c329700000) (1024K)]
  0x0000027586ddd000 JavaThread "Timer-179"                         [_thread_blocked, id=15264, stack(0x000000c329700000,0x000000c329800000) (1024K)]
  0x0000027586dd9b80 JavaThread "Timer-180"                         [_thread_blocked, id=20208, stack(0x000000c329800000,0x000000c329900000) (1024K)]
  0x0000027586ddbc50 JavaThread "Timer-181"                         [_thread_blocked, id=23424, stack(0x000000c329a00000,0x000000c329b00000) (1024K)]
  0x0000027586de0b10 JavaThread "Timer-182"                         [_thread_blocked, id=6800, stack(0x000000c329900000,0x000000c329a00000) (1024K)]
  0x0000027586ddd690 JavaThread "Timer-183"                         [_thread_blocked, id=11864, stack(0x000000c329b00000,0x000000c329c00000) (1024K)]
  0x0000027586ddf760 JavaThread "Timer-184"                         [_thread_blocked, id=22796, stack(0x000000c329c00000,0x000000c329d00000) (1024K)]
  0x0000027586de0480 JavaThread "Timer-185"                         [_thread_blocked, id=22296, stack(0x000000c329d00000,0x000000c329e00000) (1024K)]
  0x0000027586de11a0 JavaThread "Timer-186"                         [_thread_blocked, id=15912, stack(0x000000c329e00000,0x000000c329f00000) (1024K)]
  0x0000027586ddf0d0 JavaThread "Timer-187"                         [_thread_blocked, id=24292, stack(0x000000c329f00000,0x000000c32a000000) (1024K)]
  0x0000027586ddea40 JavaThread "Timer-188"                         [_thread_blocked, id=19204, stack(0x000000c32a000000,0x000000c32a100000) (1024K)]
  0x0000027586ddfdf0 JavaThread "Timer-189"                         [_thread_blocked, id=13296, stack(0x000000c32a100000,0x000000c32a200000) (1024K)]
  0x0000027586dddd20 JavaThread "Timer-190"                         [_thread_blocked, id=11956, stack(0x000000c32a200000,0x000000c32a300000) (1024K)]
  0x0000027586dde3b0 JavaThread "Timer-191"                         [_thread_blocked, id=21184, stack(0x000000c32a400000,0x000000c32a500000) (1024K)]
  0x0000027586de2be0 JavaThread "Timer-192"                         [_thread_blocked, id=14704, stack(0x000000c32a300000,0x000000c32a400000) (1024K)]
  0x0000027586de3270 JavaThread "Timer-193"                         [_thread_blocked, id=19932, stack(0x000000c32a500000,0x000000c32a600000) (1024K)]
  0x0000027586de2550 JavaThread "Timer-194"                         [_thread_blocked, id=11808, stack(0x000000c32a600000,0x000000c32a700000) (1024K)]
  0x0000027586de1830 JavaThread "Timer-195"                         [_thread_blocked, id=19400, stack(0x000000c32a700000,0x000000c32a800000) (1024K)]
  0x0000027586de1ec0 JavaThread "Timer-196"                         [_thread_blocked, id=24108, stack(0x000000c32a900000,0x000000c32aa00000) (1024K)]
  0x0000027585cbc840 JavaThread "Timer-197"                         [_thread_blocked, id=20340, stack(0x000000c318600000,0x000000c318700000) (1024K)]
  0x0000027585cbced0 JavaThread "Timer-198"                         [_thread_blocked, id=20512, stack(0x000000c318700000,0x000000c318800000) (1024K)]
  0x0000027585cba770 JavaThread "Timer-199"                         [_thread_blocked, id=20720, stack(0x000000c32a800000,0x000000c32a900000) (1024K)]
  0x0000027585cbb490 JavaThread "Timer-200"                         [_thread_blocked, id=12624, stack(0x000000c32aa00000,0x000000c32ab00000) (1024K)]
  0x0000027585cbc1b0 JavaThread "Timer-201"                         [_thread_blocked, id=636, stack(0x000000c32ab00000,0x000000c32ac00000) (1024K)]
  0x0000027585cbd560 JavaThread "Timer-202"                         [_thread_blocked, id=15788, stack(0x000000c32ac00000,0x000000c32ad00000) (1024K)]
  0x0000027585cba0e0 JavaThread "Timer-203"                         [_thread_blocked, id=21300, stack(0x000000c32ad00000,0x000000c32ae00000) (1024K)]
  0x0000027585cbbb20 JavaThread "Timer-204"                         [_thread_blocked, id=16232, stack(0x000000c32ae00000,0x000000c32af00000) (1024K)]
  0x0000027585cbdbf0 JavaThread "Timer-205"                         [_thread_blocked, id=20636, stack(0x000000c32af00000,0x000000c32b000000) (1024K)]
  0x0000027585cbae00 JavaThread "Timer-206"                         [_thread_blocked, id=23680, stack(0x000000c32b100000,0x000000c32b200000) (1024K)]
  0x0000027585cbefa0 JavaThread "Timer-207"                         [_thread_blocked, id=20824, stack(0x000000c32b000000,0x000000c32b100000) (1024K)]
  0x0000027585cbe910 JavaThread "Timer-208"                         [_thread_blocked, id=2252, stack(0x000000c32b200000,0x000000c32b300000) (1024K)]
  0x0000027585cbe280 JavaThread "Timer-209"                         [_thread_blocked, id=1148, stack(0x000000c32b300000,0x000000c32b400000) (1024K)]
  0x0000027585cc0350 JavaThread "Timer-210"                         [_thread_blocked, id=5736, stack(0x000000c32b500000,0x000000c32b600000) (1024K)]
  0x0000027585cc09e0 JavaThread "Timer-211"                         [_thread_blocked, id=18872, stack(0x000000c32b600000,0x000000c32b700000) (1024K)]
  0x0000027585cbf630 JavaThread "Timer-212"                         [_thread_blocked, id=7088, stack(0x000000c32b400000,0x000000c32b500000) (1024K)]
  0x0000027585cc1070 JavaThread "Timer-213"                         [_thread_blocked, id=22644, stack(0x000000c32b700000,0x000000c32b800000) (1024K)]
  0x0000027585cbfcc0 JavaThread "Timer-214"                         [_thread_blocked, id=24528, stack(0x000000c32b800000,0x000000c32b900000) (1024K)]
  0x0000027585cc1700 JavaThread "Timer-215"                         [_thread_blocked, id=17472, stack(0x000000c32b900000,0x000000c32ba00000) (1024K)]
  0x000002758734f260 JavaThread "Timer-216"                         [_thread_blocked, id=18372, stack(0x000000c32ba00000,0x000000c32bb00000) (1024K)]
  0x000002758734f8f0 JavaThread "Timer-217"                         [_thread_blocked, id=14620, stack(0x000000c32bb00000,0x000000c32bc00000) (1024K)]
  0x000002758734e540 JavaThread "Timer-218"                         [_thread_blocked, id=19736, stack(0x000000c32bc00000,0x000000c32bd00000) (1024K)]
  0x000002758734deb0 JavaThread "Timer-219"                         [_thread_blocked, id=5136, stack(0x000000c32be00000,0x000000c32bf00000) (1024K)]
  0x000002758734ff80 JavaThread "Timer-220"                         [_thread_blocked, id=21120, stack(0x000000c32bd00000,0x000000c32be00000) (1024K)]
  0x000002758734ebd0 JavaThread "Timer-221"                         [_thread_blocked, id=21840, stack(0x000000c32c000000,0x000000c32c100000) (1024K)]
=>0x0000027587350610 JavaThread "Connection worker"                 [_thread_in_vm, id=15076, stack(0x000000c32bf00000,0x000000c32c000000) (1024K)]
Total: 302

Other Threads:
  0x00000275a1dc0b20 VMThread "VM Thread"                           [id=1836, stack(0x000000c318b00000,0x000000c318c00000) (1024K)]
  0x00000275ba5cca00 WatcherThread "VM Periodic Task Thread"        [id=17004, stack(0x000000c318a00000,0x000000c318b00000) (1024K)]
  0x00000275a1d3a590 WorkerThread "GC Thread#0"                     [id=20248, stack(0x000000c318900000,0x000000c318a00000) (1024K)]
  0x00000275fda7c290 WorkerThread "GC Thread#1"                     [id=19256, stack(0x000000c319700000,0x000000c319800000) (1024K)]
  0x00000275fd9d95d0 WorkerThread "GC Thread#2"                     [id=15776, stack(0x000000c319800000,0x000000c319900000) (1024K)]
  0x00000275fd9d9980 WorkerThread "GC Thread#3"                     [id=13484, stack(0x000000c319900000,0x000000c319a00000) (1024K)]
  0x00000275fda50d00 WorkerThread "GC Thread#4"                     [id=21104, stack(0x000000c319a00000,0x000000c319b00000) (1024K)]
  0x00000275fda510b0 WorkerThread "GC Thread#5"                     [id=12032, stack(0x000000c319b00000,0x000000c319c00000) (1024K)]
  0x00000275fda51460 WorkerThread "GC Thread#6"                     [id=21772, stack(0x000000c319c00000,0x000000c319d00000) (1024K)]
  0x00000275fd882990 WorkerThread "GC Thread#7"                     [id=3996, stack(0x000000c319400000,0x000000c319500000) (1024K)]
Total: 10

Threads with active compile tasks:
Total: 0

VM state: not at safepoint (normal execution)

VM Mutex/Monitor currently owned by a thread:  ([mutex/lock_event])
[0x00007ff82737d530] Metaspace_lock - owner thread: 0x0000027587350610

Heap address: 0x0000000080000000, size: 2048 MB, Compressed Oops mode: 32-bit

CDS archive(s) mapped at: [0x00000275bb000000-0x00000275bbba0000-0x00000275bbba0000), size 12189696, SharedBaseAddress: 0x00000275bb000000, ArchiveRelocationMode: 1.
Compressed class space mapped at: 0x00000275bc000000-0x00000275fc000000, reserved size: 1073741824
Narrow klass base: 0x00000275bb000000, Narrow klass shift: 0, Narrow klass range: 0x100000000

GC Precious Log:
 CardTable entry size: 512
 CPUs: 8 total, 8 available
 Memory: 7865M
 Large Page Support: Disabled
 NUMA Support: Disabled
 Compressed Oops: Enabled (32-bit)
 Alignments: Space 512K, Generation 512K, Heap 2M
 Heap Min Capacity: 100M
 Heap Initial Capacity: 100M
 Heap Max Capacity: 2G
 Pre-touch: Disabled
 Parallel Workers: 8

Heap:
 PSYoungGen      total 15872K, used 2130K [0x00000000d5580000, 0x00000000d6600000, 0x0000000100000000)
  eden space 14848K, 11% used [0x00000000d5580000,0x00000000d5718ae0,0x00000000d6400000)
  from space 1024K, 48% used [0x00000000d6400000,0x00000000d647c010,0x00000000d6500000)
  to   space 1024K, 0% used [0x00000000d6500000,0x00000000d6500000,0x00000000d6600000)
 ParOldGen       total 77312K, used 77002K [0x0000000080000000, 0x0000000084b80000, 0x00000000d5580000)
  object space 77312K, 99% used [0x0000000080000000,0x0000000084b32b90,0x0000000084b80000)
 Metaspace       used 79587K, committed 81088K, reserved 1179648K
  class space    used 10436K, committed 11136K, reserved 1048576K

Card table byte_map: [0x00000275b5a00000,0x00000275b5e10000] _byte_map_base: 0x00000275b5600000

Marking Bits: (ParMarkBitMap*) 0x00007ff8273844a0
 Begin Bits: [0x00000275b60c0000, 0x00000275b80c0000)
 End Bits:   [0x00000275b80c0000, 0x00000275ba0c0000)

Polling page: 0x00000275a2100000

Metaspace:

Usage:
  Non-class:     67.53 MB used.
      Class:     10.19 MB used.
       Both:     77.72 MB used.

Virtual space:
  Non-class space:      128.00 MB reserved,      68.31 MB ( 53%) committed,  2 nodes.
      Class space:        1.00 GB reserved,      10.88 MB (  1%) committed,  1 nodes.
             Both:        1.12 GB reserved,      79.19 MB (  7%) committed. 

Chunk freelists:
   Non-Class:  11.30 MB
       Class:  5.15 MB
        Both:  16.46 MB

MaxMetaspaceSize: unlimited
CompressedClassSpaceSize: 1.00 GB
Initial GC threshold: 21.00 MB
Current GC threshold: 97.31 MB
CDS: on
 - commit_granule_bytes: 65536.
 - commit_granule_words: 8192.
 - virtual_space_node_default_size: 8388608.
 - enlarge_chunks_in_place: 1.
 - use_allocation_guard: 0.


Internal statistics:

num_allocs_failed_limit: 9.
num_arena_births: 1498.
num_arena_deaths: 30.
num_vsnodes_births: 3.
num_vsnodes_deaths: 0.
num_space_committed: 1267.
num_space_uncommitted: 0.
num_chunks_returned_to_freelist: 46.
num_chunks_taken_from_freelist: 5090.
num_chunk_merges: 16.
num_chunk_splits: 3272.
num_chunks_enlarged: 2008.
num_inconsistent_stats: 0.

CodeHeap 'non-profiled nmethods': size=120000Kb used=6782Kb max_used=6782Kb free=113217Kb
 bounds [0x00000275ae2e0000, 0x00000275ae980000, 0x00000275b5810000]
CodeHeap 'profiled nmethods': size=120000Kb used=19563Kb max_used=19563Kb free=100436Kb
 bounds [0x00000275a6810000, 0x00000275a7b30000, 0x00000275add40000]
CodeHeap 'non-nmethods': size=5760Kb used=1394Kb max_used=1440Kb free=4365Kb
 bounds [0x00000275add40000, 0x00000275adfb0000, 0x00000275ae2e0000]
CodeCache: size=245760Kb, used=27739Kb, max_used=27785Kb, free=218018Kb
 total_blobs=10380, nmethods=9686, adapters=600, full_count=0
Compilation: enabled, stopped_count=0, restarted_count=0

Compilation events (20 events):
Event: 66.760 Thread 0x00000275ba6bdbc0 10390       4       jdk.internal.org.objectweb.asm.MethodWriter::visitFieldInsn (258 bytes)
Event: 66.778 Thread 0x00000275ba6bdbc0 nmethod 10390 0x00000275ae97c410 code [0x00000275ae97c600, 0x00000275ae97cb40]
Event: 66.778 Thread 0x00000275ba6bdbc0 10391       4       jdk.internal.org.objectweb.asm.SymbolTable::addConstantFieldref (10 bytes)
Event: 66.779 Thread 0x00000275ba6bdbc0 nmethod 10391 0x00000275ae97d390 code [0x00000275ae97d520, 0x00000275ae97d5e0]
Event: 66.780 Thread 0x00000275fd17a6c0 10397       3       java.util.List::of (64 bytes)
Event: 66.781 Thread 0x00000275fd17a6c0 nmethod 10397 0x00000275a7b26d90 code [0x00000275a7b27020, 0x00000275a7b27b88]
Event: 66.781 Thread 0x00000275fd17a6c0 10399   !   3       java.lang.invoke.ClassSpecializer$Factory::findGetter (41 bytes)
Event: 66.782 Thread 0x00000275fd17a6c0 nmethod 10399 0x00000275a7b27f90 code [0x00000275a7b28180, 0x00000275a7b286b0]
Event: 66.782 Thread 0x00000275fd17a6c0 10400       3       java.lang.invoke.MethodHandles$Lookup::findGetter (19 bytes)
Event: 66.782 Thread 0x00000275fd17a6c0 nmethod 10400 0x00000275a7b28890 code [0x00000275a7b28a40, 0x00000275a7b28bf0]
Event: 66.782 Thread 0x00000275fd17a6c0 10401       3       java.lang.invoke.MethodHandles$Lookup::getDirectField (12 bytes)
Event: 66.782 Thread 0x00000275fd17a6c0 nmethod 10401 0x00000275a7b28d10 code [0x00000275a7b28ec0, 0x00000275a7b29000]
Event: 66.784 Thread 0x00000275fd17a6c0 10403       3       java.lang.invoke.InvokerBytecodeGenerator::emitArrayOp (113 bytes)
Event: 66.785 Thread 0x00000275fd17a6c0 nmethod 10403 0x00000275a7b29090 code [0x00000275a7b292e0, 0x00000275a7b29a68]
Event: 66.786 Thread 0x00000275ba6bdbc0 10405       4       sun.invoke.util.VerifyAccess::isTypeVisible (118 bytes)
Event: 66.788 Thread 0x00000275fd17a6c0 10408  s    3       java.lang.invoke.MethodTypeForm::setCachedLambdaForm (44 bytes)
Event: 66.789 Thread 0x00000275fd17a6c0 nmethod 10408 0x00000275a7b29e10 code [0x00000275a7b2a020, 0x00000275a7b2a8a8]
Event: 66.794 Thread 0x00000275ba6bdbc0 nmethod 10405 0x00000275ae97eb90 code [0x00000275ae97ed80, 0x00000275ae97f0b8]
Event: 66.794 Thread 0x00000275ba6bdbc0 10406       4       sun.invoke.util.Wrapper::forBasicType (103 bytes)
Event: 66.795 Thread 0x00000275ba6bdbc0 nmethod 10406 0x00000275ae97f490 code [0x00000275ae97f640, 0x00000275ae97f7e0]

GC Heap History (20 events):
Event: 64.379 GC heap before
{Heap before GC invocations=89 (full 3):
 PSYoungGen      total 15872K, used 15870K [0x00000000d5580000, 0x00000000d6680000, 0x0000000100000000)
  eden space 15360K, 100% used [0x00000000d5580000,0x00000000d6480000,0x00000000d6480000)
  from space 512K, 99% used [0x00000000d6580000,0x00000000d65ffaa0,0x00000000d6600000)
  to   space 512K, 0% used [0x00000000d6600000,0x00000000d6600000,0x00000000d6680000)
 ParOldGen       total 75776K, used 75513K [0x0000000080000000, 0x0000000084a00000, 0x00000000d5580000)
  object space 75776K, 99% used [0x0000000080000000,0x00000000849be6a8,0x0000000084a00000)
 Metaspace       used 78449K, committed 79872K, reserved 1179648K
  class space    used 10266K, committed 10944K, reserved 1048576K
}
Event: 64.382 GC heap after
{Heap after GC invocations=89 (full 3):
 PSYoungGen      total 15872K, used 507K [0x00000000d5580000, 0x00000000d6780000, 0x0000000100000000)
  eden space 15360K, 0% used [0x00000000d5580000,0x00000000d5580000,0x00000000d6480000)
  from space 512K, 99% used [0x00000000d6600000,0x00000000d667ee40,0x00000000d6680000)
  to   space 1536K, 0% used [0x00000000d6480000,0x00000000d6480000,0x00000000d6600000)
 ParOldGen       total 76800K, used 76300K [0x0000000080000000, 0x0000000084b00000, 0x00000000d5580000)
  object space 76800K, 99% used [0x0000000080000000,0x0000000084a83210,0x0000000084b00000)
 Metaspace       used 78449K, committed 79872K, reserved 1179648K
  class space    used 10266K, committed 10944K, reserved 1048576K
}
Event: 64.579 GC heap before
{Heap before GC invocations=90 (full 3):
 PSYoungGen      total 15872K, used 15867K [0x00000000d5580000, 0x00000000d6780000, 0x0000000100000000)
  eden space 15360K, 100% used [0x00000000d5580000,0x00000000d6480000,0x00000000d6480000)
  from space 512K, 99% used [0x00000000d6600000,0x00000000d667ee40,0x00000000d6680000)
  to   space 1536K, 0% used [0x00000000d6480000,0x00000000d6480000,0x00000000d6600000)
 ParOldGen       total 76800K, used 76300K [0x0000000080000000, 0x0000000084b00000, 0x00000000d5580000)
  object space 76800K, 99% used [0x0000000080000000,0x0000000084a83210,0x0000000084b00000)
 Metaspace       used 78449K, committed 79872K, reserved 1179648K
  class space    used 10266K, committed 10944K, reserved 1048576K
}
Event: 64.580 GC heap after
{Heap after GC invocations=90 (full 3):
 PSYoungGen      total 15872K, used 320K [0x00000000d5580000, 0x00000000d6680000, 0x0000000100000000)
  eden space 15360K, 0% used [0x00000000d5580000,0x00000000d5580000,0x00000000d6480000)
  from space 512K, 62% used [0x00000000d6480000,0x00000000d64d0000,0x00000000d6500000)
  to   space 1024K, 0% used [0x00000000d6580000,0x00000000d6580000,0x00000000d6680000)
 ParOldGen       total 76800K, used 76324K [0x0000000080000000, 0x0000000084b00000, 0x00000000d5580000)
  object space 76800K, 99% used [0x0000000080000000,0x0000000084a89210,0x0000000084b00000)
 Metaspace       used 78449K, committed 79872K, reserved 1179648K
  class space    used 10266K, committed 10944K, reserved 1048576K
}
Event: 64.733 GC heap before
{Heap before GC invocations=91 (full 3):
 PSYoungGen      total 15872K, used 15680K [0x00000000d5580000, 0x00000000d6680000, 0x0000000100000000)
  eden space 15360K, 100% used [0x00000000d5580000,0x00000000d6480000,0x00000000d6480000)
  from space 512K, 62% used [0x00000000d6480000,0x00000000d64d0000,0x00000000d6500000)
  to   space 1024K, 0% used [0x00000000d6580000,0x00000000d6580000,0x00000000d6680000)
 ParOldGen       total 76800K, used 76324K [0x0000000080000000, 0x0000000084b00000, 0x00000000d5580000)
  object space 76800K, 99% used [0x0000000080000000,0x0000000084a89210,0x0000000084b00000)
 Metaspace       used 78449K, committed 79872K, reserved 1179648K
  class space    used 10266K, committed 10944K, reserved 1048576K
}
Event: 64.734 GC heap after
{Heap after GC invocations=91 (full 3):
 PSYoungGen      total 16384K, used 669K [0x00000000d5580000, 0x00000000d6680000, 0x0000000100000000)
  eden space 15360K, 0% used [0x00000000d5580000,0x00000000d5580000,0x00000000d6480000)
  from space 1024K, 65% used [0x00000000d6580000,0x00000000d6627730,0x00000000d6680000)
  to   space 1024K, 0% used [0x00000000d6480000,0x00000000d6480000,0x00000000d6580000)
 ParOldGen       total 76800K, used 76543K [0x0000000080000000, 0x0000000084b00000, 0x00000000d5580000)
  object space 76800K, 99% used [0x0000000080000000,0x0000000084abfd78,0x0000000084b00000)
 Metaspace       used 78449K, committed 79872K, reserved 1179648K
  class space    used 10266K, committed 10944K, reserved 1048576K
}
Event: 65.045 GC heap before
{Heap before GC invocations=92 (full 3):
 PSYoungGen      total 16384K, used 16029K [0x00000000d5580000, 0x00000000d6680000, 0x0000000100000000)
  eden space 15360K, 100% used [0x00000000d5580000,0x00000000d6480000,0x00000000d6480000)
  from space 1024K, 65% used [0x00000000d6580000,0x00000000d6627730,0x00000000d6680000)
  to   space 1024K, 0% used [0x00000000d6480000,0x00000000d6480000,0x00000000d6580000)
 ParOldGen       total 76800K, used 76543K [0x0000000080000000, 0x0000000084b00000, 0x00000000d5580000)
  object space 76800K, 99% used [0x0000000080000000,0x0000000084abfd78,0x0000000084b00000)
 Metaspace       used 78449K, committed 79872K, reserved 1179648K
  class space    used 10266K, committed 10944K, reserved 1048576K
}
Event: 65.046 GC heap after
{Heap after GC invocations=92 (full 3):
 PSYoungGen      total 16384K, used 1015K [0x00000000d5580000, 0x00000000d6780000, 0x0000000100000000)
  eden space 15360K, 0% used [0x00000000d5580000,0x00000000d5580000,0x00000000d6480000)
  from space 1024K, 99% used [0x00000000d6480000,0x00000000d657df30,0x00000000d6580000)
  to   space 1536K, 0% used [0x00000000d6600000,0x00000000d6600000,0x00000000d6780000)
 ParOldGen       total 76800K, used 76614K [0x0000000080000000, 0x0000000084b00000, 0x00000000d5580000)
  object space 76800K, 99% used [0x0000000080000000,0x0000000084ad19b8,0x0000000084b00000)
 Metaspace       used 78449K, committed 79872K, reserved 1179648K
  class space    used 10266K, committed 10944K, reserved 1048576K
}
Event: 65.242 GC heap before
{Heap before GC invocations=93 (full 3):
 PSYoungGen      total 16384K, used 16375K [0x00000000d5580000, 0x00000000d6780000, 0x0000000100000000)
  eden space 15360K, 100% used [0x00000000d5580000,0x00000000d6480000,0x00000000d6480000)
  from space 1024K, 99% used [0x00000000d6480000,0x00000000d657df30,0x00000000d6580000)
  to   space 1536K, 0% used [0x00000000d6600000,0x00000000d6600000,0x00000000d6780000)
 ParOldGen       total 76800K, used 76614K [0x0000000080000000, 0x0000000084b00000, 0x00000000d5580000)
  object space 76800K, 99% used [0x0000000080000000,0x0000000084ad19b8,0x0000000084b00000)
 Metaspace       used 78449K, committed 79872K, reserved 1179648K
  class space    used 10266K, committed 10944K, reserved 1048576K
}
Event: 65.243 GC heap after
{Heap after GC invocations=93 (full 3):
 PSYoungGen      total 15872K, used 288K [0x00000000d5580000, 0x00000000d6680000, 0x0000000100000000)
  eden space 15360K, 0% used [0x00000000d5580000,0x00000000d5580000,0x00000000d6480000)
  from space 512K, 56% used [0x00000000d6600000,0x00000000d6648000,0x00000000d6680000)
  to   space 1024K, 0% used [0x00000000d6480000,0x00000000d6480000,0x00000000d6580000)
 ParOldGen       total 76800K, used 76678K [0x0000000080000000, 0x0000000084b00000, 0x00000000d5580000)
  object space 76800K, 99% used [0x0000000080000000,0x0000000084ae19b8,0x0000000084b00000)
 Metaspace       used 78449K, committed 79872K, reserved 1179648K
  class space    used 10266K, committed 10944K, reserved 1048576K
}
Event: 65.399 GC heap before
{Heap before GC invocations=94 (full 3):
 PSYoungGen      total 15872K, used 15648K [0x00000000d5580000, 0x00000000d6680000, 0x0000000100000000)
  eden space 15360K, 100% used [0x00000000d5580000,0x00000000d6480000,0x00000000d6480000)
  from space 512K, 56% used [0x00000000d6600000,0x00000000d6648000,0x00000000d6680000)
  to   space 1024K, 0% used [0x00000000d6480000,0x00000000d6480000,0x00000000d6580000)
 ParOldGen       total 76800K, used 76678K [0x0000000080000000, 0x0000000084b00000, 0x00000000d5580000)
  object space 76800K, 99% used [0x0000000080000000,0x0000000084ae19b8,0x0000000084b00000)
 Metaspace       used 78449K, committed 79872K, reserved 1179648K
  class space    used 10266K, committed 10944K, reserved 1048576K
}
Event: 65.401 GC heap after
{Heap after GC invocations=94 (full 3):
 PSYoungGen      total 16384K, used 571K [0x00000000d5580000, 0x00000000d6680000, 0x0000000100000000)
  eden space 15360K, 0% used [0x00000000d5580000,0x00000000d5580000,0x00000000d6480000)
  from space 1024K, 55% used [0x00000000d6480000,0x00000000d650efb8,0x00000000d6580000)
  to   space 1024K, 0% used [0x00000000d6580000,0x00000000d6580000,0x00000000d6680000)
 ParOldGen       total 76800K, used 76793K [0x0000000080000000, 0x0000000084b00000, 0x00000000d5580000)
  object space 76800K, 99% used [0x0000000080000000,0x0000000084afe6c8,0x0000000084b00000)
 Metaspace       used 78449K, committed 79872K, reserved 1179648K
  class space    used 10266K, committed 10944K, reserved 1048576K
}
Event: 65.591 GC heap before
{Heap before GC invocations=95 (full 3):
 PSYoungGen      total 16384K, used 15931K [0x00000000d5580000, 0x00000000d6680000, 0x0000000100000000)
  eden space 15360K, 100% used [0x00000000d5580000,0x00000000d6480000,0x00000000d6480000)
  from space 1024K, 55% used [0x00000000d6480000,0x00000000d650efb8,0x00000000d6580000)
  to   space 1024K, 0% used [0x00000000d6580000,0x00000000d6580000,0x00000000d6680000)
 ParOldGen       total 76800K, used 76793K [0x0000000080000000, 0x0000000084b00000, 0x00000000d5580000)
  object space 76800K, 99% used [0x0000000080000000,0x0000000084afe6c8,0x0000000084b00000)
 Metaspace       used 78449K, committed 79872K, reserved 1179648K
  class space    used 10266K, committed 10944K, reserved 1048576K
}
Event: 65.592 GC heap after
{Heap after GC invocations=95 (full 3):
 PSYoungGen      total 15872K, used 1006K [0x00000000d5580000, 0x00000000d6780000, 0x0000000100000000)
  eden space 14848K, 0% used [0x00000000d5580000,0x00000000d5580000,0x00000000d6400000)
  from space 1024K, 98% used [0x00000000d6580000,0x00000000d667ba08,0x00000000d6680000)
  to   space 1536K, 0% used [0x00000000d6400000,0x00000000d6400000,0x00000000d6580000)
 ParOldGen       total 77312K, used 76864K [0x0000000080000000, 0x0000000084b80000, 0x00000000d5580000)
  object space 77312K, 99% used [0x0000000080000000,0x0000000084b10308,0x0000000084b80000)
 Metaspace       used 78449K, committed 79872K, reserved 1179648K
  class space    used 10266K, committed 10944K, reserved 1048576K
}
Event: 65.861 GC heap before
{Heap before GC invocations=96 (full 3):
 PSYoungGen      total 15872K, used 15854K [0x00000000d5580000, 0x00000000d6780000, 0x0000000100000000)
  eden space 14848K, 100% used [0x00000000d5580000,0x00000000d6400000,0x00000000d6400000)
  from space 1024K, 98% used [0x00000000d6580000,0x00000000d667ba08,0x00000000d6680000)
  to   space 1536K, 0% used [0x00000000d6400000,0x00000000d6400000,0x00000000d6580000)
 ParOldGen       total 77312K, used 76864K [0x0000000080000000, 0x0000000084b80000, 0x00000000d5580000)
  object space 77312K, 99% used [0x0000000080000000,0x0000000084b10308,0x0000000084b80000)
 Metaspace       used 78449K, committed 79872K, reserved 1179648K
  class space    used 10266K, committed 10944K, reserved 1048576K
}
Event: 65.862 GC heap after
{Heap after GC invocations=96 (full 3):
 PSYoungGen      total 15360K, used 429K [0x00000000d5580000, 0x00000000d6600000, 0x0000000100000000)
  eden space 14848K, 0% used [0x00000000d5580000,0x00000000d5580000,0x00000000d6400000)
  from space 512K, 83% used [0x00000000d6400000,0x00000000d646b420,0x00000000d6480000)
  to   space 1024K, 0% used [0x00000000d6500000,0x00000000d6500000,0x00000000d6600000)
 ParOldGen       total 77312K, used 76912K [0x0000000080000000, 0x0000000084b80000, 0x00000000d5580000)
  object space 77312K, 99% used [0x0000000080000000,0x0000000084b1c318,0x0000000084b80000)
 Metaspace       used 78449K, committed 79872K, reserved 1179648K
  class space    used 10266K, committed 10944K, reserved 1048576K
}
Event: 66.099 GC heap before
{Heap before GC invocations=97 (full 3):
 PSYoungGen      total 15360K, used 15277K [0x00000000d5580000, 0x00000000d6600000, 0x0000000100000000)
  eden space 14848K, 100% used [0x00000000d5580000,0x00000000d6400000,0x00000000d6400000)
  from space 512K, 83% used [0x00000000d6400000,0x00000000d646b420,0x00000000d6480000)
  to   space 1024K, 0% used [0x00000000d6500000,0x00000000d6500000,0x00000000d6600000)
 ParOldGen       total 77312K, used 76912K [0x0000000080000000, 0x0000000084b80000, 0x00000000d5580000)
  object space 77312K, 99% used [0x0000000080000000,0x0000000084b1c318,0x0000000084b80000)
 Metaspace       used 78449K, committed 79872K, reserved 1179648K
  class space    used 10266K, committed 10944K, reserved 1048576K
}
Event: 66.100 GC heap after
{Heap after GC invocations=97 (full 3):
 PSYoungGen      total 15872K, used 810K [0x00000000d5580000, 0x00000000d6600000, 0x0000000100000000)
  eden space 14848K, 0% used [0x00000000d5580000,0x00000000d5580000,0x00000000d6400000)
  from space 1024K, 79% used [0x00000000d6500000,0x00000000d65caa10,0x00000000d6600000)
  to   space 1024K, 0% used [0x00000000d6400000,0x00000000d6400000,0x00000000d6500000)
 ParOldGen       total 77312K, used 76970K [0x0000000080000000, 0x0000000084b80000, 0x00000000d5580000)
  object space 77312K, 99% used [0x0000000080000000,0x0000000084b2ab80,0x0000000084b80000)
 Metaspace       used 78449K, committed 79872K, reserved 1179648K
  class space    used 10266K, committed 10944K, reserved 1048576K
}
Event: 66.763 GC heap before
{Heap before GC invocations=98 (full 3):
 PSYoungGen      total 15872K, used 15658K [0x00000000d5580000, 0x00000000d6600000, 0x0000000100000000)
  eden space 14848K, 100% used [0x00000000d5580000,0x00000000d6400000,0x00000000d6400000)
  from space 1024K, 79% used [0x00000000d6500000,0x00000000d65caa10,0x00000000d6600000)
  to   space 1024K, 0% used [0x00000000d6400000,0x00000000d6400000,0x00000000d6500000)
 ParOldGen       total 77312K, used 76970K [0x0000000080000000, 0x0000000084b80000, 0x00000000d5580000)
  object space 77312K, 99% used [0x0000000080000000,0x0000000084b2ab80,0x0000000084b80000)
 Metaspace       used 79482K, committed 80896K, reserved 1179648K
  class space    used 10417K, committed 11072K, reserved 1048576K
}
Event: 66.765 GC heap after
{Heap after GC invocations=98 (full 3):
 PSYoungGen      total 15872K, used 496K [0x00000000d5580000, 0x00000000d6600000, 0x0000000100000000)
  eden space 14848K, 0% used [0x00000000d5580000,0x00000000d5580000,0x00000000d6400000)
  from space 1024K, 48% used [0x00000000d6400000,0x00000000d647c010,0x00000000d6500000)
  to   space 1024K, 0% used [0x00000000d6500000,0x00000000d6500000,0x00000000d6600000)
 ParOldGen       total 77312K, used 77002K [0x0000000080000000, 0x0000000084b80000, 0x00000000d5580000)
  object space 77312K, 99% used [0x0000000080000000,0x0000000084b32b90,0x0000000084b80000)
 Metaspace       used 79482K, committed 80896K, reserved 1179648K
  class space    used 10417K, committed 11072K, reserved 1048576K
}

Dll operation events (20 events):
Event: 0.270 Attempting to load shared library C:\Users\ACER\.vscode\extensions\redhat.java-1.56.0-win32-x64\jre\21.0.12.1-win32-x86_64\bin\jimage.dll
Event: 0.270 Loaded shared library C:\Users\ACER\.vscode\extensions\redhat.java-1.56.0-win32-x64\jre\21.0.12.1-win32-x86_64\bin\jimage.dll
Event: 0.424 Attempting to load shared library c:\Users\ACER\.vscode\extensions\redhat.java-1.56.0-win32-x64\jre\21.0.12.1-win32-x86_64\bin\verify.dll
Event: 0.425 Loaded shared library c:\Users\ACER\.vscode\extensions\redhat.java-1.56.0-win32-x64\jre\21.0.12.1-win32-x86_64\bin\verify.dll
Event: 6.217 Attempting to load shared library C:\Users\ACER\AppData\Roaming\Code\User\globalStorage\redhat.java\1.56.0\config_win\org.eclipse.equinox.launcher\org.eclipse.equinox.launcher.win32.win32.x86_64_1.3.100.v20260804-1928\eclipse_11924.dll
Event: 6.223 Loaded shared library C:\Users\ACER\AppData\Roaming\Code\User\globalStorage\redhat.java\1.56.0\config_win\org.eclipse.equinox.launcher\org.eclipse.equinox.launcher.win32.win32.x86_64_1.3.100.v20260804-1928\eclipse_11924.dll
Event: 15.650 Attempting to load shared library C:\Users\ACER\AppData\Local\Temp\jna-2003023\jna1425797636020163088.dll
Event: 15.723 Loaded shared library C:\Users\ACER\AppData\Local\Temp\jna-2003023\jna1425797636020163088.dll
Event: 20.035 Attempting to load shared library C:\Users\ACER\.gradle\native\660c5614fbf4a5f2a75b1949f50a0caf5cd603558e7d8a26e50b933a0cfb79d1\windows-amd64\native-platform.dll
Event: 20.036 Loaded shared library C:\Users\ACER\.gradle\native\660c5614fbf4a5f2a75b1949f50a0caf5cd603558e7d8a26e50b933a0cfb79d1\windows-amd64\native-platform.dll
Event: 22.404 Attempting to load shared library C:\Users\ACER\.vscode\extensions\redhat.java-1.56.0-win32-x64\jre\21.0.12.1-win32-x86_64\bin\management.dll
Event: 22.405 Loaded shared library C:\Users\ACER\.vscode\extensions\redhat.java-1.56.0-win32-x64\jre\21.0.12.1-win32-x86_64\bin\management.dll
Event: 22.410 Attempting to load shared library C:\Users\ACER\.vscode\extensions\redhat.java-1.56.0-win32-x64\jre\21.0.12.1-win32-x86_64\bin\management_ext.dll
Event: 22.411 Loaded shared library C:\Users\ACER\.vscode\extensions\redhat.java-1.56.0-win32-x64\jre\21.0.12.1-win32-x86_64\bin\management_ext.dll
Event: 23.218 Attempting to load shared library C:\Users\ACER\.gradle\native\660c5614fbf4a5f2a75b1949f50a0caf5cd603558e7d8a26e50b933a0cfb79d1\windows-amd64-min\native-platform.dll
Event: 23.219 Loaded shared library C:\Users\ACER\.gradle\native\660c5614fbf4a5f2a75b1949f50a0caf5cd603558e7d8a26e50b933a0cfb79d1\windows-amd64-min\native-platform.dll
Event: 23.866 Attempting to load shared library C:\Users\ACER\.gradle\native\1def1411415f61bf3af743bc5b6707747c0891f09f0c88961ee8f79bc544acac\windows-amd64\native-platform.dll
Event: 23.868 Loaded shared library C:\Users\ACER\.gradle\native\1def1411415f61bf3af743bc5b6707747c0891f09f0c88961ee8f79bc544acac\windows-amd64\native-platform.dll
Event: 29.484 Attempting to load shared library C:\Users\ACER\.vscode\extensions\redhat.java-1.56.0-win32-x64\jre\21.0.12.1-win32-x86_64\bin\extnet.dll
Event: 29.486 Loaded shared library C:\Users\ACER\.vscode\extensions\redhat.java-1.56.0-win32-x64\jre\21.0.12.1-win32-x86_64\bin\extnet.dll

Deoptimization events (20 events):
Event: 63.890 Thread 0x0000027587350610 DEOPT PACKING pc=0x00000275ae966338 sp=0x000000c32bffdb40
Event: 63.890 Thread 0x0000027587350610 DEOPT UNPACKING pc=0x00000275add93aa2 sp=0x000000c32bffdb28 mode 2
Event: 63.893 Thread 0x0000027587350610 Uncommon trap: trap_request=0xffffffc6 fr.pc=0x00000275ae8d7fb8 relative=0x00000000000005f8
Event: 63.893 Thread 0x0000027587350610 Uncommon trap: reason=bimorphic_or_optimized_type_check action=maybe_recompile pc=0x00000275ae8d7fb8 method=java.io.ObjectOutputStream$BlockDataOutputStream.drain()V @ 36 c2
Event: 63.893 Thread 0x0000027587350610 DEOPT PACKING pc=0x00000275ae8d7fb8 sp=0x000000c32bffe000
Event: 63.893 Thread 0x0000027587350610 DEOPT UNPACKING pc=0x00000275add93aa2 sp=0x000000c32bffdfe0 mode 2
Event: 63.919 Thread 0x0000027587350610 DEOPT PACKING pc=0x00000275a7b05a68 sp=0x000000c32bffb7a0
Event: 63.919 Thread 0x0000027587350610 DEOPT UNPACKING pc=0x00000275add94242 sp=0x000000c32bffad48 mode 0
Event: 63.955 Thread 0x0000027587350610 DEOPT PACKING pc=0x00000275a7b05a68 sp=0x000000c32bffacc0
Event: 63.955 Thread 0x0000027587350610 DEOPT UNPACKING pc=0x00000275add94242 sp=0x000000c32bffa268 mode 0
Event: 63.965 Thread 0x0000027587350610 DEOPT PACKING pc=0x00000275a7b05a68 sp=0x000000c32bffc450
Event: 63.965 Thread 0x0000027587350610 DEOPT UNPACKING pc=0x00000275add94242 sp=0x000000c32bffb9f8 mode 0
Event: 66.175 Thread 0x0000027587350610 Uncommon trap: trap_request=0xffffff45 fr.pc=0x00000275ae96afc4 relative=0x0000000000001d44
Event: 66.175 Thread 0x0000027587350610 Uncommon trap: reason=unstable_if action=reinterpret pc=0x00000275ae96afc4 method=org.gradle.internal.daemon.client.serialization.ClasspathInferer.find(Ljava/lang/Class;Ljava/util/Collection;Ljava/util/Collection;)V @ 73 c2
Event: 66.175 Thread 0x0000027587350610 DEOPT PACKING pc=0x00000275ae96afc4 sp=0x000000c32bffd900
Event: 66.175 Thread 0x0000027587350610 DEOPT UNPACKING pc=0x00000275add93aa2 sp=0x000000c32bffd8e0 mode 2
Event: 66.736 Thread 0x0000027587350610 Uncommon trap: trap_request=0xffffff45 fr.pc=0x00000275ae42b668 relative=0x0000000000000048
Event: 66.736 Thread 0x0000027587350610 Uncommon trap: reason=unstable_if action=reinterpret pc=0x00000275ae42b668 method=java.lang.invoke.LambdaFormEditor$TransformKey.inRange(I)Z @ 27 c2
Event: 66.736 Thread 0x0000027587350610 DEOPT PACKING pc=0x00000275ae42b668 sp=0x000000c32bffd6a0
Event: 66.736 Thread 0x0000027587350610 DEOPT UNPACKING pc=0x00000275add93aa2 sp=0x000000c32bffd628 mode 2

Classes loaded (20 events):
Event: 66.742 Loading class java/lang/invoke/BoundMethodHandle$Species_LLLLLLLLLLLLL
Event: 66.742 Loading class java/lang/invoke/BoundMethodHandle$Species_LLLLLLLLLLLLL done
Event: 66.747 Loading class java/lang/invoke/BoundMethodHandle$Species_LLLLLLLLLLLLLL
Event: 66.747 Loading class java/lang/invoke/BoundMethodHandle$Species_LLLLLLLLLLLLLL done
Event: 66.750 Loading class java/lang/invoke/BoundMethodHandle$Species_LLLLLLLLLLLLLLL
Event: 66.750 Loading class java/lang/invoke/BoundMethodHandle$Species_LLLLLLLLLLLLLLL done
Event: 66.752 Loading class java/lang/invoke/BoundMethodHandle$Species_LLLLLLLLLLLLLLLL
Event: 66.752 Loading class java/lang/invoke/BoundMethodHandle$Species_LLLLLLLLLLLLLLLL done
Event: 66.754 Loading class java/lang/invoke/BoundMethodHandle$Species_LLLLLLLLLLLLLLLLL
Event: 66.754 Loading class java/lang/invoke/BoundMethodHandle$Species_LLLLLLLLLLLLLLLLL done
Event: 66.758 Loading class java/lang/invoke/BoundMethodHandle$Species_LLLLLLLLLLLLLLLLLL
Event: 66.758 Loading class java/lang/invoke/BoundMethodHandle$Species_LLLLLLLLLLLLLLLLLL done
Event: 66.760 Loading class java/lang/invoke/BoundMethodHandle$Species_LLLLLLLLLLLLLLLLLLL
Event: 66.760 Loading class java/lang/invoke/BoundMethodHandle$Species_LLLLLLLLLLLLLLLLLLL done
Event: 66.763 Loading class java/lang/invoke/BoundMethodHandle$Species_LLLLLLLLLLLLLLLLLLLL
Event: 66.763 Loading class java/lang/invoke/BoundMethodHandle$Species_LLLLLLLLLLLLLLLLLLLL done
Event: 66.777 Loading class java/lang/invoke/BoundMethodHandle$Species_LLLLLLLLLLLLLLLLLLLLL
Event: 66.777 Loading class java/lang/invoke/BoundMethodHandle$Species_LLLLLLLLLLLLLLLLLLLLL done
Event: 66.780 Loading class java/lang/invoke/BoundMethodHandle$Species_LLLLLLLLLLLLLLLLLLLLLL
Event: 66.780 Loading class java/lang/invoke/BoundMethodHandle$Species_LLLLLLLLLLLLLLLLLLLLLL done

Classes unloaded (15 events):
Event: 17.517 Thread 0x00000275a1dc0b20 Unloading class 0x00000275bc1acc00 'java/lang/invoke/LambdaForm$MH+0x00000275bc1acc00'
Event: 17.517 Thread 0x00000275a1dc0b20 Unloading class 0x00000275bc1ac800 'java/lang/invoke/LambdaForm$MH+0x00000275bc1ac800'
Event: 17.517 Thread 0x00000275a1dc0b20 Unloading class 0x00000275bc1ac400 'java/lang/invoke/LambdaForm$MH+0x00000275bc1ac400'
Event: 17.517 Thread 0x00000275a1dc0b20 Unloading class 0x00000275bc1ac000 'java/lang/invoke/LambdaForm$MH+0x00000275bc1ac000'
Event: 17.517 Thread 0x00000275a1dc0b20 Unloading class 0x00000275bc1abc00 'java/lang/invoke/LambdaForm$BMH+0x00000275bc1abc00'
Event: 17.517 Thread 0x00000275a1dc0b20 Unloading class 0x00000275bc1ab800 'java/lang/invoke/LambdaForm$DMH+0x00000275bc1ab800'
Event: 17.517 Thread 0x00000275a1dc0b20 Unloading class 0x00000275bc1aa400 'java/lang/invoke/LambdaForm$DMH+0x00000275bc1aa400'
Event: 18.978 Thread 0x00000275a1dc0b20 Unloading class 0x00000275bc33c400 'java/lang/invoke/LambdaForm$MH+0x00000275bc33c400'
Event: 18.978 Thread 0x00000275a1dc0b20 Unloading class 0x00000275bc33b800 'java/lang/invoke/LambdaForm$MH+0x00000275bc33b800'
Event: 18.978 Thread 0x00000275a1dc0b20 Unloading class 0x00000275bc33b000 'java/lang/invoke/LambdaForm$MH+0x00000275bc33b000'
Event: 18.978 Thread 0x00000275a1dc0b20 Unloading class 0x00000275bc33ac00 'java/lang/invoke/LambdaForm$MH+0x00000275bc33ac00'
Event: 18.978 Thread 0x00000275a1dc0b20 Unloading class 0x00000275bc339c00 'java/lang/invoke/LambdaForm$MH+0x00000275bc339c00'
Event: 23.947 Thread 0x00000275a1dc0b20 Unloading class 0x00000275bc6b8c00 'java/lang/invoke/LambdaForm$DMH+0x00000275bc6b8c00'
Event: 23.947 Thread 0x00000275a1dc0b20 Unloading class 0x00000275bc6b8800 'java/lang/invoke/LambdaForm$DMH+0x00000275bc6b8800'
Event: 23.947 Thread 0x00000275a1dc0b20 Unloading class 0x00000275bc6b8400 'java/lang/invoke/LambdaForm$DMH+0x00000275bc6b8400'

Classes redefined (0 events):
No events

Internal exceptions (20 events):
Event: 61.555 Thread 0x00000275fe164a90 Exception <a 'sun/nio/fs/WindowsException'{0x00000000d5965550}> (0x00000000d5965550) 
thrown [s\src\hotspot\share\prims\jni.cpp, line 520]
Event: 62.313 Thread 0x00000275fe164a90 Exception <a 'sun/nio/fs/WindowsException'{0x00000000d5f66a30}> (0x00000000d5f66a30) 
thrown [s\src\hotspot\share\prims\jni.cpp, line 520]
Event: 63.123 Thread 0x00000275fe164a90 Exception <a 'sun/nio/fs/WindowsException'{0x00000000d55f6a68}> (0x00000000d55f6a68) 
thrown [s\src\hotspot\share\prims\jni.cpp, line 520]
Event: 66.588 Thread 0x0000027587350610 Exception <a 'java/lang/NoClassDefFoundError'{0x00000000d5e69a50}: org/slf4j/impl/StaticMarkerBinder> (0x00000000d5e69a50) 
thrown [s\src\hotspot\share\classfile\systemDictionary.cpp, line 302]
Event: 66.735 Thread 0x0000027587350610 Exception <a 'java/lang/NoSuchMethodError'{0x00000000d6250c58}: 'java.lang.Object java.lang.invoke.DelegatingMethodHandle$Holder.reinvoke_L(java.lang.Object, java.lang.Object, java.lang.Object, java.lang.Object, java.lang.Object, java.lang.Object, java.lang.Object, java.lang.Object, java.lang.Object, java.lang.Object, java.lang.Object, java.lang.Object, java.lang.Object, java.lang.Object, java.lang.Object, java.lang.Object, java.lang.Object, java.lang.Object, java.lang.Object, java.lang.Object, java.lang.O
Event: 66.740 Thread 0x0000027587350610 Exception <a 'java/lang/NoSuchMethodError'{0x00000000d62acd38}: 'java.lang.Object java.lang.invoke.DirectMethodHandle$Holder.invokeStatic(java.lang.Object, java.lang.Object, java.lang.Object, java.lang.Object, java.lang.Object, java.lang.Object, java.lang.Object, java.lang.Object, java.lang.Object, java.lang.Object, java.lang.Object, java.lang.Object, java.lang.Object, java.lang.Object, java.lang.Object)'> (0x00000000d62acd38) 
thrown [s\src\hotspot\share\interpreter\linkResolver.cpp, line 773]
Event: 66.746 Thread 0x0000027587350610 Exception <a 'java/lang/NoSuchMethodError'{0x00000000d62d4960}: 'java.lang.Object java.lang.invoke.DirectMethodHandle$Holder.invokeStatic(java.lang.Object, java.lang.Object, java.lang.Object, java.lang.Object, java.lang.Object, java.lang.Object, java.lang.Object, java.lang.Object, java.lang.Object, java.lang.Object, java.lang.Object, java.lang.Object, java.lang.Object, java.lang.Object, java.lang.Object, java.lang.Object)'> (0x00000000d62d4960) 
thrown [s\src\hotspot\share\interpreter\linkResolver.cpp, lin
Event: 66.749 Thread 0x0000027587350610 Exception <a 'java/lang/NoSuchMethodError'{0x00000000d63008a0}: 'java.lang.Object java.lang.invoke.DirectMethodHandle$Holder.invokeStatic(java.lang.Object, java.lang.Object, java.lang.Object, java.lang.Object, java.lang.Object, java.lang.Object, java.lang.Object, java.lang.Object, java.lang.Object, java.lang.Object, java.lang.Object, java.lang.Object, java.lang.Object, java.lang.Object, java.lang.Object, java.lang.Object, java.lang.Object)'> (0x00000000d63008a0) 
thrown [s\src\hotspot\share\interpreter\lin
Event: 66.751 Thread 0x0000027587350610 Exception <a 'java/lang/NoSuchMethodError'{0x00000000d632da48}: 'java.lang.Object java.lang.invoke.DirectMethodHandle$Holder.invokeStatic(java.lang.Object, java.lang.Object, java.lang.Object, java.lang.Object, java.lang.Object, java.lang.Object, java.lang.Object, java.lang.Object, java.lang.Object, java.lang.Object, java.lang.Object, java.lang.Object, java.lang.Object, java.lang.Object, java.lang.Object, java.lang.Object, java.lang.Object, java.lang.Object)'> (0x00000000d632da48) 
thrown [s\src\hotspot\sha
Event: 66.753 Thread 0x0000027587350610 Exception <a 'java/lang/NoSuchMethodError'{0x00000000d635b160}: 'java.lang.Object java.lang.invoke.DirectMethodHandle$Holder.invokeStatic(java.lang.Object, java.lang.Object, java.lang.Object, java.lang.Object, java.lang.Object, java.lang.Object, java.lang.Object, java.lang.Object, java.lang.Object, java.lang.Object, java.lang.Object, java.lang.Object, java.lang.Object, java.lang.Object, java.lang.Object, java.lang.Object, java.lang.Object, java.lang.Object, java.lang.Object)'> (0x00000000d635b160) 
thrown 
Event: 66.756 Thread 0x0000027587350610 Exception <a 'java/lang/NoSuchMethodError'{0x00000000d638aad0}: 'java.lang.Object java.lang.invoke.DirectMethodHandle$Holder.invokeStatic(java.lang.Object, java.lang.Object, java.lang.Object, java.lang.Object, java.lang.Object, java.lang.Object, java.lang.Object, java.lang.Object, java.lang.Object, java.lang.Object, java.lang.Object, java.lang.Object, java.lang.Object, java.lang.Object, java.lang.Object, java.lang.Object, java.lang.Object, java.lang.Object, java.lang.Object, java.lang.Object)'> (0x00000000
Event: 66.759 Thread 0x0000027587350610 Exception <a 'java/lang/NoSuchMethodError'{0x00000000d63ba898}: 'java.lang.Object java.lang.invoke.DirectMethodHandle$Holder.invokeStatic(java.lang.Object, java.lang.Object, java.lang.Object, java.lang.Object, java.lang.Object, java.lang.Object, java.lang.Object, java.lang.Object, java.lang.Object, java.lang.Object, java.lang.Object, java.lang.Object, java.lang.Object, java.lang.Object, java.lang.Object, java.lang.Object, java.lang.Object, java.lang.Object, java.lang.Object, java.lang.Object, java.lang.Obj
Event: 66.761 Thread 0x0000027587350610 Exception <a 'java/lang/NoSuchMethodError'{0x00000000d63eb240}: 'java.lang.Object java.lang.invoke.DirectMethodHandle$Holder.invokeStatic(java.lang.Object, java.lang.Object, java.lang.Object, java.lang.Object, java.lang.Object, java.lang.Object, java.lang.Object, java.lang.Object, java.lang.Object, java.lang.Object, java.lang.Object, java.lang.Object, java.lang.Object, java.lang.Object, java.lang.Object, java.lang.Object, java.lang.Object, java.lang.Object, java.lang.Object, java.lang.Object, java.lang.Obj
Event: 66.776 Thread 0x0000027587350610 Exception <a 'java/lang/NoSuchMethodError'{0x00000000d559cda0}: 'java.lang.Object java.lang.invoke.DirectMethodHandle$Holder.invokeStatic(java.lang.Object, java.lang.Object, java.lang.Object, java.lang.Object, java.lang.Object, java.lang.Object, java.lang.Object, java.lang.Object, java.lang.Object, java.lang.Object, java.lang.Object, java.lang.Object, java.lang.Object, java.lang.Object, java.lang.Object, java.lang.Object, java.lang.Object, java.lang.Object, java.lang.Object, java.lang.Object, java.lang.Obj
Event: 66.778 Thread 0x0000027587350610 Exception <a 'java/lang/NoSuchMethodError'{0x00000000d55d0838}: 'java.lang.Object java.lang.invoke.DirectMethodHandle$Holder.invokeStatic(java.lang.Object, java.lang.Object, java.lang.Object, java.lang.Object, java.lang.Object, java.lang.Object, java.lang.Object, java.lang.Object, java.lang.Object, java.lang.Object, java.lang.Object, java.lang.Object, java.lang.Object, java.lang.Object, java.lang.Object, java.lang.Object, java.lang.Object, java.lang.Object, java.lang.Object, java.lang.Object, java.lang.Obj
Event: 66.781 Thread 0x0000027587350610 Exception <a 'java/lang/NoSuchMethodError'{0x00000000d5604768}: 'java.lang.Object java.lang.invoke.DirectMethodHandle$Holder.invokeStatic(java.lang.Object, java.lang.Object, java.lang.Object, java.lang.Object, java.lang.Object, java.lang.Object, java.lang.Object, java.lang.Object, java.lang.Object, java.lang.Object, java.lang.Object, java.lang.Object, java.lang.Object, java.lang.Object, java.lang.Object, java.lang.Object, java.lang.Object, java.lang.Object, java.lang.Object, java.lang.Object, java.lang.Obj
Event: 66.786 Thread 0x0000027587350610 Exception <a 'java/lang/NoSuchMethodError'{0x00000000d5629c98}: 'java.lang.Object java.lang.invoke.DirectMethodHandle$Holder.invokeSpecial(java.lang.Object, java.lang.Object, java.lang.Object, java.lang.Object, java.lang.Object, java.lang.Object, java.lang.Object, java.lang.Object, java.lang.Object, java.lang.Object, java.lang.Object, java.lang.Object, java.lang.Object, java.lang.Object, java.lang.Object, java.lang.Object, java.lang.Object, java.lang.Object, java.lang.Object, java.lang.Object, java.lang.Ob
Event: 66.788 Thread 0x0000027587350610 Exception <a 'java/lang/NoSuchMethodError'{0x00000000d563f470}: 'java.lang.Object java.lang.invoke.DirectMethodHandle$Holder.newInvokeSpecial(java.lang.Object, java.lang.Object, java.lang.Object, java.lang.Object, java.lang.Object, java.lang.Object, java.lang.Object, java.lang.Object, java.lang.Object, java.lang.Object, java.lang.Object, java.lang.Object, java.lang.Object, java.lang.Object, java.lang.Object, java.lang.Object, java.lang.Object, java.lang.Object, java.lang.Object, java.lang.Object, java.lang
Event: 66.789 Thread 0x0000027587350610 Exception <a 'java/lang/NoSuchMethodError'{0x00000000d56455e8}: 'java.lang.Object java.lang.invoke.Invokers$Holder.linkToTargetMethod(java.lang.Object, java.lang.Object, java.lang.Object, java.lang.Object, java.lang.Object, java.lang.Object, java.lang.Object, java.lang.Object, java.lang.Object, java.lang.Object, java.lang.Object, java.lang.Object, java.lang.Object, java.lang.Object, java.lang.Object, java.lang.Object, java.lang.Object, java.lang.Object, java.lang.Object, java.lang.Object, java.lang.Object,
Event: 66.790 Thread 0x0000027587350610 Exception <a 'java/lang/NoSuchMethodError'{0x00000000d564a6a0}: 'java.lang.Object java.lang.invoke.DirectMethodHandle$Holder.invokeVirtual(java.lang.Object, java.lang.Object, java.lang.Object, java.lang.Object, java.lang.Object, java.lang.Object, java.lang.Object, java.lang.Object, java.lang.Object, java.lang.Object)'> (0x00000000d564a6a0) 
thrown [s\src\hotspot\share\interpreter\linkResolver.cpp, line 773]

ZGC Phase Switch (0 events):
No events

VM Operations (20 events):
Event: 64.379 Executing safepoint VM operation: ParallelGCFailedAllocation (Allocation Failure)
Event: 64.382 Executing safepoint VM operation: ParallelGCFailedAllocation (Allocation Failure) done
Event: 64.579 Executing safepoint VM operation: ParallelGCFailedAllocation (Allocation Failure)
Event: 64.580 Executing safepoint VM operation: ParallelGCFailedAllocation (Allocation Failure) done
Event: 64.733 Executing safepoint VM operation: ParallelGCFailedAllocation (Allocation Failure)
Event: 64.734 Executing safepoint VM operation: ParallelGCFailedAllocation (Allocation Failure) done
Event: 65.045 Executing safepoint VM operation: ParallelGCFailedAllocation (Allocation Failure)
Event: 65.046 Executing safepoint VM operation: ParallelGCFailedAllocation (Allocation Failure) done
Event: 65.242 Executing safepoint VM operation: ParallelGCFailedAllocation (Allocation Failure)
Event: 65.243 Executing safepoint VM operation: ParallelGCFailedAllocation (Allocation Failure) done
Event: 65.399 Executing safepoint VM operation: ParallelGCFailedAllocation (Allocation Failure)
Event: 65.401 Executing safepoint VM operation: ParallelGCFailedAllocation (Allocation Failure) done
Event: 65.591 Executing safepoint VM operation: ParallelGCFailedAllocation (Allocation Failure)
Event: 65.592 Executing safepoint VM operation: ParallelGCFailedAllocation (Allocation Failure) done
Event: 65.861 Executing safepoint VM operation: ParallelGCFailedAllocation (Allocation Failure)
Event: 65.862 Executing safepoint VM operation: ParallelGCFailedAllocation (Allocation Failure) done
Event: 66.099 Executing safepoint VM operation: ParallelGCFailedAllocation (Allocation Failure)
Event: 66.100 Executing safepoint VM operation: ParallelGCFailedAllocation (Allocation Failure) done
Event: 66.763 Executing safepoint VM operation: ParallelGCFailedAllocation (Allocation Failure)
Event: 66.765 Executing safepoint VM operation: ParallelGCFailedAllocation (Allocation Failure) done

Memory protections (0 events):
No events

Nmethod flushes (20 events):
Event: 23.959 Thread 0x00000275a1dc0b20 flushing  nmethod 0x00000275a70cb110
Event: 23.959 Thread 0x00000275a1dc0b20 flushing  nmethod 0x00000275a70cc310
Event: 23.959 Thread 0x00000275a1dc0b20 flushing  nmethod 0x00000275a70ceb90
Event: 23.959 Thread 0x00000275a1dc0b20 flushing  nmethod 0x00000275a70d8810
Event: 23.959 Thread 0x00000275a1dc0b20 flushing  nmethod 0x00000275a70dd490
Event: 23.959 Thread 0x00000275a1dc0b20 flushing  nmethod 0x00000275a70eb490
Event: 23.959 Thread 0x00000275a1dc0b20 flushing  nmethod 0x00000275a7102a90
Event: 23.959 Thread 0x00000275a1dc0b20 flushing  nmethod 0x00000275a7105b10
Event: 23.959 Thread 0x00000275a1dc0b20 flushing  nmethod 0x00000275a7125a90
Event: 23.959 Thread 0x00000275a1dc0b20 flushing  nmethod 0x00000275a713e090
Event: 23.959 Thread 0x00000275a1dc0b20 flushing  nmethod 0x00000275a715e490
Event: 23.959 Thread 0x00000275a1dc0b20 flushing  nmethod 0x00000275a7175d10
Event: 23.959 Thread 0x00000275a1dc0b20 flushing  nmethod 0x00000275a7178010
Event: 23.959 Thread 0x00000275a1dc0b20 flushing  nmethod 0x00000275a7179b10
Event: 23.959 Thread 0x00000275a1dc0b20 flushing  nmethod 0x00000275a717b590
Event: 23.959 Thread 0x00000275a1dc0b20 flushing  nmethod 0x00000275a717ce90
Event: 23.959 Thread 0x00000275a1dc0b20 flushing  nmethod 0x00000275a7186310
Event: 23.959 Thread 0x00000275a1dc0b20 flushing  nmethod 0x00000275a7186a90
Event: 23.959 Thread 0x00000275a1dc0b20 flushing  nmethod 0x00000275a7186e10
Event: 23.959 Thread 0x00000275a1dc0b20 flushing  nmethod 0x00000275a7187190

Events (20 events):
Event: 62.400 Thread 0x00000275fe164a90 Thread added: 0x0000027585cc1700
Event: 62.402 Thread 0x00000275fe164a90 Thread added: 0x0000027587eb72d0
Event: 62.435 Thread 0x0000027587eb72d0 Thread exited: 0x0000027587eb72d0
Event: 62.438 Thread 0x00000275fe164a90 Thread added: 0x000002758734f260
Event: 62.440 Thread 0x00000275fe164a90 Thread added: 0x000002758734f8f0
Event: 62.498 Thread 0x000002758734f8f0 Thread added: 0x000002758734deb0
Event: 63.017 Thread 0x000002758734deb0 Thread exited: 0x000002758734deb0
Event: 63.018 Thread 0x000002758734f8f0 Thread exited: 0x000002758734f8f0
Event: 63.089 Thread 0x00000275fe164a90 Thread added: 0x000002758734f8f0
Event: 63.091 Thread 0x00000275fe164a90 Thread added: 0x000002758734ff80
Event: 63.122 Thread 0x000002758734ff80 Thread exited: 0x000002758734ff80
Event: 63.136 Thread 0x00000275fe164a90 Thread added: 0x000002758734e540
Event: 63.137 Thread 0x00000275fe164a90 Thread added: 0x000002758734ff80
Event: 63.177 Thread 0x000002758734ff80 Thread exited: 0x000002758734ff80
Event: 63.178 Thread 0x00000275fe164a90 Thread added: 0x000002758734deb0
Event: 63.195 Thread 0x00000275fe164a90 Thread added: 0x000002758734ff80
Event: 63.197 Thread 0x00000275fe164a90 Thread added: 0x0000027587350610
Event: 63.215 Thread 0x0000027587350610 Thread exited: 0x0000027587350610
Event: 63.215 Thread 0x00000275fe164a90 Thread added: 0x000002758734ebd0
Event: 63.217 Thread 0x00000275fe164a90 Thread added: 0x0000027587350610


Dynamic libraries:
0x00007ff7e4ac0000 - 0x00007ff7e4ace000 	c:\Users\ACER\.vscode\extensions\redhat.java-1.56.0-win32-x64\jre\21.0.12.1-win32-x86_64\bin\java.exe
0x00007ff8ba2c0000 - 0x00007ff8ba527000 	C:\WINDOWS\SYSTEM32\ntdll.dll
0x00007ff8b96c0000 - 0x00007ff8b978b000 	C:\WINDOWS\System32\KERNEL32.DLL
0x00007ff8b7aa0000 - 0x00007ff8b7ea1000 	C:\WINDOWS\System32\KERNELBASE.dll
0x00007ff8b7570000 - 0x00007ff8b76bc000 	C:\WINDOWS\System32\ucrtbase.dll
0x00007ff83b250000 - 0x00007ff83b268000 	c:\Users\ACER\.vscode\extensions\redhat.java-1.56.0-win32-x64\jre\21.0.12.1-win32-x86_64\bin\jli.dll
0x00007ff83b360000 - 0x00007ff83b37e000 	c:\Users\ACER\.vscode\extensions\redhat.java-1.56.0-win32-x64\jre\21.0.12.1-win32-x86_64\bin\VCRUNTIME140.dll
0x00007ff8ba0a0000 - 0x00007ff8ba277000 	C:\WINDOWS\System32\USER32.dll
0x00007ff89cba0000 - 0x00007ff89ce30000 	C:\WINDOWS\WinSxS\amd64_microsoft.windows.common-controls_6595b64144ccf1df_6.0.26100.9549_none_3e0a0396e3330090\COMCTL32.dll
0x00007ff8b7790000 - 0x00007ff8b77b7000 	C:\WINDOWS\System32\win32u.dll
0x00007ff8b8b40000 - 0x00007ff8b8be9000 	C:\WINDOWS\System32\msvcrt.dll
0x00007ff8ba070000 - 0x00007ff8ba09b000 	C:\WINDOWS\System32\GDI32.dll
0x00007ff8b7eb0000 - 0x00007ff8b7fd8000 	C:\WINDOWS\System32\gdi32full.dll
0x00007ff8b74c0000 - 0x00007ff8b7563000 	C:\WINDOWS\System32\msvcp_win.dll
0x00007ff8b9c20000 - 0x00007ff8b9c51000 	C:\WINDOWS\System32\IMM32.DLL
0x00007ff89d880000 - 0x00007ff89d88c000 	c:\Users\ACER\.vscode\extensions\redhat.java-1.56.0-win32-x64\jre\21.0.12.1-win32-x86_64\bin\vcruntime140_1.dll
0x00007ff82c710000 - 0x00007ff82c79d000 	c:\Users\ACER\.vscode\extensions\redhat.java-1.56.0-win32-x64\jre\21.0.12.1-win32-x86_64\bin\msvcp140.dll
0x00007ff8266c0000 - 0x00007ff827462000 	c:\Users\ACER\.vscode\extensions\redhat.java-1.56.0-win32-x64\jre\21.0.12.1-win32-x86_64\bin\server\jvm.dll
0x00007ff8b8470000 - 0x00007ff8b852b000 	C:\WINDOWS\System32\ADVAPI32.dll
0x00007ff8b9790000 - 0x00007ff8b9838000 	C:\WINDOWS\System32\sechost.dll
0x00007ff8b99d0000 - 0x00007ff8b9ae8000 	C:\WINDOWS\System32\RPCRT4.dll
0x00007ff8b9c60000 - 0x00007ff8b9ce1000 	C:\WINDOWS\System32\WS2_32.dll
0x00007ff8b7310000 - 0x00007ff8b736e000 	C:\WINDOWS\SYSTEM32\POWRPROF.dll
0x00007ff8ae760000 - 0x00007ff8ae76b000 	C:\WINDOWS\SYSTEM32\VERSION.dll
0x00007ff8aea90000 - 0x00007ff8aeac7000 	C:\WINDOWS\SYSTEM32\WINMM.dll
0x00007ff8b72f0000 - 0x00007ff8b7305000 	C:\WINDOWS\SYSTEM32\UMPDC.dll
0x00007ff8b6160000 - 0x00007ff8b617b000 	C:\WINDOWS\SYSTEM32\kernel.appcore.dll
0x00007ff8954f0000 - 0x00007ff8954fa000 	c:\Users\ACER\.vscode\extensions\redhat.java-1.56.0-win32-x64\jre\21.0.12.1-win32-x86_64\bin\jimage.dll
0x00007ff8b4a90000 - 0x00007ff8b4cdc000 	C:\WINDOWS\SYSTEM32\DBGHELP.DLL
0x00007ff8b87b0000 - 0x00007ff8b8b3a000 	C:\WINDOWS\System32\combase.dll
0x00007ff8b8c10000 - 0x00007ff8b8ce9000 	C:\WINDOWS\System32\OLEAUT32.dll
0x00007ff884050000 - 0x00007ff88408b000 	C:\WINDOWS\SYSTEM32\dbgcore.DLL
0x00007ff8b76d0000 - 0x00007ff8b777c000 	C:\WINDOWS\System32\bcryptPrimitives.dll
0x00007ff83d490000 - 0x00007ff83d49f000 	c:\Users\ACER\.vscode\extensions\redhat.java-1.56.0-win32-x64\jre\21.0.12.1-win32-x86_64\bin\instrument.dll
0x00007ff83b000000 - 0x00007ff83b020000 	c:\Users\ACER\.vscode\extensions\redhat.java-1.56.0-win32-x64\jre\21.0.12.1-win32-x86_64\bin\java.dll
0x00007ff8b8e20000 - 0x00007ff8b95bc000 	C:\WINDOWS\System32\SHELL32.dll
0x00007ff8b4f20000 - 0x00007ff8b57cd000 	C:\WINDOWS\SYSTEM32\windows.storage.dll
0x00007ff8b86a0000 - 0x00007ff8b8799000 	C:\WINDOWS\System32\SHCORE.dll
0x00007ff8b95d0000 - 0x00007ff8b9636000 	C:\WINDOWS\System32\shlwapi.dll
0x00007ff8b73d0000 - 0x00007ff8b73f9000 	C:\WINDOWS\SYSTEM32\profapi.dll
0x00007ff83ae10000 - 0x00007ff83ae28000 	c:\Users\ACER\.vscode\extensions\redhat.java-1.56.0-win32-x64\jre\21.0.12.1-win32-x86_64\bin\zip.dll
0x00007ff8954a0000 - 0x00007ff8954b0000 	C:\Users\ACER\.vscode\extensions\redhat.java-1.56.0-win32-x64\jre\21.0.12.1-win32-x86_64\bin\net.dll
0x00007ff8a69c0000 - 0x00007ff8a6aea000 	C:\WINDOWS\SYSTEM32\WINHTTP.dll
0x00007ff8b6720000 - 0x00007ff8b678c000 	C:\WINDOWS\system32\mswsock.dll
0x00007ff83adb0000 - 0x00007ff83adc6000 	C:\Users\ACER\.vscode\extensions\redhat.java-1.56.0-win32-x64\jre\21.0.12.1-win32-x86_64\bin\nio.dll
0x00007ff8b1ae0000 - 0x00007ff8b1af0000 	c:\Users\ACER\.vscode\extensions\redhat.java-1.56.0-win32-x64\jre\21.0.12.1-win32-x86_64\bin\verify.dll
0x00007ff836350000 - 0x00007ff836395000 	C:\Users\ACER\AppData\Roaming\Code\User\globalStorage\redhat.java\1.56.0\config_win\org.eclipse.equinox.launcher\org.eclipse.equinox.launcher.win32.win32.x86_64_1.3.100.v20260804-1928\eclipse_11924.dll
0x00007ff8b9ed0000 - 0x00007ff8ba06a000 	C:\WINDOWS\System32\ole32.dll
0x00007ff8b6a10000 - 0x00007ff8b6a2b000 	C:\WINDOWS\SYSTEM32\CRYPTSP.dll
0x00007ff8b60c0000 - 0x00007ff8b60f9000 	C:\WINDOWS\system32\rsaenh.dll
0x00007ff8b67d0000 - 0x00007ff8b6804000 	C:\WINDOWS\SYSTEM32\USERENV.dll
0x00007ff8b73a0000 - 0x00007ff8b73ca000 	C:\WINDOWS\SYSTEM32\bcrypt.dll
0x00007ff8b6a30000 - 0x00007ff8b6a3c000 	C:\WINDOWS\SYSTEM32\CRYPTBASE.dll
0x00007ff8b5be0000 - 0x00007ff8b5c13000 	C:\WINDOWS\SYSTEM32\IPHLPAPI.DLL
0x00007ff8b8bf0000 - 0x00007ff8b8bfa000 	C:\WINDOWS\System32\NSI.dll
0x00007ff834110000 - 0x00007ff834159000 	C:\Users\ACER\AppData\Local\Temp\jna-2003023\jna1425797636020163088.dll
0x00007ff8b9b50000 - 0x00007ff8b9b58000 	C:\WINDOWS\System32\PSAPI.DLL
0x00007ff8b0800000 - 0x00007ff8b081e000 	C:\WINDOWS\SYSTEM32\dhcpcsvc6.DLL
0x00007ff8b07b0000 - 0x00007ff8b07d5000 	C:\WINDOWS\SYSTEM32\dhcpcsvc.DLL
0x00007ff82b6d0000 - 0x00007ff82b6f7000 	C:\Users\ACER\.gradle\native\660c5614fbf4a5f2a75b1949f50a0caf5cd603558e7d8a26e50b933a0cfb79d1\windows-amd64\native-platform.dll
0x00007ff8b1ad0000 - 0x00007ff8b1ada000 	C:\Users\ACER\.vscode\extensions\redhat.java-1.56.0-win32-x64\jre\21.0.12.1-win32-x86_64\bin\management.dll
0x00007ff83cb20000 - 0x00007ff83cb2c000 	C:\Users\ACER\.vscode\extensions\redhat.java-1.56.0-win32-x64\jre\21.0.12.1-win32-x86_64\bin\management_ext.dll
0x00007ff83b380000 - 0x00007ff83b3a7000 	C:\Users\ACER\.gradle\native\660c5614fbf4a5f2a75b1949f50a0caf5cd603558e7d8a26e50b933a0cfb79d1\windows-amd64-min\native-platform.dll
0x00007ff82db60000 - 0x00007ff82db87000 	C:\Users\ACER\.gradle\native\1def1411415f61bf3af743bc5b6707747c0891f09f0c88961ee8f79bc544acac\windows-amd64\native-platform.dll
0x00007ff839b70000 - 0x00007ff839b79000 	C:\Users\ACER\.vscode\extensions\redhat.java-1.56.0-win32-x64\jre\21.0.12.1-win32-x86_64\bin\extnet.dll

JVMTI agents:
c:\Users\ACER\.vscode\extensions\redhat.java-1.56.0-win32-x64\lombok\lombok-1.18.39-4050.jar path:c:\Users\ACER\.vscode\extensions\redhat.java-1.56.0-win32-x64\jre\21.0.12.1-win32-x86_64\bin\instrument.dll, loaded, initialized, instrumentlib options:none

dbghelp: loaded successfully - version: 4.0.5 - missing functions: none
symbol engine: initialized successfully - sym options: 0x614 - pdb path: .;c:\Users\ACER\.vscode\extensions\redhat.java-1.56.0-win32-x64\jre\21.0.12.1-win32-x86_64\bin;C:\WINDOWS\SYSTEM32;C:\WINDOWS\WinSxS\amd64_microsoft.windows.common-controls_6595b64144ccf1df_6.0.26100.9549_none_3e0a0396e3330090;c:\Users\ACER\.vscode\extensions\redhat.java-1.56.0-win32-x64\jre\21.0.12.1-win32-x86_64\bin\server;C:\Users\ACER\AppData\Roaming\Code\User\globalStorage\redhat.java\1.56.0\config_win\org.eclipse.equinox.launcher\org.eclipse.equinox.launcher.win32.win32.x86_64_1.3.100.v20260804-1928;C:\Users\ACER\AppData\Local\Temp\jna-2003023;C:\Users\ACER\.gradle\native\660c5614fbf4a5f2a75b1949f50a0caf5cd603558e7d8a26e50b933a0cfb79d1\windows-amd64;C:\Users\ACER\.gradle\native\660c5614fbf4a5f2a75b1949f50a0caf5cd603558e7d8a26e50b933a0cfb79d1\windows-amd64-min;C:\Users\ACER\.gradle\native\1def1411415f61bf3af743bc5b6707747c0891f09f0c88961ee8f79bc544acac\windows-amd64

VM Arguments:
jvm_args: --add-modules=ALL-SYSTEM --add-opens=java.base/java.util=ALL-UNNAMED --add-opens=java.base/java.lang=ALL-UNNAMED --add-opens=java.base/sun.nio.fs=ALL-UNNAMED -Declipse.application=org.eclipse.jdt.ls.core.id1 -Dosgi.bundles.defaultStartLevel=4 -Declipse.product=org.eclipse.jdt.ls.core.product -Djava.import.generatesMetadataFilesAtProjectRoot=false -Dm2e.project.cache.size=50 -DDetectVMInstallationsJob.disabled=true -Dfile.encoding=utf8 -XX:+UseParallelGC -XX:GCTimeRatio=4 -XX:AdaptiveSizePolicyWeight=90 -Dsun.zip.disableMemoryMapping=true -Xmx2G -Xms100m -Xlog:disable -javaagent:c:\Users\ACER\.vscode\extensions\redhat.java-1.56.0-win32-x64\lombok\lombok-1.18.39-4050.jar -XX:+HeapDumpOnOutOfMemoryError -XX:HeapDumpPath=c:\Users\ACER\AppData\Roaming\Code\User\workspaceStorage\871d06872000d22955967cdc9c474b23\redhat.java -Daether.dependencyCollector.impl=bf 
java_command: c:\Users\ACER\.vscode\extensions\redhat.java-1.56.0-win32-x64\server\plugins\org.eclipse.equinox.launcher_1.8.0.v20260804-1928.jar -configuration c:\Users\ACER\AppData\Roaming\Code\User\globalStorage\redhat.java\1.56.0\config_win -data c:\Users\ACER\AppData\Roaming\Code\User\workspaceStorage\871d06872000d22955967cdc9c474b23\redhat.java\jdt_ws --pipe=\\.\pipe\lsp-7c43d09fbfa91a3d12e2e65d801bc7e8-sock
java_class_path (initial): c:\Users\ACER\.vscode\extensions\redhat.java-1.56.0-win32-x64\server\plugins\org.eclipse.equinox.launcher_1.8.0.v20260804-1928.jar
Launcher Type: SUN_STANDARD

[Global flags]
    uintx AdaptiveSizePolicyWeight                 = 90                                        {product} {command line}
     intx CICompilerCount                          = 4                                         {product} {ergonomic}
    uintx GCTimeRatio                              = 4                                         {product} {command line}
     bool HeapDumpOnOutOfMemoryError               = true                                   {manageable} {command line}
    ccstr HeapDumpPath                             = c:\Users\ACER\AppData\Roaming\Code\User\workspaceStorage\871d06872000d22955967cdc9c474b23\redhat.java         {manageable} {command line}
   size_t InitialHeapSize                          = 104857600                                 {product} {command line}
   size_t MaxHeapSize                              = 2147483648                                {product} {command line}
   size_t MaxNewSize                               = 715653120                                 {product} {ergonomic}
   size_t MinHeapDeltaBytes                        = 524288                                    {product} {ergonomic}
   size_t MinHeapSize                              = 104857600                                 {product} {command line}
   size_t NewSize                                  = 34603008                                  {product} {ergonomic}
    uintx NonNMethodCodeHeapSize                   = 5839372                                {pd product} {ergonomic}
    uintx NonProfiledCodeHeapSize                  = 122909434                              {pd product} {ergonomic}
   size_t OldSize                                  = 70254592                                  {product} {ergonomic}
    uintx ProfiledCodeHeapSize                     = 122909434                              {pd product} {ergonomic}
    uintx ReservedCodeCacheSize                    = 251658240                              {pd product} {ergonomic}
     bool SegmentedCodeCache                       = true                                      {product} {ergonomic}
   size_t SoftMaxHeapSize                          = 2147483648                             {manageable} {ergonomic}
     bool UseCompressedOops                        = true                           {product lp64_product} {ergonomic}
     bool UseLargePagesIndividualAllocation        = false                                  {pd product} {ergonomic}
     bool UseParallelGC                            = true                                      {product} {command line}

Logging:
Log output configuration:
 #0: stdout all=off uptime,level,tags foldmultilines=false
 #1: stderr all=off uptime,level,tags foldmultilines=false

Release file:
JAVA_VERSION="21.0.12.1" 
MODULES="java.base java.compiler java.datatransfer java.xml java.prefs java.desktop java.instrument java.logging java.management java.security.sasl java.naming java.rmi java.management.rmi java.net.http java.scripting java.security.jgss java.transaction.xa java.sql java.sql.rowset java.xml.crypto java.se java.smartcardio jdk.accessibility jdk.internal.jvmstat jdk.attach jdk.charsets jdk.internal.opt jdk.zipfs jdk.compiler jdk.crypto.ec jdk.crypto.cryptoki jdk.crypto.mscapi jdk.dynalink jdk.internal.ed jdk.editpad jdk.hotspot.agent jdk.httpserver jdk.internal.le jdk.internal.vm.ci jdk.internal.vm.compiler jdk.internal.vm.compiler.management jdk.jartool jdk.javadoc jdk.jcmd jdk.management jdk.management.agent jdk.jconsole jdk.jdeps jdk.jdwp.agent jdk.jdi jdk.jfr jdk.jshell jdk.jsobject jdk.jstatd jdk.localedata jdk.management.jfr jdk.naming.dns jdk.naming.rmi jdk.net jdk.nio.mapmode jdk.random jdk.sctp jdk.security.auth jdk.security.jgss jdk.unsupported jdk.unsupported.desktop jdk.xml.dom" 

Environment Variables:
JAVA_HOME=C:\Program Files\Eclipse Adoptium\jdk-21.0.11.10-hotspot
PATH=C:\Program Files\Eclipse Adoptium\jdk-21.0.11.10-hotspot\bin;C:\WINDOWS\system32;C:\WINDOWS;C:\WINDOWS\System32\Wbem;C:\WINDOWS\System32\WindowsPowerShell\v1.0\;C:\WINDOWS\System32\OpenSSH\;C:\Program Files\dotnet\;C:\Program Files\Eclipse Adoptium\jdk-21.0.11.10-hotspot\bin;D:\Java;C:\Program Files\Git\cmd;C:\Program Files\nodejs\;C:\Users\ACER\AppData\Local\Microsoft\WindowsApps;C:\Users\ACER\AppData\Local\Programs\Microsoft VS Code\bin;C:\Users\ACER\AppData\Roaming\npm
USERNAME=ACER
OS=Windows_NT
PROCESSOR_IDENTIFIER=Intel64 Family 6 Model 190 Stepping 0, GenuineIntel
TMP=C:\Users\ACER\AppData\Local\Temp
TEMP=C:\Users\ACER\AppData\Local\Temp




Periodic native trim disabled

---------------  S Y S T E M  ---------------

OS:
 Windows 11 , 64 bit Build 26100 (10.0.26100.9549)
OS uptime: 0 days 0:56 hours

CPU: total 8 (initial active 8) (8 cores per cpu, 1 threads per core) family 6 model 190 stepping 0 microcode 0xe, cx8, cmov, fxsr, mmx, 3dnowpref, sse, sse2, sse3, ssse3, sse4.1, sse4.2, popcnt, lzcnt, tsc, tscinvbit, avx, avx2, aes, erms, clmul, bmi1, bmi2, adx, sha, fma, vzeroupper, clflush, clflushopt, clwb, serialize, rdtscp, rdpid, fsrm, f16c, pku, cet_ibt, cet_ss
Processor Information for the first 8 processors :
  Max Mhz: 1800, Current Mhz: 1800, Mhz Limit: 1800

Memory: 4k page, system-wide physical 7865M (702M free)
TotalPageFile size 16554M (AvailPageFile size 100M)
current process WorkingSet (physical memory assigned to process): 204M, peak: 337M
current process commit charge ("private bytes"): 423M, peak: 440M

vm_info: OpenJDK 64-Bit Server VM (21.0.12.1+1-LTS) for windows-amd64 JRE (21.0.12.1+1-LTS), built on 2026-08-18T00:00:00Z by "admin" with MS VC++ 17.12 (VS2022)

END.
