#
# There is insufficient memory for the Java Runtime Environment to continue.
# Native memory allocation (malloc) failed to allocate 453040 bytes. Error detail: Chunk::new
# Possible reasons:
#   The system is out of physical RAM or swap space
#   This process is running with CompressedOops enabled, and the Java Heap may be blocking the growth of the native heap
# Possible solutions:
#   Reduce memory load on the system
#   Increase physical memory or swap space
#   Check if swap backing store is full
#   Decrease Java heap size (-Xmx/-Xms)
#   Decrease number of Java threads
#   Decrease Java thread stack sizes (-Xss)
#   Set larger code cache with -XX:ReservedCodeCacheSize=
#   JVM is running with Unscaled Compressed Oops mode in which the Java heap is
#     placed in the first 4GB address space. The Java Heap base address is the
#     maximum limit for the native heap growth. Please use -XX:HeapBaseMinAddress
#     to set the Java Heap base and to place the Java Heap above 4GB virtual address.
# This output file may be truncated or incomplete.
#
#  Out of Memory Error (arena.cpp:168), pid=18568, tid=12312
#
# JRE version: OpenJDK Runtime Environment Temurin-21.0.12.1+1 (21.0.12.1+1) (build 21.0.12.1+1-LTS)
# Java VM: OpenJDK 64-Bit Server VM Temurin-21.0.12.1+1 (21.0.12.1+1-LTS, mixed mode, sharing, tiered, compressed oops, compressed class ptrs, parallel gc, windows-amd64)
# No core dump will be written. Minidumps are not enabled by default on client versions of Windows
#

---------------  S U M M A R Y ------------

Command Line: --add-modules=ALL-SYSTEM --add-opens=java.base/java.util=ALL-UNNAMED --add-opens=java.base/java.lang=ALL-UNNAMED --add-opens=java.base/sun.nio.fs=ALL-UNNAMED -Declipse.application=org.eclipse.jdt.ls.core.id1 -Dosgi.bundles.defaultStartLevel=4 -Declipse.product=org.eclipse.jdt.ls.core.product -Djava.import.generatesMetadataFilesAtProjectRoot=false -Dm2e.project.cache.size=50 -DDetectVMInstallationsJob.disabled=true -Dfile.encoding=utf8 -XX:+UseParallelGC -XX:GCTimeRatio=4 -XX:AdaptiveSizePolicyWeight=90 -Dsun.zip.disableMemoryMapping=true -Xmx2G -Xms100m -Xlog:disable -javaagent:c:\Users\ACER\.vscode\extensions\redhat.java-1.56.0-win32-x64\lombok\lombok-1.18.39-4050.jar -XX:+HeapDumpOnOutOfMemoryError -XX:HeapDumpPath=c:\Users\ACER\AppData\Roaming\Code\User\workspaceStorage\871d06872000d22955967cdc9c474b23\redhat.java -Daether.dependencyCollector.impl=bf c:\Users\ACER\.vscode\extensions\redhat.java-1.56.0-win32-x64\server\plugins\org.eclipse.equinox.launcher_1.8.0.v20260804-1928.jar -configuration c:\Users\ACER\AppData\Roaming\Code\User\globalStorage\redhat.java\1.56.0\config_win -data c:\Users\ACER\AppData\Roaming\Code\User\workspaceStorage\871d06872000d22955967cdc9c474b23\redhat.java\jdt_ws --pipe=\\.\pipe\lsp-eb476ae89477d4214eac6ee64424cbc7-sock

Host: Intel(R) Core(TM) i3-N305, 8 cores, 7G,  Windows 11 , 64 bit Build 26100 (10.0.26100.9549)
Time: Wed Sep 30 22:56:33 2026 SE Asia Standard Time elapsed time: 131.220402 seconds (0d 0h 2m 11s)

---------------  T H R E A D  ---------------

Current thread (0x00000277e7b9ab30):  JavaThread "C2 CompilerThread1" daemon [_thread_in_native, id=12312, stack(0x0000009646e00000,0x0000009646f00000) (1024K)]


Current CompileTask:
C2:131220 11984       4       java.util.regex.Pattern::compile (537 bytes)

Stack: [0x0000009646e00000,0x0000009646f00000]
Native frames: (J=compiled Java code, j=interpreted, Vv=VM code, C=native code)
V  [jvm.dll+0x6d83e9]
V  [jvm.dll+0x8b5736]
V  [jvm.dll+0x8b7cee]
V  [jvm.dll+0x8b83d3]
V  [jvm.dll+0x284596]
V  [jvm.dll+0xc685d]
V  [jvm.dll+0xc6da1]
V  [jvm.dll+0x3bf18b]
V  [jvm.dll+0x38b6d2]
V  [jvm.dll+0x38ab1a]
V  [jvm.dll+0x24c700]
V  [jvm.dll+0x24bce0]
V  [jvm.dll+0x1cb4ae]
V  [jvm.dll+0x25baad]
V  [jvm.dll+0x25a03a]
V  [jvm.dll+0x3f8aae]
V  [jvm.dll+0x8600cd]
V  [jvm.dll+0x6d6c1d]
C  [ucrtbase.dll+0x2cd30]
C  [KERNEL32.DLL+0x2cdf7]
C  [ntdll.dll+0x7ee4c]


---------------  P R O C E S S  ---------------

Threads class SMR info:
_java_thread_list=0x00000277e9196100, length=393, elements={
0x000002778756d650, 0x000002778762a0f0, 0x000002778762e430, 0x00000277874e5970,
0x00000277874e6700, 0x00000277874e8880, 0x00000277874eb6f0, 0x00000277874ee490,
0x00000277e08d2600, 0x00000277e0a7fbd0, 0x00000277e0c54da0, 0x00000277e580c580,
0x00000277e5890ff0, 0x00000277e5660330, 0x00000277e50344d0, 0x00000277e5b05fe0,
0x00000277e5fb0110, 0x00000277e50e4e70, 0x00000277e09c20c0, 0x00000277e09c3470,
0x00000277e61fa640, 0x00000277e61f8c00, 0x00000277e61f9290, 0x00000277e61facd0,
0x00000277e61fb360, 0x00000277e61f9920, 0x00000277e61f9fb0, 0x00000277e61f7ee0,
0x00000277e61fb9f0, 0x00000277e61f8570, 0x00000277e61fc080, 0x00000277e61fc710,
0x00000277e61fcda0, 0x00000277e61fe7e0, 0x00000277e61fdac0, 0x00000277e61fd430,
0x00000277e61fee70, 0x00000277e61fe150, 0x00000277e61ff500, 0x00000277e5f0e770,
0x00000277e5f0c010, 0x00000277e5f0d3c0, 0x00000277e5f0c6a0, 0x00000277e5f0cd30,
0x00000277e5f0da50, 0x00000277e5f0b980, 0x00000277e5f0f490, 0x00000277e5f101b0,
0x00000277e5f0fb20, 0x00000277e5f10ed0, 0x00000277e5f12fa0, 0x00000277e7cc8da0,
0x00000277e7cc9430, 0x00000277e7cc6cd0, 0x00000277e7cc7360, 0x00000277e7cc79f0,
0x00000277e7cc6640, 0x00000277e7ccae70, 0x00000277e7cca7e0, 0x00000277e7ccb500,
0x00000277e7cccf40, 0x00000277e7cc9ac0, 0x00000277e7ccbb90, 0x00000277e7cca150,
0x00000277e7ccd5d0, 0x00000277e7ccc220, 0x00000277e6bf9f00, 0x00000277e6bf9870,
0x00000277e6bfb940, 0x00000277e6bf91e0, 0x00000277e6bfac20, 0x00000277e6bf84c0,
0x00000277e6bf8b50, 0x00000277e6bff450, 0x00000277e6bfedc0, 0x00000277e6bfc660,
0x00000277e6bfe0a0, 0x00000277e6bfe730, 0x00000277e6bfbfd0, 0x00000277e6bffae0,
0x00000277e6bfda10, 0x00000277e7172730, 0x00000277e7171380, 0x00000277e7172dc0,
0x00000277e7170cf0, 0x00000277e71720a0, 0x00000277e716f940, 0x00000277e716ffd0,
0x00000277e7174800, 0x00000277e71768d0, 0x00000277e7175bb0, 0x00000277e7173ae0,
0x00000277e7174170, 0x00000277e7174e90, 0x00000277e7175520, 0x00000277e7176240,
0x00000277e6175620, 0x00000277e6174f90, 0x00000277e6174900, 0x00000277e6178410,
0x00000277e6178aa0, 0x00000277e6179130, 0x00000277e6175cb0, 0x00000277e6179e50,
0x00000277e6177060, 0x00000277e617a4e0, 0x00000277e617b890, 0x00000277e617b200,
0x00000277e617bf20, 0x00000277e7ca4840, 0x00000277e7ca3b20, 0x00000277e7ca41b0,
0x00000277e7ca4ed0, 0x00000277e7ca5bf0, 0x00000277e7ca2770, 0x00000277e7ca6280,
0x00000277e7ca2e00, 0x00000277e7ca9070, 0x00000277e7ca9d90, 0x00000277e7ca9700,
0x00000277e7ca7cc0, 0x00000277e7ca89e0, 0x00000277e7ca6fa0, 0x00000277e84ac9a0,
0x00000277e84ad030, 0x00000277e84aa8d0, 0x00000277e84aa240, 0x00000277e84a9bb0,
0x00000277e84ab5f0, 0x00000277e84abc80, 0x00000277e84ac310, 0x00000277e83e7bf0,
0x00000277e83e6840, 0x00000277e83e8fa0, 0x00000277e83e6ed0, 0x00000277e83e8280,
0x00000277e83e9630, 0x00000277e83eb070, 0x00000277e83eb700, 0x00000277e83e9cc0,
0x00000277e83ecab0, 0x00000277e82d6c90, 0x00000277e82d7320, 0x00000277e7c345e0,
0x00000277e7c338c0, 0x00000277e7c34c70, 0x00000277e7c35300, 0x00000277e7c35990,
0x00000277e7c32510, 0x00000277e7c36020, 0x00000277e7c366b0, 0x00000277e7c33230,
0x00000277e7c38780, 0x00000277e7c39b30, 0x00000277e7c36d40, 0x00000277e7c3a850,
0x00000277e7c380f0, 0x00000277e7c3a1c0, 0x00000277e7c37a60, 0x00000277e7c394a0,
0x00000277e7c373d0, 0x00000277e7c3e360, 0x00000277e7c3dcd0, 0x00000277e7c3aee0,
0x00000277e7c3d640, 0x00000277e7c3c920, 0x00000277e7c3cfb0, 0x00000277e7c3b570,
0x00000277e7c3c290, 0x00000277e7c3f080, 0x00000277e7c3bc00, 0x00000277e7c3f710,
0x00000277e7c40430, 0x00000277e7c3fda0, 0x00000277e7c40ac0, 0x00000277e7c41150,
0x00000277e82cc1f0, 0x00000277e82cae40, 0x00000277e82cb4d0, 0x00000277e82c9a90,
0x00000277e82cbb60, 0x00000277e82ccf10, 0x00000277e82ca120, 0x00000277e82cdc30,
0x00000277e82ca7b0, 0x00000277e82cfd00, 0x00000277e82cf670, 0x00000277e82cc880,
0x00000277e82d0a20, 0x00000277e82ce950, 0x00000277e82cefe0, 0x00000277e82d0390,
0x00000277e82cd5a0, 0x00000277e82d3ea0, 0x00000277e82d4530, 0x00000277e82d1dd0,
0x00000277e82d2460, 0x00000277e82d10b0, 0x00000277e82d2af0, 0x00000277e82d5250,
0x00000277e82d4bc0, 0x00000277e82d58e0, 0x00000277e82d3180, 0x00000277e82d5f70,
0x00000277e82d6600, 0x00000277e82d3810, 0x00000277e83ed140, 0x00000277e83ed7d0,
0x00000277e83ea9e0, 0x00000277e83ebd90, 0x00000277e82d8040, 0x00000277e82d8d60,
0x00000277e09c2de0, 0x00000277e7c38e10, 0x00000277ea648d30, 0x00000277ea647980,
0x00000277ea6465d0, 0x00000277ea6486a0, 0x00000277ea6493c0, 0x00000277ea646c60,
0x00000277ea649a50, 0x00000277ea64a0e0, 0x00000277ea648010, 0x00000277ea64a770,
0x00000277ea6472f0, 0x00000277ea64d560, 0x00000277ea64ced0, 0x00000277ea64c840,
0x00000277ea64e280, 0x00000277ea64dbf0, 0x00000277ea64ae00, 0x00000277ea64e910,
0x00000277ea64b490, 0x00000277ea64efa0, 0x00000277ea64c1b0, 0x00000277ea64bb20,
0x00000277ea652ab0, 0x00000277ea64f630, 0x00000277ea651070, 0x00000277ea64fcc0,
0x00000277ea6509e0, 0x00000277ea651700, 0x00000277ea653140, 0x00000277ea651d90,
0x00000277ea652420, 0x00000277ea6537d0, 0x00000277ea650350, 0x00000277ea653e60,
0x00000277ea6544f0, 0x00000277ea654b80, 0x00000277ea655210, 0x00000277ea6558a0,
0x00000277eabb0f60, 0x00000277eabb1c80, 0x00000277eabb2310, 0x00000277eabb15f0,
0x00000277eabaf520, 0x00000277eabafbb0, 0x00000277eabb0240, 0x00000277eabaee90,
0x00000277eabb36c0, 0x00000277eabb3d50, 0x00000277eabb3030, 0x00000277eabb29a0,
0x00000277eabb08d0, 0x00000277eabb43e0, 0x00000277eabb4a70, 0x00000277eabb71d0,
0x00000277eabb5790, 0x00000277eabb64b0, 0x00000277eabb7860, 0x00000277eabb6b40,
0x00000277eabb7ef0, 0x00000277eabb8580, 0x00000277eabb5100, 0x00000277eabba650,
0x00000277eabb9930, 0x00000277eabbba00, 0x00000277eabbc090, 0x00000277eabb8c10,
0x00000277eabb92a0, 0x00000277eabb9fc0, 0x00000277eabbdad0, 0x00000277eabbc720,
0x00000277eabbd440, 0x00000277eabbace0, 0x00000277eabbb370, 0x00000277eabbe160,
0x00000277eabbcdb0, 0x00000277ebc7e270, 0x00000277ebc7f620, 0x00000277ebc7fcb0,
0x00000277ebc7c830, 0x00000277ebc7ef90, 0x00000277ebc7d550, 0x00000277ebc80340,
0x00000277ebc7e900, 0x00000277ebc7dbe0, 0x00000277ebc7cec0, 0x00000277ebc809d0,
0x00000277ebc81060, 0x00000277ebc816f0, 0x00000277ebc64500, 0x00000277ebc65220,
0x00000277ebc62ac0, 0x00000277ebc637e0, 0x00000277ebc665d0, 0x00000277ebc658b0,
0x00000277ebc63150, 0x00000277ebc64b90, 0x00000277ebc63e70, 0x00000277ebc66c60,
0x00000277ebc68010, 0x00000277ebc672f0, 0x00000277ebc67980, 0x00000277ebc686a0,
0x00000277ebc68d30, 0x00000277ebc693c0, 0x00000277ebc65f40, 0x00000277ebc6bb20,
0x00000277ebc6c1b0, 0x00000277ebc6ae00, 0x00000277ebc6b490, 0x00000277ebc6c840,
0x00000277ebc6a0e0, 0x00000277ebc6ced0, 0x00000277ebc69a50, 0x00000277ebc6d560,
0x00000277ebc6dbf0, 0x00000277ebc6a770, 0x00000277ebc709e0, 0x00000277ebc6e910,
0x00000277ebc71070, 0x00000277ebc6efa0, 0x00000277ebc6fcc0, 0x00000277ebc6f630,
0x00000277ebc70350, 0x00000277ebc6e280, 0x00000277ebc74b80, 0x00000277ebc72ab0,
0x00000277ebc71d90, 0x00000277ebc737d0, 0x00000277ebc73e60, 0x00000277ebc71700,
0x00000277ebc75210, 0x00000277ebc758a0, 0x00000277ebc72420, 0x00000277ebc75f30,
0x00000277ebc765c0, 0x00000277ebc73140, 0x00000277ebc76c50, 0x00000277ebc744f0,
0x00000277ebc78000, 0x00000277ebc7a0d0, 0x00000277ebc79a40, 0x00000277ebc7a760,
0x00000277ebc793b0, 0x00000277ebc772e0, 0x00000277ebc78d20, 0x00000277ebc78690,
0x00000277ebc7adf0, 0x00000277ebc77970, 0x00000277ebc7b480, 0x00000277ebc7bb10,
0x00000277ebc7c1a0, 0x00000277ebe15450, 0x00000277ebe15ae0, 0x00000277ebe16170,
0x00000277ebe17520, 0x00000277ebe16800, 0x00000277ebe14dc0, 0x00000277ebe19c80,
0x00000277ebe17bb0, 0x00000277ebe188d0, 0x00000277ebe16e90, 0x00000277ebe1b030,
0x00000277ebe1b6c0, 0x00000277ebe195f0, 0x00000277ebe1a310, 0x00000277ebe18240,
0x00000277ebe1c3e0, 0x00000277ebe1a9a0, 0x00000277ebe1bd50, 0x00000277ebe18f60,
0x00000277ebe1de20, 0x00000277ebe1e4b0, 0x00000277ebe1eb40, 0x00000277ebe1f1d0,
0x00000277ebe1f860, 0x00000277ebe1fef0, 0x00000277e7b9ab30, 0x00000277ebe1d790,
0x00000277ebe24720
}

Java Threads: ( => current thread )
  0x000002778756d650 JavaThread "main"                              [_thread_blocked, id=376, stack(0x000000962d700000,0x000000962d800000) (1024K)]
  0x000002778762a0f0 JavaThread "Reference Handler"          daemon [_thread_blocked, id=7548, stack(0x000000962dc00000,0x000000962dd00000) (1024K)]
  0x000002778762e430 JavaThread "Finalizer"                  daemon [_thread_blocked, id=9224, stack(0x000000962dd00000,0x000000962de00000) (1024K)]
  0x00000277874e5970 JavaThread "Signal Dispatcher"          daemon [_thread_blocked, id=13276, stack(0x000000962de00000,0x000000962df00000) (1024K)]
  0x00000277874e6700 JavaThread "Attach Listener"            daemon [_thread_blocked, id=13460, stack(0x000000962df00000,0x000000962e000000) (1024K)]
  0x00000277874e8880 JavaThread "Service Thread"             daemon [_thread_blocked, id=18616, stack(0x000000962e000000,0x000000962e100000) (1024K)]
  0x00000277874eb6f0 JavaThread "Monitor Deflation Thread"   daemon [_thread_blocked, id=15412, stack(0x000000962e100000,0x000000962e200000) (1024K)]
  0x00000277874ee490 JavaThread "C2 CompilerThread0"         daemon [_thread_in_native, id=4456, stack(0x000000962e200000,0x000000962e300000) (1024K)]
  0x00000277e08d2600 JavaThread "C1 CompilerThread0"         daemon [_thread_blocked, id=7680, stack(0x000000962e300000,0x000000962e400000) (1024K)]
  0x00000277e0a7fbd0 JavaThread "Common-Cleaner"             daemon [_thread_blocked, id=11248, stack(0x000000962e400000,0x000000962e500000) (1024K)]
  0x00000277e0c54da0 JavaThread "Notification Thread"        daemon [_thread_blocked, id=9344, stack(0x000000962e600000,0x000000962e700000) (1024K)]
  0x00000277e580c580 JavaThread "Active Thread: Equinox Container: c9e9b3ac-0325-40ab-8fbf-b11ee6da76d6"        [_thread_blocked, id=9540, stack(0x000000962ed00000,0x000000962ee00000) (1024K)]
  0x00000277e5890ff0 JavaThread "Refresh Thread: Equinox Container: c9e9b3ac-0325-40ab-8fbf-b11ee6da76d6" daemon [_thread_blocked, id=8256, stack(0x000000962ef00000,0x000000962f000000) (1024K)]
  0x00000277e5660330 JavaThread "Framework Event Dispatcher: Equinox Container: c9e9b3ac-0325-40ab-8fbf-b11ee6da76d6" daemon [_thread_blocked, id=9968, stack(0x000000962f000000,0x000000962f100000) (1024K)]
  0x00000277e50344d0 JavaThread "Start Level: Equinox Container: c9e9b3ac-0325-40ab-8fbf-b11ee6da76d6" daemon [_thread_blocked, id=1524, stack(0x000000962e500000,0x000000962e600000) (1024K)]
  0x00000277e5b05fe0 JavaThread "Bundle File Closer"         daemon [_thread_blocked, id=5820, stack(0x000000962f100000,0x000000962f200000) (1024K)]
  0x00000277e5fb0110 JavaThread "SCR Component Actor"        daemon [_thread_blocked, id=16764, stack(0x000000962f200000,0x000000962f300000) (1024K)]
  0x00000277e50e4e70 JavaThread "Worker-JM"                         [_thread_blocked, id=10340, stack(0x000000962f300000,0x000000962f400000) (1024K)]
  0x00000277e09c20c0 JavaThread "JNA Cleaner"                daemon [_thread_blocked, id=6280, stack(0x000000962f400000,0x000000962f500000) (1024K)]
  0x00000277e09c3470 JavaThread "Worker-0"                          [_thread_blocked, id=19212, stack(0x000000962f500000,0x000000962f600000) (1024K)]
  0x00000277e61fa640 JavaThread "Worker-2"                          [_thread_blocked, id=15876, stack(0x000000962f800000,0x000000962f900000) (1024K)]
  0x00000277e61f8c00 JavaThread "Java indexing"              daemon [_thread_blocked, id=16068, stack(0x000000962f900000,0x000000962fa00000) (1024K)]
  0x00000277e61f9290 JavaThread "Worker-3: Shutdown..."             [_thread_blocked, id=7492, stack(0x000000962fa00000,0x000000962fb00000) (1024K)]
  0x00000277e61facd0 JavaThread "Worker-4: Synchronize Gradle projects with workspace"        [_thread_blocked, id=19232, stack(0x000000962fd00000,0x000000962fe00000) (1024K)]
  0x00000277e61fb360 JavaThread "Worker-5: Synchronize Gradle projects with workspace"        [_thread_blocked, id=19440, stack(0x000000962fe00000,0x000000962ff00000) (1024K)]
  0x00000277e61f9920 JavaThread "Worker-6: Synchronize Gradle projects with workspace"        [_thread_blocked, id=1320, stack(0x000000962ff00000,0x0000009630000000) (1024K)]
  0x00000277e61f9fb0 JavaThread "Worker-7: Synchronize Gradle projects with workspace"        [_thread_blocked, id=15460, stack(0x0000009630000000,0x0000009630100000) (1024K)]
  0x00000277e61f7ee0 JavaThread "Timer-0"                           [_thread_blocked, id=7288, stack(0x0000009630100000,0x0000009630200000) (1024K)]
  0x00000277e61fb9f0 JavaThread "Timer-2"                           [_thread_blocked, id=18932, stack(0x0000009630200000,0x0000009630300000) (1024K)]
  0x00000277e61f8570 JavaThread "Timer-1"                           [_thread_blocked, id=5416, stack(0x0000009630300000,0x0000009630400000) (1024K)]
  0x00000277e61fc080 JavaThread "Worker-8: Synchronize Gradle projects with workspace"        [_thread_blocked, id=1324, stack(0x0000009630400000,0x0000009630500000) (1024K)]
  0x00000277e61fc710 JavaThread "Timer-3"                           [_thread_blocked, id=17016, stack(0x0000009630500000,0x0000009630600000) (1024K)]
  0x00000277e61fcda0 JavaThread "Thread-5"                   daemon [_thread_in_native, id=804, stack(0x0000009630600000,0x0000009630700000) (1024K)]
  0x00000277e61fe7e0 JavaThread "Thread-6"                   daemon [_thread_in_native, id=6792, stack(0x0000009630700000,0x0000009630800000) (1024K)]
  0x00000277e61fdac0 JavaThread "Thread-7"                   daemon [_thread_in_native, id=15280, stack(0x0000009630800000,0x0000009630900000) (1024K)]
  0x00000277e61fd430 JavaThread "Thread-8"                   daemon [_thread_in_native, id=19288, stack(0x0000009630900000,0x0000009630a00000) (1024K)]
  0x00000277e61fee70 JavaThread "Worker-9: Synchronize Gradle projects with workspace"        [_thread_blocked, id=15568, stack(0x0000009630a00000,0x0000009630b00000) (1024K)]
  0x00000277e61fe150 JavaThread "Thread-9"                   daemon [_thread_in_native, id=8156, stack(0x0000009630b00000,0x0000009630c00000) (1024K)]
  0x00000277e61ff500 JavaThread "Timer-4"                           [_thread_blocked, id=3864, stack(0x0000009630c00000,0x0000009630d00000) (1024K)]
  0x00000277e5f0e770 JavaThread "Thread-11"                  daemon [_thread_in_native, id=6296, stack(0x0000009630d00000,0x0000009630e00000) (1024K)]
  0x00000277e5f0c010 JavaThread "Thread-12"                  daemon [_thread_in_native, id=6332, stack(0x0000009630e00000,0x0000009630f00000) (1024K)]
  0x00000277e5f0d3c0 JavaThread "Thread-13"                  daemon [_thread_in_native, id=9436, stack(0x0000009630f00000,0x0000009631000000) (1024K)]
  0x00000277e5f0c6a0 JavaThread "Thread-14"                  daemon [_thread_in_native, id=6964, stack(0x0000009631000000,0x0000009631100000) (1024K)]
  0x00000277e5f0cd30 JavaThread "Worker-10: Synchronize Gradle projects with workspace"        [_thread_blocked, id=17928, stack(0x0000009631100000,0x0000009631200000) (1024K)]
  0x00000277e5f0da50 JavaThread "Timer-5"                           [_thread_blocked, id=12272, stack(0x0000009631200000,0x0000009631300000) (1024K)]
  0x00000277e5f0b980 JavaThread "Worker-11: Synchronize Gradle projects with workspace"        [_thread_blocked, id=19108, stack(0x0000009631300000,0x0000009631400000) (1024K)]
  0x00000277e5f0f490 JavaThread "Timer-6"                           [_thread_blocked, id=9308, stack(0x0000009631400000,0x0000009631500000) (1024K)]
  0x00000277e5f101b0 JavaThread "Worker-12: Synchronize Gradle projects with workspace"        [_thread_blocked, id=2932, stack(0x0000009631500000,0x0000009631600000) (1024K)]
  0x00000277e5f0fb20 JavaThread "Timer-7"                           [_thread_blocked, id=18996, stack(0x0000009631600000,0x0000009631700000) (1024K)]
  0x00000277e5f10ed0 JavaThread "pool-2-thread-1"                   [_thread_blocked, id=8984, stack(0x0000009631700000,0x0000009631800000) (1024K)]
  0x00000277e5f12fa0 JavaThread "Timer-9"                           [_thread_blocked, id=13728, stack(0x0000009631800000,0x0000009631900000) (1024K)]
  0x00000277e7cc8da0 JavaThread "Timer-8"                           [_thread_blocked, id=18552, stack(0x0000009631900000,0x0000009631a00000) (1024K)]
  0x00000277e7cc9430 JavaThread "Timer-10"                          [_thread_blocked, id=11336, stack(0x0000009631a00000,0x0000009631b00000) (1024K)]
  0x00000277e7cc6cd0 JavaThread "Timer-11"                          [_thread_blocked, id=14532, stack(0x0000009631b00000,0x0000009631c00000) (1024K)]
  0x00000277e7cc7360 JavaThread "Timer-13"                          [_thread_blocked, id=18480, stack(0x0000009631c00000,0x0000009631d00000) (1024K)]
  0x00000277e7cc79f0 JavaThread "Timer-14"                          [_thread_blocked, id=11396, stack(0x0000009631d00000,0x0000009631e00000) (1024K)]
  0x00000277e7cc6640 JavaThread "Timer-12"                          [_thread_blocked, id=14544, stack(0x0000009631e00000,0x0000009631f00000) (1024K)]
  0x00000277e7ccae70 JavaThread "Worker-13"                         [_thread_blocked, id=16968, stack(0x0000009631f00000,0x0000009632000000) (1024K)]
  0x00000277e7cca7e0 JavaThread "Timer-15"                          [_thread_blocked, id=4420, stack(0x0000009632000000,0x0000009632100000) (1024K)]
  0x00000277e7ccb500 JavaThread "Timer-16"                          [_thread_blocked, id=10820, stack(0x0000009632100000,0x0000009632200000) (1024K)]
  0x00000277e7cccf40 JavaThread "Timer-17"                          [_thread_blocked, id=13932, stack(0x0000009632200000,0x0000009632300000) (1024K)]
  0x00000277e7cc9ac0 JavaThread "Worker-14: Synchronize Gradle projects with workspace"        [_thread_blocked, id=14188, stack(0x0000009632300000,0x0000009632400000) (1024K)]
  0x00000277e7ccbb90 JavaThread "Timer-18"                          [_thread_blocked, id=14796, stack(0x0000009632400000,0x0000009632500000) (1024K)]
  0x00000277e7cca150 JavaThread "Worker-15: Synchronize Gradle projects with workspace"        [_thread_blocked, id=18620, stack(0x0000009632500000,0x0000009632600000) (1024K)]
  0x00000277e7ccd5d0 JavaThread "Timer-19"                          [_thread_blocked, id=19060, stack(0x0000009632600000,0x0000009632700000) (1024K)]
  0x00000277e7ccc220 JavaThread "Worker-16: Synchronize Gradle projects with workspace"        [_thread_blocked, id=16516, stack(0x0000009632700000,0x0000009632800000) (1024K)]
  0x00000277e6bf9f00 JavaThread "Timer-20"                          [_thread_blocked, id=9128, stack(0x0000009632800000,0x0000009632900000) (1024K)]
  0x00000277e6bf9870 JavaThread "Timer-21"                          [_thread_blocked, id=9036, stack(0x0000009632900000,0x0000009632a00000) (1024K)]
  0x00000277e6bfb940 JavaThread "Worker-17: Synchronize Gradle projects with workspace"        [_thread_blocked, id=15636, stack(0x0000009632a00000,0x0000009632b00000) (1024K)]
  0x00000277e6bf91e0 JavaThread "Timer-22"                          [_thread_blocked, id=19300, stack(0x0000009632b00000,0x0000009632c00000) (1024K)]
  0x00000277e6bfac20 JavaThread "Timer-23"                          [_thread_blocked, id=9560, stack(0x0000009632c00000,0x0000009632d00000) (1024K)]
  0x00000277e6bf84c0 JavaThread "Timer-24"                          [_thread_blocked, id=4460, stack(0x0000009632d00000,0x0000009632e00000) (1024K)]
  0x00000277e6bf8b50 JavaThread "Worker-18: Synchronize Gradle projects with workspace"        [_thread_blocked, id=15844, stack(0x0000009632e00000,0x0000009632f00000) (1024K)]
  0x00000277e6bff450 JavaThread "Timer-25"                          [_thread_blocked, id=12308, stack(0x0000009632f00000,0x0000009633000000) (1024K)]
  0x00000277e6bfedc0 JavaThread "Timer-26"                          [_thread_blocked, id=15836, stack(0x0000009633000000,0x0000009633100000) (1024K)]
  0x00000277e6bfc660 JavaThread "Worker-19: Refreshing workspace"        [_thread_blocked, id=16688, stack(0x0000009633100000,0x0000009633200000) (1024K)]
  0x00000277e6bfe0a0 JavaThread "Timer-27"                          [_thread_blocked, id=8056, stack(0x0000009633200000,0x0000009633300000) (1024K)]
  0x00000277e6bfe730 JavaThread "Timer-28"                          [_thread_blocked, id=19044, stack(0x0000009633300000,0x0000009633400000) (1024K)]
  0x00000277e6bfbfd0 JavaThread "Worker-20: Synchronize Gradle projects with workspace"        [_thread_blocked, id=8032, stack(0x0000009633400000,0x0000009633500000) (1024K)]
  0x00000277e6bffae0 JavaThread "Timer-29"                          [_thread_blocked, id=15164, stack(0x0000009633500000,0x0000009633600000) (1024K)]
  0x00000277e6bfda10 JavaThread "Timer-30"                          [_thread_blocked, id=18152, stack(0x0000009633600000,0x0000009633700000) (1024K)]
  0x00000277e7172730 JavaThread "Worker-21: Synchronize Gradle projects with workspace"        [_thread_blocked, id=18964, stack(0x0000009633700000,0x0000009633800000) (1024K)]
  0x00000277e7171380 JavaThread "Timer-31"                          [_thread_blocked, id=9524, stack(0x0000009633800000,0x0000009633900000) (1024K)]
  0x00000277e7172dc0 JavaThread "Timer-32"                          [_thread_blocked, id=17100, stack(0x0000009633900000,0x0000009633a00000) (1024K)]
  0x00000277e7170cf0 JavaThread "Timer-33"                          [_thread_blocked, id=9564, stack(0x0000009633a00000,0x0000009633b00000) (1024K)]
  0x00000277e71720a0 JavaThread "Worker-22: Synchronize Gradle projects with workspace"        [_thread_blocked, id=12460, stack(0x0000009633b00000,0x0000009633c00000) (1024K)]
  0x00000277e716f940 JavaThread "Timer-34"                          [_thread_blocked, id=7304, stack(0x0000009633c00000,0x0000009633d00000) (1024K)]
  0x00000277e716ffd0 JavaThread "Timer-35"                          [_thread_blocked, id=3396, stack(0x0000009633d00000,0x0000009633e00000) (1024K)]
  0x00000277e7174800 JavaThread "Worker-23: Synchronize Gradle projects with workspace"        [_thread_blocked, id=14616, stack(0x0000009633e00000,0x0000009633f00000) (1024K)]
  0x00000277e71768d0 JavaThread "Timer-36"                          [_thread_blocked, id=19396, stack(0x0000009633f00000,0x0000009634000000) (1024K)]
  0x00000277e7175bb0 JavaThread "Timer-37"                          [_thread_blocked, id=18896, stack(0x0000009634000000,0x0000009634100000) (1024K)]
  0x00000277e7173ae0 JavaThread "Worker-24: Synchronize Gradle projects with workspace"        [_thread_blocked, id=3428, stack(0x0000009634100000,0x0000009634200000) (1024K)]
  0x00000277e7174170 JavaThread "Timer-38"                          [_thread_blocked, id=18984, stack(0x0000009634200000,0x0000009634300000) (1024K)]
  0x00000277e7174e90 JavaThread "Worker-25"                         [_thread_blocked, id=12536, stack(0x0000009634300000,0x0000009634400000) (1024K)]
  0x00000277e7175520 JavaThread "Timer-39"                          [_thread_blocked, id=5148, stack(0x0000009634400000,0x0000009634500000) (1024K)]
  0x00000277e7176240 JavaThread "Worker-26: Synchronize Gradle projects with workspace"        [_thread_blocked, id=18892, stack(0x0000009634500000,0x0000009634600000) (1024K)]
  0x00000277e6175620 JavaThread "Timer-40"                          [_thread_blocked, id=9716, stack(0x0000009634600000,0x0000009634700000) (1024K)]
  0x00000277e6174f90 JavaThread "Timer-41"                          [_thread_blocked, id=19236, stack(0x0000009634700000,0x0000009634800000) (1024K)]
  0x00000277e6174900 JavaThread "Timer-42"                          [_thread_blocked, id=3688, stack(0x0000009634800000,0x0000009634900000) (1024K)]
  0x00000277e6178410 JavaThread "Worker-27: Synchronize Gradle projects with workspace"        [_thread_blocked, id=16460, stack(0x0000009634900000,0x0000009634a00000) (1024K)]
  0x00000277e6178aa0 JavaThread "Timer-44"                          [_thread_blocked, id=13228, stack(0x0000009634a00000,0x0000009634b00000) (1024K)]
  0x00000277e6179130 JavaThread "Worker-28: Synchronize Gradle projects with workspace"        [_thread_blocked, id=12564, stack(0x0000009634b00000,0x0000009634c00000) (1024K)]
  0x00000277e6175cb0 JavaThread "Timer-43"                          [_thread_blocked, id=17500, stack(0x0000009634c00000,0x0000009634d00000) (1024K)]
  0x00000277e6179e50 JavaThread "Timer-45"                          [_thread_blocked, id=10128, stack(0x0000009634d00000,0x0000009634e00000) (1024K)]
  0x00000277e6177060 JavaThread "Timer-46"                          [_thread_blocked, id=17196, stack(0x0000009634e00000,0x0000009634f00000) (1024K)]
  0x00000277e617a4e0 JavaThread "Worker-29: Synchronize Gradle projects with workspace"        [_thread_blocked, id=2436, stack(0x0000009634f00000,0x0000009635000000) (1024K)]
  0x00000277e617b890 JavaThread "Timer-48"                          [_thread_blocked, id=13536, stack(0x0000009635000000,0x0000009635100000) (1024K)]
  0x00000277e617b200 JavaThread "Timer-49"                          [_thread_blocked, id=10120, stack(0x0000009635100000,0x0000009635200000) (1024K)]
  0x00000277e617bf20 JavaThread "Timer-47"                          [_thread_blocked, id=11100, stack(0x0000009635200000,0x0000009635300000) (1024K)]
  0x00000277e7ca4840 JavaThread "Worker-30: Synchronize Gradle projects with workspace"        [_thread_blocked, id=19168, stack(0x0000009635300000,0x0000009635400000) (1024K)]
  0x00000277e7ca3b20 JavaThread "Timer-50"                          [_thread_blocked, id=15124, stack(0x0000009635400000,0x0000009635500000) (1024K)]
  0x00000277e7ca41b0 JavaThread "Worker-31: Synchronize Gradle projects with workspace"        [_thread_blocked, id=6376, stack(0x0000009635500000,0x0000009635600000) (1024K)]
  0x00000277e7ca4ed0 JavaThread "Timer-51"                          [_thread_blocked, id=17688, stack(0x0000009635600000,0x0000009635700000) (1024K)]
  0x00000277e7ca5bf0 JavaThread "Timer-52"                          [_thread_blocked, id=15588, stack(0x0000009635700000,0x0000009635800000) (1024K)]
  0x00000277e7ca2770 JavaThread "Timer-53"                          [_thread_blocked, id=7964, stack(0x0000009635800000,0x0000009635900000) (1024K)]
  0x00000277e7ca6280 JavaThread "Worker-32: Synchronize Gradle projects with workspace"        [_thread_blocked, id=13060, stack(0x0000009635900000,0x0000009635a00000) (1024K)]
  0x00000277e7ca2e00 JavaThread "Timer-54"                          [_thread_blocked, id=18728, stack(0x0000009635a00000,0x0000009635b00000) (1024K)]
  0x00000277e7ca9070 JavaThread "Worker-33: Synchronize Gradle projects with workspace"        [_thread_blocked, id=15968, stack(0x0000009635b00000,0x0000009635c00000) (1024K)]
  0x00000277e7ca9d90 JavaThread "Timer-55"                          [_thread_blocked, id=19340, stack(0x0000009635c00000,0x0000009635d00000) (1024K)]
  0x00000277e7ca9700 JavaThread "Worker-34: Synchronize Gradle projects with workspace"        [_thread_blocked, id=12544, stack(0x0000009635d00000,0x0000009635e00000) (1024K)]
  0x00000277e7ca7cc0 JavaThread "Timer-56"                          [_thread_blocked, id=4332, stack(0x0000009635e00000,0x0000009635f00000) (1024K)]
  0x00000277e7ca89e0 JavaThread "Timer-59"                          [_thread_blocked, id=14916, stack(0x0000009635f00000,0x0000009636000000) (1024K)]
  0x00000277e7ca6fa0 JavaThread "Timer-58"                          [_thread_blocked, id=8112, stack(0x0000009636000000,0x0000009636100000) (1024K)]
  0x00000277e84ac9a0 JavaThread "Worker-35: Synchronize Gradle projects with workspace"        [_thread_blocked, id=19372, stack(0x0000009636100000,0x0000009636200000) (1024K)]
  0x00000277e84ad030 JavaThread "Timer-57"                          [_thread_blocked, id=17004, stack(0x0000009636200000,0x0000009636300000) (1024K)]
  0x00000277e84aa8d0 JavaThread "Timer-60"                          [_thread_blocked, id=7380, stack(0x0000009636300000,0x0000009636400000) (1024K)]
  0x00000277e84aa240 JavaThread "Worker-36: Synchronize Gradle projects with workspace"        [_thread_blocked, id=10012, stack(0x0000009636400000,0x0000009636500000) (1024K)]
  0x00000277e84a9bb0 JavaThread "Timer-61"                          [_thread_blocked, id=13600, stack(0x0000009636500000,0x0000009636600000) (1024K)]
  0x00000277e84ab5f0 JavaThread "Timer-62"                          [_thread_blocked, id=17096, stack(0x0000009636600000,0x0000009636700000) (1024K)]
  0x00000277e84abc80 JavaThread "Worker-37: Synchronize Gradle projects with workspace"        [_thread_blocked, id=12120, stack(0x0000009636700000,0x0000009636800000) (1024K)]
  0x00000277e84ac310 JavaThread "Timer-63"                          [_thread_blocked, id=1808, stack(0x0000009636800000,0x0000009636900000) (1024K)]
  0x00000277e83e7bf0 JavaThread "Timer-64"                          [_thread_blocked, id=18532, stack(0x0000009636900000,0x0000009636a00000) (1024K)]
  0x00000277e83e6840 JavaThread "Timer-65"                          [_thread_blocked, id=18832, stack(0x0000009636a00000,0x0000009636b00000) (1024K)]
  0x00000277e83e8fa0 JavaThread "Worker-38: Synchronize Gradle projects with workspace"        [_thread_blocked, id=18468, stack(0x0000009636b00000,0x0000009636c00000) (1024K)]
  0x00000277e83e6ed0 JavaThread "Timer-66"                          [_thread_blocked, id=6780, stack(0x0000009636c00000,0x0000009636d00000) (1024K)]
  0x00000277e83e8280 JavaThread "Worker-39: Synchronize Gradle projects with workspace"        [_thread_blocked, id=12452, stack(0x0000009636d00000,0x0000009636e00000) (1024K)]
  0x00000277e83e9630 JavaThread "Timer-67"                          [_thread_blocked, id=12180, stack(0x0000009636e00000,0x0000009636f00000) (1024K)]
  0x00000277e83eb070 JavaThread "Timer-68"                          [_thread_blocked, id=13360, stack(0x0000009636f00000,0x0000009637000000) (1024K)]
  0x00000277e83eb700 JavaThread "Timer-69"                          [_thread_blocked, id=2836, stack(0x0000009637100000,0x0000009637200000) (1024K)]
  0x00000277e83e9cc0 JavaThread "Timer-71"                          [_thread_blocked, id=12000, stack(0x0000009637200000,0x0000009637300000) (1024K)]
  0x00000277e83ecab0 JavaThread "Timer-70"                          [_thread_blocked, id=16952, stack(0x0000009637300000,0x0000009637400000) (1024K)]
  0x00000277e82d6c90 JavaThread "WorkspaceEventsHandler"            [_thread_blocked, id=17528, stack(0x0000009639800000,0x0000009639900000) (1024K)]
  0x00000277e82d7320 JavaThread "pool-1-thread-1"                   [_thread_blocked, id=14232, stack(0x0000009639900000,0x0000009639a00000) (1024K)]
  0x00000277e7c345e0 JavaThread "Timer-72"                          [_thread_blocked, id=18572, stack(0x0000009637e00000,0x0000009637f00000) (1024K)]
  0x00000277e7c338c0 JavaThread "Timer-73"                          [_thread_blocked, id=19092, stack(0x0000009637500000,0x0000009637600000) (1024K)]
  0x00000277e7c34c70 JavaThread "Timer-74"                          [_thread_blocked, id=5492, stack(0x0000009637700000,0x0000009637800000) (1024K)]
  0x00000277e7c35300 JavaThread "Timer-75"                          [_thread_blocked, id=1316, stack(0x0000009637a00000,0x0000009637b00000) (1024K)]
  0x00000277e7c35990 JavaThread "Timer-76"                          [_thread_blocked, id=10368, stack(0x0000009637b00000,0x0000009637c00000) (1024K)]
  0x00000277e7c32510 JavaThread "Timer-77"                          [_thread_blocked, id=6500, stack(0x0000009637c00000,0x0000009637d00000) (1024K)]
  0x00000277e7c36020 JavaThread "Timer-78"                          [_thread_blocked, id=10224, stack(0x0000009637f00000,0x0000009638000000) (1024K)]
  0x00000277e7c366b0 JavaThread "Timer-79"                          [_thread_blocked, id=3768, stack(0x0000009638000000,0x0000009638100000) (1024K)]
  0x00000277e7c33230 JavaThread "Timer-80"                          [_thread_blocked, id=16080, stack(0x0000009638200000,0x0000009638300000) (1024K)]
  0x00000277e7c38780 JavaThread "Timer-81"                          [_thread_blocked, id=3836, stack(0x0000009638300000,0x0000009638400000) (1024K)]
  0x00000277e7c39b30 JavaThread "Timer-82"                          [_thread_blocked, id=9964, stack(0x0000009638500000,0x0000009638600000) (1024K)]
  0x00000277e7c36d40 JavaThread "Timer-83"                          [_thread_blocked, id=17816, stack(0x0000009638900000,0x0000009638a00000) (1024K)]
  0x00000277e7c3a850 JavaThread "Timer-84"                          [_thread_blocked, id=2780, stack(0x0000009638d00000,0x0000009638e00000) (1024K)]
  0x00000277e7c380f0 JavaThread "Timer-85"                          [_thread_blocked, id=7804, stack(0x0000009639100000,0x0000009639200000) (1024K)]
  0x00000277e7c3a1c0 JavaThread "Timer-86"                          [_thread_blocked, id=15996, stack(0x0000009639300000,0x0000009639400000) (1024K)]
  0x00000277e7c37a60 JavaThread "Timer-88"                          [_thread_blocked, id=10596, stack(0x0000009639600000,0x0000009639700000) (1024K)]
  0x00000277e7c394a0 JavaThread "Timer-87"                          [_thread_blocked, id=18900, stack(0x0000009639c00000,0x0000009639d00000) (1024K)]
  0x00000277e7c373d0 JavaThread "Timer-90"                          [_thread_blocked, id=2544, stack(0x0000009639d00000,0x0000009639e00000) (1024K)]
  0x00000277e7c3e360 JavaThread "Timer-89"                          [_thread_blocked, id=9628, stack(0x0000009639e00000,0x0000009639f00000) (1024K)]
  0x00000277e7c3dcd0 JavaThread "Timer-92"                          [_thread_blocked, id=20472, stack(0x0000009637600000,0x0000009637700000) (1024K)]
  0x00000277e7c3aee0 JavaThread "Timer-91"                          [_thread_blocked, id=2604, stack(0x0000009638400000,0x0000009638500000) (1024K)]
  0x00000277e7c3d640 JavaThread "Timer-93"                          [_thread_blocked, id=13952, stack(0x000000962f700000,0x000000962f800000) (1024K)]
  0x00000277e7c3c920 JavaThread "Timer-94"                          [_thread_blocked, id=19596, stack(0x0000009637800000,0x0000009637900000) (1024K)]
  0x00000277e7c3cfb0 JavaThread "pool-3-thread-1"                   [_thread_blocked, id=20216, stack(0x000000962d600000,0x000000962d700000) (1024K)]
  0x00000277e7c3b570 JavaThread "Timer-95"                          [_thread_blocked, id=19940, stack(0x000000962d800000,0x000000962d900000) (1024K)]
  0x00000277e7c3c290 JavaThread "Timer-96"                          [_thread_blocked, id=19536, stack(0x000000962f600000,0x000000962f700000) (1024K)]
  0x00000277e7c3f080 JavaThread "Timer-97"                          [_thread_blocked, id=11092, stack(0x0000009638c00000,0x0000009638d00000) (1024K)]
  0x00000277e7c3bc00 JavaThread "Timer-98"                          [_thread_blocked, id=12744, stack(0x0000009638800000,0x0000009638900000) (1024K)]
  0x00000277e7c3f710 JavaThread "Timer-99"                          [_thread_blocked, id=5768, stack(0x0000009638f00000,0x0000009639000000) (1024K)]
  0x00000277e7c40430 JavaThread "Timer-100"                         [_thread_blocked, id=17036, stack(0x0000009637900000,0x0000009637a00000) (1024K)]
  0x00000277e7c3fda0 JavaThread "Timer-101"                         [_thread_blocked, id=19532, stack(0x0000009637d00000,0x0000009637e00000) (1024K)]
  0x00000277e7c40ac0 JavaThread "Timer-102"                         [_thread_blocked, id=19816, stack(0x0000009637400000,0x0000009637500000) (1024K)]
  0x00000277e7c41150 JavaThread "Timer-103"                         [_thread_blocked, id=3956, stack(0x0000009638700000,0x0000009638800000) (1024K)]
  0x00000277e82cc1f0 JavaThread "Timer-104"                         [_thread_blocked, id=2100, stack(0x0000009638a00000,0x0000009638b00000) (1024K)]
  0x00000277e82cae40 JavaThread "Timer-105"                         [_thread_blocked, id=7824, stack(0x0000009638600000,0x0000009638700000) (1024K)]
  0x00000277e82cb4d0 JavaThread "Timer-106"                         [_thread_blocked, id=19768, stack(0x0000009638e00000,0x0000009638f00000) (1024K)]
  0x00000277e82c9a90 JavaThread "Timer-107"                         [_thread_blocked, id=20432, stack(0x0000009638b00000,0x0000009638c00000) (1024K)]
  0x00000277e82cbb60 JavaThread "Timer-108"                         [_thread_blocked, id=19120, stack(0x0000009639200000,0x0000009639300000) (1024K)]
  0x00000277e82ccf10 JavaThread "Timer-109"                         [_thread_blocked, id=1240, stack(0x0000009639500000,0x0000009639600000) (1024K)]
  0x00000277e82ca120 JavaThread "Exec process"                      [_thread_blocked, id=10536, stack(0x0000009639400000,0x0000009639500000) (1024K)]
  0x00000277e82cdc30 JavaThread "Exec process Thread 2"             [_thread_blocked, id=8208, stack(0x0000009639700000,0x0000009639800000) (1024K)]
  0x00000277e82ca7b0 JavaThread "Exec process Thread 3"             [_thread_blocked, id=10208, stack(0x0000009639b00000,0x0000009639c00000) (1024K)]
  0x00000277e82cfd00 JavaThread "Timer-110"                         [_thread_blocked, id=7640, stack(0x0000009639000000,0x0000009639100000) (1024K)]
  0x00000277e82cf670 JavaThread "Timer-111"                         [_thread_blocked, id=11964, stack(0x0000009637000000,0x0000009637100000) (1024K)]
  0x00000277e82cc880 JavaThread "Timer-112"                         [_thread_blocked, id=13956, stack(0x0000009638100000,0x0000009638200000) (1024K)]
  0x00000277e82d0a20 JavaThread "Timer-113"                         [_thread_blocked, id=10160, stack(0x000000963a200000,0x000000963a300000) (1024K)]
  0x00000277e82ce950 JavaThread "Timer-114"                         [_thread_blocked, id=19100, stack(0x000000963a000000,0x000000963a100000) (1024K)]
  0x00000277e82cefe0 JavaThread "Timer-115"                         [_thread_blocked, id=13964, stack(0x000000963a100000,0x000000963a200000) (1024K)]
  0x00000277e82d0390 JavaThread "Timer-116"                         [_thread_blocked, id=16264, stack(0x000000963a300000,0x000000963a400000) (1024K)]
  0x00000277e82cd5a0 JavaThread "Timer-117"                         [_thread_blocked, id=15956, stack(0x000000963a400000,0x000000963a500000) (1024K)]
  0x00000277e82d3ea0 JavaThread "Timer-118"                         [_thread_blocked, id=9208, stack(0x000000963a500000,0x000000963a600000) (1024K)]
  0x00000277e82d4530 JavaThread "Timer-119"                         [_thread_blocked, id=10520, stack(0x000000963a600000,0x000000963a700000) (1024K)]
  0x00000277e82d1dd0 JavaThread "Timer-120"                         [_thread_blocked, id=18828, stack(0x000000963a800000,0x000000963a900000) (1024K)]
  0x00000277e82d2460 JavaThread "Timer-121"                         [_thread_blocked, id=16708, stack(0x000000963a700000,0x000000963a800000) (1024K)]
  0x00000277e82d10b0 JavaThread "Timer-122"                         [_thread_blocked, id=20320, stack(0x000000963a900000,0x000000963aa00000) (1024K)]
  0x00000277e82d2af0 JavaThread "Timer-123"                         [_thread_blocked, id=19728, stack(0x000000963aa00000,0x000000963ab00000) (1024K)]
  0x00000277e82d5250 JavaThread "Timer-124"                         [_thread_blocked, id=18664, stack(0x000000963ab00000,0x000000963ac00000) (1024K)]
  0x00000277e82d4bc0 JavaThread "Timer-125"                         [_thread_blocked, id=4416, stack(0x000000963ac00000,0x000000963ad00000) (1024K)]
  0x00000277e82d58e0 JavaThread "Timer-126"                         [_thread_blocked, id=18140, stack(0x000000963ad00000,0x000000963ae00000) (1024K)]
  0x00000277e82d3180 JavaThread "Timer-127"                         [_thread_blocked, id=18864, stack(0x000000963ae00000,0x000000963af00000) (1024K)]
  0x00000277e82d5f70 JavaThread "Timer-128"                         [_thread_blocked, id=19976, stack(0x000000963af00000,0x000000963b000000) (1024K)]
  0x00000277e82d6600 JavaThread "Timer-129"                         [_thread_blocked, id=19820, stack(0x000000963b000000,0x000000963b100000) (1024K)]
  0x00000277e82d3810 JavaThread "Timer-130"                         [_thread_blocked, id=17124, stack(0x000000963b100000,0x000000963b200000) (1024K)]
  0x00000277e83ed140 JavaThread "Timer-131"                         [_thread_blocked, id=18348, stack(0x000000963b200000,0x000000963b300000) (1024K)]
  0x00000277e83ed7d0 JavaThread "Timer-132"                         [_thread_blocked, id=15312, stack(0x000000963b300000,0x000000963b400000) (1024K)]
  0x00000277e83ea9e0 JavaThread "Timer-133"                         [_thread_blocked, id=18520, stack(0x000000963b400000,0x000000963b500000) (1024K)]
  0x00000277e83ebd90 JavaThread "Timer-134"                         [_thread_blocked, id=2380, stack(0x000000963b500000,0x000000963b600000) (1024K)]
  0x00000277e82d8040 JavaThread "Timer-135"                         [_thread_blocked, id=20244, stack(0x000000963b600000,0x000000963b700000) (1024K)]
  0x00000277e82d8d60 JavaThread "Timer-136"                         [_thread_blocked, id=14676, stack(0x000000963b700000,0x000000963b800000) (1024K)]
  0x00000277e09c2de0 JavaThread "Timer-137"                         [_thread_blocked, id=17068, stack(0x000000963b800000,0x000000963b900000) (1024K)]
  0x00000277e7c38e10 JavaThread "Timer-138"                         [_thread_blocked, id=9724, stack(0x000000963b900000,0x000000963ba00000) (1024K)]
  0x00000277ea648d30 JavaThread "Timer-139"                         [_thread_blocked, id=12732, stack(0x000000963ba00000,0x000000963bb00000) (1024K)]
  0x00000277ea647980 JavaThread "Timer-140"                         [_thread_blocked, id=19660, stack(0x000000963bb00000,0x000000963bc00000) (1024K)]
  0x00000277ea6465d0 JavaThread "Timer-141"                         [_thread_blocked, id=1384, stack(0x000000963bc00000,0x000000963bd00000) (1024K)]
  0x00000277ea6486a0 JavaThread "Timer-142"                         [_thread_blocked, id=19880, stack(0x000000963bd00000,0x000000963be00000) (1024K)]
  0x00000277ea6493c0 JavaThread "Timer-143"                         [_thread_blocked, id=18216, stack(0x000000963be00000,0x000000963bf00000) (1024K)]
  0x00000277ea646c60 JavaThread "Timer-144"                         [_thread_blocked, id=18436, stack(0x000000963bf00000,0x000000963c000000) (1024K)]
  0x00000277ea649a50 JavaThread "Timer-145"                         [_thread_blocked, id=12528, stack(0x000000963c000000,0x000000963c100000) (1024K)]
  0x00000277ea64a0e0 JavaThread "Timer-146"                         [_thread_blocked, id=7984, stack(0x000000963c100000,0x000000963c200000) (1024K)]
  0x00000277ea648010 JavaThread "Timer-147"                         [_thread_blocked, id=19912, stack(0x000000963c200000,0x000000963c300000) (1024K)]
  0x00000277ea64a770 JavaThread "Timer-148"                         [_thread_blocked, id=19464, stack(0x000000963c300000,0x000000963c400000) (1024K)]
  0x00000277ea6472f0 JavaThread "Timer-149"                         [_thread_blocked, id=15556, stack(0x000000963c400000,0x000000963c500000) (1024K)]
  0x00000277ea64d560 JavaThread "Timer-150"                         [_thread_blocked, id=3772, stack(0x000000963c600000,0x000000963c700000) (1024K)]
  0x00000277ea64ced0 JavaThread "Exec process"                      [_thread_blocked, id=1492, stack(0x000000963c800000,0x000000963c900000) (1024K)]
  0x00000277ea64c840 JavaThread "Exec process Thread 2"             [_thread_blocked, id=15012, stack(0x000000963c900000,0x000000963ca00000) (1024K)]
  0x00000277ea64e280 JavaThread "Exec process Thread 3"             [_thread_blocked, id=20328, stack(0x000000963ca00000,0x000000963cb00000) (1024K)]
  0x00000277ea64dbf0 JavaThread "Timer-151"                         [_thread_blocked, id=11824, stack(0x000000963c500000,0x000000963c600000) (1024K)]
  0x00000277ea64ae00 JavaThread "Timer-152"                         [_thread_blocked, id=3872, stack(0x000000963c700000,0x000000963c800000) (1024K)]
  0x00000277ea64e910 JavaThread "Timer-153"                         [_thread_blocked, id=11660, stack(0x000000963cb00000,0x000000963cc00000) (1024K)]
  0x00000277ea64b490 JavaThread "Timer-154"                         [_thread_blocked, id=5616, stack(0x000000963cc00000,0x000000963cd00000) (1024K)]
  0x00000277ea64efa0 JavaThread "Timer-155"                         [_thread_blocked, id=16004, stack(0x000000963cd00000,0x000000963ce00000) (1024K)]
  0x00000277ea64c1b0 JavaThread "Timer-156"                         [_thread_blocked, id=19872, stack(0x000000963ce00000,0x000000963cf00000) (1024K)]
  0x00000277ea64bb20 JavaThread "Timer-157"                         [_thread_blocked, id=18508, stack(0x000000963cf00000,0x000000963d000000) (1024K)]
  0x00000277ea652ab0 JavaThread "Timer-158"                         [_thread_blocked, id=16996, stack(0x000000963d000000,0x000000963d100000) (1024K)]
  0x00000277ea64f630 JavaThread "Timer-159"                         [_thread_blocked, id=19204, stack(0x000000963d100000,0x000000963d200000) (1024K)]
  0x00000277ea651070 JavaThread "Timer-160"                         [_thread_blocked, id=16360, stack(0x000000963d200000,0x000000963d300000) (1024K)]
  0x00000277ea64fcc0 JavaThread "Timer-161"                         [_thread_blocked, id=18336, stack(0x000000963d300000,0x000000963d400000) (1024K)]
  0x00000277ea6509e0 JavaThread "Timer-162"                         [_thread_blocked, id=20088, stack(0x000000963d400000,0x000000963d500000) (1024K)]
  0x00000277ea651700 JavaThread "Timer-163"                         [_thread_blocked, id=4712, stack(0x000000963d500000,0x000000963d600000) (1024K)]
  0x00000277ea653140 JavaThread "Timer-164"                         [_thread_blocked, id=1616, stack(0x000000963d800000,0x000000963d900000) (1024K)]
  0x00000277ea651d90 JavaThread "Timer-165"                         [_thread_blocked, id=18700, stack(0x000000963d900000,0x000000963da00000) (1024K)]
  0x00000277ea652420 JavaThread "Timer-166"                         [_thread_blocked, id=18504, stack(0x000000963da00000,0x000000963db00000) (1024K)]
  0x00000277ea6537d0 JavaThread "Timer-167"                         [_thread_blocked, id=12904, stack(0x000000963db00000,0x000000963dc00000) (1024K)]
  0x00000277ea650350 JavaThread "Timer-168"                         [_thread_blocked, id=20356, stack(0x000000963dc00000,0x000000963dd00000) (1024K)]
  0x00000277ea653e60 JavaThread "Timer-169"                         [_thread_blocked, id=3080, stack(0x000000963dd00000,0x000000963de00000) (1024K)]
  0x00000277ea6544f0 JavaThread "Timer-170"                         [_thread_blocked, id=3756, stack(0x000000963df00000,0x000000963e000000) (1024K)]
  0x00000277ea654b80 JavaThread "Timer-171"                         [_thread_blocked, id=13216, stack(0x000000963de00000,0x000000963df00000) (1024K)]
  0x00000277ea655210 JavaThread "Timer-172"                         [_thread_blocked, id=14792, stack(0x000000963e000000,0x000000963e100000) (1024K)]
  0x00000277ea6558a0 JavaThread "Timer-173"                         [_thread_blocked, id=15076, stack(0x000000963e100000,0x000000963e200000) (1024K)]
  0x00000277eabb0f60 JavaThread "Timer-174"                         [_thread_blocked, id=9872, stack(0x000000963e200000,0x000000963e300000) (1024K)]
  0x00000277eabb1c80 JavaThread "Timer-175"                         [_thread_blocked, id=19516, stack(0x000000963e300000,0x000000963e400000) (1024K)]
  0x00000277eabb2310 JavaThread "Timer-176"                         [_thread_blocked, id=3656, stack(0x000000963e400000,0x000000963e500000) (1024K)]
  0x00000277eabb15f0 JavaThread "Timer-177"                         [_thread_blocked, id=11480, stack(0x000000963e500000,0x000000963e600000) (1024K)]
  0x00000277eabaf520 JavaThread "Timer-178"                         [_thread_blocked, id=7728, stack(0x000000963e600000,0x000000963e700000) (1024K)]
  0x00000277eabafbb0 JavaThread "Timer-179"                         [_thread_blocked, id=18596, stack(0x000000963e700000,0x000000963e800000) (1024K)]
  0x00000277eabb0240 JavaThread "Timer-180"                         [_thread_blocked, id=16824, stack(0x000000963e900000,0x000000963ea00000) (1024K)]
  0x00000277eabaee90 JavaThread "Timer-181"                         [_thread_blocked, id=12260, stack(0x000000963e800000,0x000000963e900000) (1024K)]
  0x00000277eabb36c0 JavaThread "Timer-182"                         [_thread_blocked, id=8116, stack(0x000000963ea00000,0x000000963eb00000) (1024K)]
  0x00000277eabb3d50 JavaThread "Timer-183"                         [_thread_blocked, id=19796, stack(0x000000963eb00000,0x000000963ec00000) (1024K)]
  0x00000277eabb3030 JavaThread "Timer-184"                         [_thread_blocked, id=18820, stack(0x000000963ec00000,0x000000963ed00000) (1024K)]
  0x00000277eabb29a0 JavaThread "Timer-185"                         [_thread_blocked, id=1096, stack(0x000000963ee00000,0x000000963ef00000) (1024K)]
  0x00000277eabb08d0 JavaThread "Timer-186"                         [_thread_blocked, id=3876, stack(0x000000963ed00000,0x000000963ee00000) (1024K)]
  0x00000277eabb43e0 JavaThread "Timer-187"                         [_thread_blocked, id=10376, stack(0x000000963ef00000,0x000000963f000000) (1024K)]
  0x00000277eabb4a70 JavaThread "Timer-188"                         [_thread_blocked, id=6068, stack(0x000000963f000000,0x000000963f100000) (1024K)]
  0x00000277eabb71d0 JavaThread "Timer-189"                         [_thread_blocked, id=19904, stack(0x000000963f100000,0x000000963f200000) (1024K)]
  0x00000277eabb5790 JavaThread "Timer-190"                         [_thread_blocked, id=19624, stack(0x000000963f300000,0x000000963f400000) (1024K)]
  0x00000277eabb64b0 JavaThread "Timer-191"                         [_thread_blocked, id=19804, stack(0x000000963f200000,0x000000963f300000) (1024K)]
  0x00000277eabb7860 JavaThread "Timer-192"                         [_thread_blocked, id=20376, stack(0x000000963f400000,0x000000963f500000) (1024K)]
  0x00000277eabb6b40 JavaThread "Timer-193"                         [_thread_blocked, id=20252, stack(0x000000963f500000,0x000000963f600000) (1024K)]
  0x00000277eabb7ef0 JavaThread "Timer-194"                         [_thread_blocked, id=20028, stack(0x000000963f600000,0x000000963f700000) (1024K)]
  0x00000277eabb8580 JavaThread "Timer-195"                         [_thread_blocked, id=6340, stack(0x000000963f700000,0x000000963f800000) (1024K)]
  0x00000277eabb5100 JavaThread "Timer-196"                         [_thread_blocked, id=8160, stack(0x000000963f800000,0x000000963f900000) (1024K)]
  0x00000277eabba650 JavaThread "Timer-197"                         [_thread_blocked, id=19016, stack(0x000000963f900000,0x000000963fa00000) (1024K)]
  0x00000277eabb9930 JavaThread "Timer-198"                         [_thread_blocked, id=19708, stack(0x000000963fa00000,0x000000963fb00000) (1024K)]
  0x00000277eabbba00 JavaThread "Timer-199"                         [_thread_blocked, id=12256, stack(0x000000963fb00000,0x000000963fc00000) (1024K)]
  0x00000277eabbc090 JavaThread "Timer-200"                         [_thread_blocked, id=5848, stack(0x000000963fd00000,0x000000963fe00000) (1024K)]
  0x00000277eabb8c10 JavaThread "Timer-201"                         [_thread_blocked, id=15916, stack(0x000000963fc00000,0x000000963fd00000) (1024K)]
  0x00000277eabb92a0 JavaThread "Timer-202"                         [_thread_blocked, id=1296, stack(0x000000963fe00000,0x000000963ff00000) (1024K)]
  0x00000277eabb9fc0 JavaThread "Timer-203"                         [_thread_blocked, id=6724, stack(0x000000963ff00000,0x0000009640000000) (1024K)]
  0x00000277eabbdad0 JavaThread "Timer-204"                         [_thread_blocked, id=16076, stack(0x0000009640000000,0x0000009640100000) (1024K)]
  0x00000277eabbc720 JavaThread "Timer-205"                         [_thread_blocked, id=10164, stack(0x0000009640100000,0x0000009640200000) (1024K)]
  0x00000277eabbd440 JavaThread "Exec process"                      [_thread_blocked, id=20036, stack(0x0000009640400000,0x0000009640500000) (1024K)]
  0x00000277eabbace0 JavaThread "Exec process Thread 2"             [_thread_blocked, id=13756, stack(0x0000009640500000,0x0000009640600000) (1024K)]
  0x00000277eabbb370 JavaThread "Exec process Thread 3"             [_thread_blocked, id=4444, stack(0x0000009640600000,0x0000009640700000) (1024K)]
  0x00000277eabbe160 JavaThread "Timer-206"                         [_thread_blocked, id=3128, stack(0x0000009640200000,0x0000009640300000) (1024K)]
  0x00000277eabbcdb0 JavaThread "Timer-207"                         [_thread_blocked, id=14848, stack(0x0000009640300000,0x0000009640400000) (1024K)]
  0x00000277ebc7e270 JavaThread "Timer-208"                         [_thread_blocked, id=20164, stack(0x0000009640700000,0x0000009640800000) (1024K)]
  0x00000277ebc7f620 JavaThread "Timer-209"                         [_thread_blocked, id=9376, stack(0x0000009640800000,0x0000009640900000) (1024K)]
  0x00000277ebc7fcb0 JavaThread "Timer-210"                         [_thread_blocked, id=19136, stack(0x0000009640a00000,0x0000009640b00000) (1024K)]
  0x00000277ebc7c830 JavaThread "Timer-211"                         [_thread_blocked, id=7524, stack(0x0000009640900000,0x0000009640a00000) (1024K)]
  0x00000277ebc7ef90 JavaThread "Timer-212"                         [_thread_blocked, id=19716, stack(0x0000009640b00000,0x0000009640c00000) (1024K)]
  0x00000277ebc7d550 JavaThread "Timer-213"                         [_thread_blocked, id=2896, stack(0x0000009640c00000,0x0000009640d00000) (1024K)]
  0x00000277ebc80340 JavaThread "Timer-214"                         [_thread_blocked, id=7208, stack(0x0000009640d00000,0x0000009640e00000) (1024K)]
  0x00000277ebc7e900 JavaThread "Timer-215"                         [_thread_blocked, id=5392, stack(0x0000009640f00000,0x0000009641000000) (1024K)]
  0x00000277ebc7dbe0 JavaThread "Timer-216"                         [_thread_blocked, id=11644, stack(0x0000009640e00000,0x0000009640f00000) (1024K)]
  0x00000277ebc7cec0 JavaThread "Timer-217"                         [_thread_blocked, id=880, stack(0x0000009641000000,0x0000009641100000) (1024K)]
  0x00000277ebc809d0 JavaThread "Timer-218"                         [_thread_blocked, id=19900, stack(0x0000009641100000,0x0000009641200000) (1024K)]
  0x00000277ebc81060 JavaThread "Timer-219"                         [_thread_blocked, id=16472, stack(0x0000009641200000,0x0000009641300000) (1024K)]
  0x00000277ebc816f0 JavaThread "Timer-220"                         [_thread_blocked, id=8120, stack(0x0000009641300000,0x0000009641400000) (1024K)]
  0x00000277ebc64500 JavaThread "Timer-221"                         [_thread_blocked, id=19284, stack(0x0000009641400000,0x0000009641500000) (1024K)]
  0x00000277ebc65220 JavaThread "Timer-222"                         [_thread_blocked, id=2632, stack(0x0000009641500000,0x0000009641600000) (1024K)]
  0x00000277ebc62ac0 JavaThread "Timer-223"                         [_thread_blocked, id=17760, stack(0x0000009641600000,0x0000009641700000) (1024K)]
  0x00000277ebc637e0 JavaThread "Timer-224"                         [_thread_blocked, id=15196, stack(0x0000009641800000,0x0000009641900000) (1024K)]
  0x00000277ebc665d0 JavaThread "Timer-225"                         [_thread_blocked, id=19332, stack(0x0000009641700000,0x0000009641800000) (1024K)]
  0x00000277ebc658b0 JavaThread "Timer-226"                         [_thread_blocked, id=18080, stack(0x0000009641900000,0x0000009641a00000) (1024K)]
  0x00000277ebc63150 JavaThread "Timer-227"                         [_thread_blocked, id=20000, stack(0x0000009641a00000,0x0000009641b00000) (1024K)]
  0x00000277ebc64b90 JavaThread "Timer-228"                         [_thread_blocked, id=12080, stack(0x0000009641b00000,0x0000009641c00000) (1024K)]
  0x00000277ebc63e70 JavaThread "Timer-229"                         [_thread_blocked, id=3748, stack(0x0000009641d00000,0x0000009641e00000) (1024K)]
  0x00000277ebc66c60 JavaThread "Timer-230"                         [_thread_blocked, id=20200, stack(0x0000009641c00000,0x0000009641d00000) (1024K)]
  0x00000277ebc68010 JavaThread "Timer-231"                         [_thread_blocked, id=18264, stack(0x0000009641e00000,0x0000009641f00000) (1024K)]
  0x00000277ebc672f0 JavaThread "Timer-232"                         [_thread_blocked, id=1748, stack(0x0000009641f00000,0x0000009642000000) (1024K)]
  0x00000277ebc67980 JavaThread "Timer-233"                         [_thread_blocked, id=18924, stack(0x0000009642000000,0x0000009642100000) (1024K)]
  0x00000277ebc686a0 JavaThread "Timer-234"                         [_thread_blocked, id=7572, stack(0x0000009642100000,0x0000009642200000) (1024K)]
  0x00000277ebc68d30 JavaThread "Timer-235"                         [_thread_blocked, id=17808, stack(0x0000009642200000,0x0000009642300000) (1024K)]
  0x00000277ebc693c0 JavaThread "Timer-236"                         [_thread_blocked, id=15772, stack(0x0000009642300000,0x0000009642400000) (1024K)]
  0x00000277ebc65f40 JavaThread "Timer-237"                         [_thread_blocked, id=11668, stack(0x0000009642400000,0x0000009642500000) (1024K)]
  0x00000277ebc6bb20 JavaThread "Timer-238"                         [_thread_blocked, id=5220, stack(0x0000009642500000,0x0000009642600000) (1024K)]
  0x00000277ebc6c1b0 JavaThread "Timer-239"                         [_thread_blocked, id=9792, stack(0x0000009642700000,0x0000009642800000) (1024K)]
  0x00000277ebc6ae00 JavaThread "Timer-240"                         [_thread_blocked, id=20848, stack(0x0000009642600000,0x0000009642700000) (1024K)]
  0x00000277ebc6b490 JavaThread "Timer-241"                         [_thread_blocked, id=20960, stack(0x0000009642800000,0x0000009642900000) (1024K)]
  0x00000277ebc6c840 JavaThread "Timer-242"                         [_thread_blocked, id=20980, stack(0x0000009642900000,0x0000009642a00000) (1024K)]
  0x00000277ebc6a0e0 JavaThread "Timer-243"                         [_thread_blocked, id=21000, stack(0x0000009642a00000,0x0000009642b00000) (1024K)]
  0x00000277ebc6ced0 JavaThread "Timer-244"                         [_thread_blocked, id=21028, stack(0x0000009642b00000,0x0000009642c00000) (1024K)]
  0x00000277ebc69a50 JavaThread "Timer-245"                         [_thread_blocked, id=20492, stack(0x0000009642c00000,0x0000009642d00000) (1024K)]
  0x00000277ebc6d560 JavaThread "Timer-246"                         [_thread_blocked, id=19712, stack(0x0000009642d00000,0x0000009642e00000) (1024K)]
  0x00000277ebc6dbf0 JavaThread "Timer-247"                         [_thread_blocked, id=6668, stack(0x0000009642e00000,0x0000009642f00000) (1024K)]
  0x00000277ebc6a770 JavaThread "Timer-248"                         [_thread_blocked, id=20624, stack(0x0000009642f00000,0x0000009643000000) (1024K)]
  0x00000277ebc709e0 JavaThread "Timer-249"                         [_thread_blocked, id=20644, stack(0x0000009643100000,0x0000009643200000) (1024K)]
  0x00000277ebc6e910 JavaThread "Timer-250"                         [_thread_blocked, id=20972, stack(0x0000009643000000,0x0000009643100000) (1024K)]
  0x00000277ebc71070 JavaThread "Timer-251"                         [_thread_blocked, id=21104, stack(0x0000009643200000,0x0000009643300000) (1024K)]
  0x00000277ebc6efa0 JavaThread "Timer-252"                         [_thread_blocked, id=21072, stack(0x0000009643300000,0x0000009643400000) (1024K)]
  0x00000277ebc6fcc0 JavaThread "Timer-253"                         [_thread_blocked, id=21084, stack(0x0000009643400000,0x0000009643500000) (1024K)]
  0x00000277ebc6f630 JavaThread "Timer-254"                         [_thread_blocked, id=18524, stack(0x0000009643600000,0x0000009643700000) (1024K)]
  0x00000277ebc70350 JavaThread "Timer-255"                         [_thread_blocked, id=11648, stack(0x0000009643500000,0x0000009643600000) (1024K)]
  0x00000277ebc6e280 JavaThread "Timer-256"                         [_thread_blocked, id=12752, stack(0x0000009643700000,0x0000009643800000) (1024K)]
  0x00000277ebc74b80 JavaThread "Timer-257"                         [_thread_blocked, id=20272, stack(0x0000009643900000,0x0000009643a00000) (1024K)]
  0x00000277ebc72ab0 JavaThread "Timer-258"                         [_thread_blocked, id=18676, stack(0x0000009643800000,0x0000009643900000) (1024K)]
  0x00000277ebc71d90 JavaThread "Timer-259"                         [_thread_blocked, id=10232, stack(0x0000009643b00000,0x0000009643c00000) (1024K)]
  0x00000277ebc737d0 JavaThread "Timer-260"                         [_thread_blocked, id=20828, stack(0x0000009643a00000,0x0000009643b00000) (1024K)]
  0x00000277ebc73e60 JavaThread "Timer-261"                         [_thread_blocked, id=20944, stack(0x0000009643c00000,0x0000009643d00000) (1024K)]
  0x00000277ebc71700 JavaThread "Timer-262"                         [_thread_blocked, id=20900, stack(0x0000009643d00000,0x0000009643e00000) (1024K)]
  0x00000277ebc75210 JavaThread "Timer-263"                         [_thread_blocked, id=20876, stack(0x0000009643e00000,0x0000009643f00000) (1024K)]
  0x00000277ebc758a0 JavaThread "Timer-264"                         [_thread_blocked, id=20952, stack(0x0000009644000000,0x0000009644100000) (1024K)]
  0x00000277ebc72420 JavaThread "Timer-265"                         [_thread_blocked, id=18684, stack(0x0000009643f00000,0x0000009644000000) (1024K)]
  0x00000277ebc75f30 JavaThread "Timer-266"                         [_thread_blocked, id=21256, stack(0x0000009644100000,0x0000009644200000) (1024K)]
  0x00000277ebc765c0 JavaThread "Timer-267"                         [_thread_blocked, id=21284, stack(0x0000009644200000,0x0000009644300000) (1024K)]
  0x00000277ebc73140 JavaThread "Timer-268"                         [_thread_blocked, id=21204, stack(0x0000009644300000,0x0000009644400000) (1024K)]
  0x00000277ebc76c50 JavaThread "Timer-269"                         [_thread_blocked, id=13788, stack(0x0000009644500000,0x0000009644600000) (1024K)]
  0x00000277ebc744f0 JavaThread "Timer-270"                         [_thread_blocked, id=21348, stack(0x0000009644400000,0x0000009644500000) (1024K)]
  0x00000277ebc78000 JavaThread "Timer-271"                         [_thread_blocked, id=21276, stack(0x0000009644600000,0x0000009644700000) (1024K)]
  0x00000277ebc7a0d0 JavaThread "Timer-272"                         [_thread_blocked, id=10896, stack(0x0000009644700000,0x0000009644800000) (1024K)]
  0x00000277ebc79a40 JavaThread "Timer-273"                         [_thread_blocked, id=20512, stack(0x0000009644800000,0x0000009644900000) (1024K)]
  0x00000277ebc7a760 JavaThread "Timer-274"                         [_thread_blocked, id=12952, stack(0x0000009644a00000,0x0000009644b00000) (1024K)]
  0x00000277ebc793b0 JavaThread "Timer-275"                         [_thread_blocked, id=20712, stack(0x0000009644900000,0x0000009644a00000) (1024K)]
  0x00000277ebc772e0 JavaThread "Timer-276"                         [_thread_blocked, id=18244, stack(0x0000009644b00000,0x0000009644c00000) (1024K)]
  0x00000277ebc78d20 JavaThread "Timer-277"                         [_thread_blocked, id=20872, stack(0x0000009644c00000,0x0000009644d00000) (1024K)]
  0x00000277ebc78690 JavaThread "Timer-278"                         [_thread_blocked, id=20692, stack(0x0000009644d00000,0x0000009644e00000) (1024K)]
  0x00000277ebc7adf0 JavaThread "Timer-279"                         [_thread_blocked, id=6128, stack(0x0000009644e00000,0x0000009644f00000) (1024K)]
  0x00000277ebc77970 JavaThread "Timer-280"                         [_thread_blocked, id=21444, stack(0x0000009644f00000,0x0000009645000000) (1024K)]
  0x00000277ebc7b480 JavaThread "Timer-281"                         [_thread_blocked, id=21432, stack(0x0000009645000000,0x0000009645100000) (1024K)]
  0x00000277ebc7bb10 JavaThread "Timer-282"                         [_thread_blocked, id=20556, stack(0x0000009645100000,0x0000009645200000) (1024K)]
  0x00000277ebc7c1a0 JavaThread "Timer-283"                         [_thread_blocked, id=21324, stack(0x0000009645300000,0x0000009645400000) (1024K)]
  0x00000277ebe15450 JavaThread "Timer-284"                         [_thread_blocked, id=20136, stack(0x0000009645500000,0x0000009645600000) (1024K)]
  0x00000277ebe15ae0 JavaThread "Timer-285"                         [_thread_blocked, id=15528, stack(0x0000009645200000,0x0000009645300000) (1024K)]
  0x00000277ebe16170 JavaThread "Timer-286"                         [_thread_blocked, id=21144, stack(0x0000009645400000,0x0000009645500000) (1024K)]
  0x00000277ebe17520 JavaThread "Timer-287"                         [_thread_blocked, id=21428, stack(0x0000009645600000,0x0000009645700000) (1024K)]
  0x00000277ebe16800 JavaThread "Timer-288"                         [_thread_blocked, id=21032, stack(0x0000009645700000,0x0000009645800000) (1024K)]
  0x00000277ebe14dc0 JavaThread "Timer-289"                         [_thread_blocked, id=20740, stack(0x0000009645900000,0x0000009645a00000) (1024K)]
  0x00000277ebe19c80 JavaThread "Timer-290"                         [_thread_blocked, id=20660, stack(0x0000009645800000,0x0000009645900000) (1024K)]
  0x00000277ebe17bb0 JavaThread "Timer-291"                         [_thread_blocked, id=20552, stack(0x0000009645a00000,0x0000009645b00000) (1024K)]
  0x00000277ebe188d0 JavaThread "Timer-292"                         [_thread_blocked, id=13736, stack(0x0000009645b00000,0x0000009645c00000) (1024K)]
  0x00000277ebe16e90 JavaThread "Timer-293"                         [_thread_blocked, id=19824, stack(0x0000009645c00000,0x0000009645d00000) (1024K)]
  0x00000277ebe1b030 JavaThread "Timer-294"                         [_thread_blocked, id=2336, stack(0x0000009645e00000,0x0000009645f00000) (1024K)]
  0x00000277ebe1b6c0 JavaThread "Timer-295"                         [_thread_blocked, id=21364, stack(0x0000009645d00000,0x0000009645e00000) (1024K)]
  0x00000277ebe195f0 JavaThread "Timer-296"                         [_thread_blocked, id=21228, stack(0x0000009645f00000,0x0000009646000000) (1024K)]
  0x00000277ebe1a310 JavaThread "Timer-297"                         [_thread_blocked, id=20632, stack(0x0000009646000000,0x0000009646100000) (1024K)]
  0x00000277ebe18240 JavaThread "LocalFile Deleter"          daemon [_thread_blocked, id=2788, stack(0x0000009646100000,0x0000009646200000) (1024K)]
  0x00000277ebe1c3e0 JavaThread "LocalFile Deleter"          daemon [_thread_blocked, id=21172, stack(0x0000009646200000,0x0000009646300000) (1024K)]
  0x00000277ebe1a9a0 JavaThread "LocalFile Deleter"          daemon [_thread_blocked, id=21044, stack(0x0000009646300000,0x0000009646400000) (1024K)]
  0x00000277ebe1bd50 JavaThread "LocalFile Deleter"          daemon [_thread_blocked, id=21296, stack(0x0000009646400000,0x0000009646500000) (1024K)]
  0x00000277ebe18f60 JavaThread "Timer-298"                         [_thread_blocked, id=20940, stack(0x0000009646500000,0x0000009646600000) (1024K)]
  0x00000277ebe1de20 JavaThread "Timer-299"                         [_thread_blocked, id=21076, stack(0x0000009646600000,0x0000009646700000) (1024K)]
  0x00000277ebe1e4b0 JavaThread "Timer-300"                         [_thread_blocked, id=5720, stack(0x0000009646700000,0x0000009646800000) (1024K)]
  0x00000277ebe1eb40 JavaThread "Timer-301"                         [_thread_blocked, id=20916, stack(0x0000009646900000,0x0000009646a00000) (1024K)]
  0x00000277ebe1f1d0 JavaThread "Timer-302"                         [_thread_blocked, id=21320, stack(0x0000009639f00000,0x000000963a000000) (1024K)]
  0x00000277ebe1f860 JavaThread "Timer-303"                         [_thread_blocked, id=20688, stack(0x0000009646a00000,0x0000009646b00000) (1024K)]
  0x00000277ebe1fef0 JavaThread "Timer-304"                         [_thread_blocked, id=20380, stack(0x0000009646800000,0x0000009646900000) (1024K)]
=>0x00000277e7b9ab30 JavaThread "C2 CompilerThread1"         daemon [_thread_in_native, id=12312, stack(0x0000009646e00000,0x0000009646f00000) (1024K)]
  0x00000277ebe1d790 JavaThread "Timer-305"                         [_thread_blocked, id=21124, stack(0x0000009646c00000,0x0000009646d00000) (1024K)]
  0x00000277ebe24720 JavaThread "Connection worker"                 [_thread_in_Java, id=20500, stack(0x0000009647000000,0x0000009647100000) (1024K)]
Total: 393

Other Threads:
  0x000002778760fb50 VMThread "VM Thread"                           [id=18824, stack(0x000000962db00000,0x000000962dc00000) (1024K)]
  0x00000277873fca00 WatcherThread "VM Periodic Task Thread"        [id=9364, stack(0x000000962da00000,0x000000962db00000) (1024K)]
  0x000002778758bb30 WorkerThread "GC Thread#0"                     [id=9752, stack(0x000000962d900000,0x000000962da00000) (1024K)]
  0x00000277e56c5f80 WorkerThread "GC Thread#1"                     [id=6952, stack(0x000000962e700000,0x000000962e800000) (1024K)]
  0x00000277e56c6330 WorkerThread "GC Thread#2"                     [id=4752, stack(0x000000962e800000,0x000000962e900000) (1024K)]
  0x00000277e5384a90 WorkerThread "GC Thread#3"                     [id=11016, stack(0x000000962e900000,0x000000962ea00000) (1024K)]
  0x00000277e5384e40 WorkerThread "GC Thread#4"                     [id=680, stack(0x000000962ea00000,0x000000962eb00000) (1024K)]
  0x00000277e5369a70 WorkerThread "GC Thread#5"                     [id=2620, stack(0x000000962eb00000,0x000000962ec00000) (1024K)]
  0x00000277e5369e20 WorkerThread "GC Thread#6"                     [id=11380, stack(0x000000962ec00000,0x000000962ed00000) (1024K)]
  0x00000277e58936f0 WorkerThread "GC Thread#7"                     [id=14908, stack(0x000000962ee00000,0x000000962ef00000) (1024K)]
Total: 10

Threads with active compile tasks:
C2 CompilerThread0  131304 11968       4       java.lang.Throwable::printEnclosedStackTrace (350 bytes)
C2 CompilerThread1  131304 11984       4       java.util.regex.Pattern::compile (537 bytes)
Total: 2

VM state: not at safepoint (normal execution)

VM Mutex/Monitor currently owned by a thread: None

Heap address: 0x0000000080000000, size: 2048 MB, Compressed Oops mode: 32-bit

CDS archive(s) mapped at: [0x000002779e000000-0x000002779eba0000-0x000002779eba0000), size 12189696, SharedBaseAddress: 0x000002779e000000, ArchiveRelocationMode: 1.
Compressed class space mapped at: 0x000002779f000000-0x00000277df000000, reserved size: 1073741824
Narrow klass base: 0x000002779e000000, Narrow klass shift: 0, Narrow klass range: 0x100000000

GC Precious Log:
 CardTable entry size: 512
 CPUs: 8 total, 8 available
 Memory: 7865M
 Large Page Support: Disabled
 NUMA Support: Disabled
 Compressed Oops: Enabled (32-bit)
 Alignments: Space 512K, Generation 512K, Heap 2M
 Heap Min Capacity: 100M
 Heap Initial Capacity: 100M
 Heap Max Capacity: 2G
 Pre-touch: Disabled
 Parallel Workers: 8

Heap:
 PSYoungGen      total 19968K, used 9690K [0x00000000d5580000, 0x00000000d6b80000, 0x0000000100000000)
  eden space 19456K, 47% used [0x00000000d5580000,0x00000000d5e76808,0x00000000d6880000)
  from space 512K, 100% used [0x00000000d6a00000,0x00000000d6a80000,0x00000000d6a80000)
  to   space 1536K, 0% used [0x00000000d6880000,0x00000000d6880000,0x00000000d6a00000)
 ParOldGen       total 81920K, used 81547K [0x0000000080000000, 0x0000000085000000, 0x00000000d5580000)
  object space 81920K, 99% used [0x0000000080000000,0x0000000084fa2c68,0x0000000085000000)
 Metaspace       used 87466K, committed 89088K, reserved 1179648K
  class space    used 11376K, committed 12096K, reserved 1048576K

Card table byte_map: [0x0000027786f10000,0x0000027787320000] _byte_map_base: 0x0000027786b10000

Marking Bits: (ParMarkBitMap*) 0x00007ffda45744a0
 Begin Bits: [0x0000027799a20000, 0x000002779ba20000)
 End Bits:   [0x000002779ba20000, 0x000002779da20000)

Polling page: 0x00000277853d0000

Metaspace:

Usage:
  Non-class:     74.31 MB used.
      Class:     11.11 MB used.
       Both:     85.42 MB used.

Virtual space:
  Non-class space:      128.00 MB reserved,      75.19 MB ( 59%) committed,  2 nodes.
      Class space:        1.00 GB reserved,      11.81 MB (  1%) committed,  1 nodes.
             Both:        1.12 GB reserved,      87.00 MB (  8%) committed. 

Chunk freelists:
   Non-Class:  4.44 MB
       Class:  4.22 MB
        Both:  8.66 MB

MaxMetaspaceSize: unlimited
CompressedClassSpaceSize: 1.00 GB
Initial GC threshold: 21.00 MB
Current GC threshold: 97.31 MB
CDS: on
 - commit_granule_bytes: 65536.
 - commit_granule_words: 8192.
 - virtual_space_node_default_size: 8388608.
 - enlarge_chunks_in_place: 1.
 - use_allocation_guard: 0.


Internal statistics:

num_allocs_failed_limit: 9.
num_arena_births: 1640.
num_arena_deaths: 36.
num_vsnodes_births: 3.
num_vsnodes_deaths: 0.
num_space_committed: 1392.
num_space_uncommitted: 0.
num_chunks_returned_to_freelist: 49.
num_chunks_taken_from_freelist: 5472.
num_chunk_merges: 15.
num_chunk_splits: 3478.
num_chunks_enlarged: 2112.
num_inconsistent_stats: 0.

CodeHeap 'non-profiled nmethods': size=120000Kb used=8232Kb max_used=8232Kb free=111767Kb
 bounds [0x0000027792240000, 0x0000027792a50000, 0x0000027799770000]
CodeHeap 'profiled nmethods': size=120000Kb used=23240Kb max_used=23240Kb free=96760Kb
 bounds [0x000002778a770000, 0x000002778be30000, 0x0000027791ca0000]
CodeHeap 'non-nmethods': size=5760Kb used=1439Kb max_used=1486Kb free=4320Kb
 bounds [0x0000027791ca0000, 0x0000027791f10000, 0x0000027792240000]
CodeCache: size=245760Kb, used=32911Kb, max_used=32958Kb, free=212847Kb
 total_blobs=11973, nmethods=11226, adapters=653, full_count=0
Compilation: enabled, stopped_count=0, restarted_count=0

Compilation events (20 events):
Event: 131.119 Thread 0x00000277e08d2600 11981       3       java.nio.HeapCharBuffer::get (15 bytes)
Event: 131.119 Thread 0x00000277e08d2600 nmethod 11981 0x000002778be1c790 code [0x000002778be1c940, 0x000002778be1cba0]
Event: 131.120 Thread 0x00000277e7b9ab30 nmethod 11970 0x0000027792a49390 code [0x0000027792a49520, 0x0000027792a495c0]
Event: 131.120 Thread 0x00000277e7b9ab30 11971       4       org.eclipse.core.internal.localstore.UnifiedTree::isLevelMarker (11 bytes)
Event: 131.120 Thread 0x00000277e7b9ab30 nmethod 11971 0x0000027792a49690 code [0x0000027792a49820, 0x0000027792a498c0]
Event: 131.120 Thread 0x00000277e7b9ab30 11969       4       java.util.AbstractList$SubList$1::hasNext (20 bytes)
Event: 131.121 Thread 0x00000277e7b9ab30 nmethod 11969 0x0000027792a49990 code [0x0000027792a49b20, 0x0000027792a49c18]
Event: 131.121 Thread 0x00000277e7b9ab30 11975       4       java.nio.HeapCharBuffer::ix (7 bytes)
Event: 131.122 Thread 0x00000277e7b9ab30 nmethod 11975 0x0000027792a49d10 code [0x0000027792a49ea0, 0x0000027792a49f30]
Event: 131.153 Thread 0x00000277e08d2600 11982       3       java.lang.String::codePointAt (50 bytes)
Event: 131.154 Thread 0x00000277e08d2600 nmethod 11982 0x000002778be1cd10 code [0x000002778be1cf00, 0x000002778be1d358]
Event: 131.155 Thread 0x00000277e7b9ab30 11984       4       java.util.regex.Pattern::compile (537 bytes)
Event: 131.168 Thread 0x00000277e08d2600 11994       3       org.gradle.tooling.internal.consumer.DefaultModelBuilder::addProgressListener (9 bytes)
Event: 131.168 Thread 0x00000277e08d2600 nmethod 11994 0x000002778be1d590 code [0x000002778be1d760, 0x000002778be1dac8]
Event: 131.172 Thread 0x00000277e08d2600 11995       3       java.util.regex.Pattern$CharPropertyGreedy::match (160 bytes)
Event: 131.173 Thread 0x00000277e08d2600 nmethod 11995 0x000002778be1dc90 code [0x000002778be1dee0, 0x000002778be1e860]
Event: 131.181 Thread 0x00000277e08d2600 11996       3       jdk.internal.vm.SharedThreadContainer::create (8 bytes)
Event: 131.181 Thread 0x00000277e08d2600 nmethod 11996 0x000002778be1eb90 code [0x000002778be1ed40, 0x000002778be1eec0]
Event: 131.181 Thread 0x00000277e08d2600 11997       3       jdk.internal.vm.ThreadContainers::root (4 bytes)
Event: 131.181 Thread 0x00000277e08d2600 nmethod 11997 0x000002778be1ef90 code [0x000002778be1f120, 0x000002778be1f218]

GC Heap History (20 events):
Event: 128.704 GC heap before
{Heap before GC invocations=108 (full 3):
 PSYoungGen      total 19968K, used 19712K [0x00000000d5580000, 0x00000000d6a80000, 0x0000000100000000)
  eden space 19456K, 100% used [0x00000000d5580000,0x00000000d6880000,0x00000000d6880000)
  from space 512K, 50% used [0x00000000d6a00000,0x00000000d6a40000,0x00000000d6a80000)
  to   space 512K, 0% used [0x00000000d6980000,0x00000000d6980000,0x00000000d6a00000)
 ParOldGen       total 80896K, used 80827K [0x0000000080000000, 0x0000000084f00000, 0x00000000d5580000)
  object space 80896K, 99% used [0x0000000080000000,0x0000000084eeec48,0x0000000084f00000)
 Metaspace       used 86537K, committed 88192K, reserved 1179648K
  class space    used 11275K, committed 11968K, reserved 1048576K
}
Event: 128.705 GC heap after
{Heap after GC invocations=108 (full 3):
 PSYoungGen      total 19968K, used 192K [0x00000000d5580000, 0x00000000d6a80000, 0x0000000100000000)
  eden space 19456K, 0% used [0x00000000d5580000,0x00000000d5580000,0x00000000d6880000)
  from space 512K, 37% used [0x00000000d6980000,0x00000000d69b0000,0x00000000d6a00000)
  to   space 512K, 0% used [0x00000000d6a00000,0x00000000d6a00000,0x00000000d6a80000)
 ParOldGen       total 80896K, used 80891K [0x0000000080000000, 0x0000000084f00000, 0x00000000d5580000)
  object space 80896K, 99% used [0x0000000080000000,0x0000000084efec48,0x0000000084f00000)
 Metaspace       used 86537K, committed 88192K, reserved 1179648K
  class space    used 11275K, committed 11968K, reserved 1048576K
}
Event: 128.780 GC heap before
{Heap before GC invocations=109 (full 3):
 PSYoungGen      total 19968K, used 19648K [0x00000000d5580000, 0x00000000d6a80000, 0x0000000100000000)
  eden space 19456K, 100% used [0x00000000d5580000,0x00000000d6880000,0x00000000d6880000)
  from space 512K, 37% used [0x00000000d6980000,0x00000000d69b0000,0x00000000d6a00000)
  to   space 512K, 0% used [0x00000000d6a00000,0x00000000d6a00000,0x00000000d6a80000)
 ParOldGen       total 80896K, used 80891K [0x0000000080000000, 0x0000000084f00000, 0x00000000d5580000)
  object space 80896K, 99% used [0x0000000080000000,0x0000000084efec48,0x0000000084f00000)
 Metaspace       used 86537K, committed 88192K, reserved 1179648K
  class space    used 11275K, committed 11968K, reserved 1048576K
}
Event: 128.781 GC heap after
{Heap after GC invocations=109 (full 3):
 PSYoungGen      total 19968K, used 128K [0x00000000d5580000, 0x00000000d6a80000, 0x0000000100000000)
  eden space 19456K, 0% used [0x00000000d5580000,0x00000000d5580000,0x00000000d6880000)
  from space 512K, 25% used [0x00000000d6a00000,0x00000000d6a20000,0x00000000d6a80000)
  to   space 512K, 0% used [0x00000000d6980000,0x00000000d6980000,0x00000000d6a00000)
 ParOldGen       total 81408K, used 80923K [0x0000000080000000, 0x0000000084f80000, 0x00000000d5580000)
  object space 81408K, 99% used [0x0000000080000000,0x0000000084f06c48,0x0000000084f80000)
 Metaspace       used 86537K, committed 88192K, reserved 1179648K
  class space    used 11275K, committed 11968K, reserved 1048576K
}
Event: 128.844 GC heap before
{Heap before GC invocations=110 (full 3):
 PSYoungGen      total 19968K, used 19584K [0x00000000d5580000, 0x00000000d6a80000, 0x0000000100000000)
  eden space 19456K, 100% used [0x00000000d5580000,0x00000000d6880000,0x00000000d6880000)
  from space 512K, 25% used [0x00000000d6a00000,0x00000000d6a20000,0x00000000d6a80000)
  to   space 512K, 0% used [0x00000000d6980000,0x00000000d6980000,0x00000000d6a00000)
 ParOldGen       total 81408K, used 80923K [0x0000000080000000, 0x0000000084f80000, 0x00000000d5580000)
  object space 81408K, 99% used [0x0000000080000000,0x0000000084f06c48,0x0000000084f80000)
 Metaspace       used 86537K, committed 88192K, reserved 1179648K
  class space    used 11275K, committed 11968K, reserved 1048576K
}
Event: 128.845 GC heap after
{Heap after GC invocations=110 (full 3):
 PSYoungGen      total 19968K, used 96K [0x00000000d5580000, 0x00000000d6a80000, 0x0000000100000000)
  eden space 19456K, 0% used [0x00000000d5580000,0x00000000d5580000,0x00000000d6880000)
  from space 512K, 18% used [0x00000000d6980000,0x00000000d6998000,0x00000000d6a00000)
  to   space 512K, 0% used [0x00000000d6a00000,0x00000000d6a00000,0x00000000d6a80000)
 ParOldGen       total 81408K, used 80971K [0x0000000080000000, 0x0000000084f80000, 0x00000000d5580000)
  object space 81408K, 99% used [0x0000000080000000,0x0000000084f12c48,0x0000000084f80000)
 Metaspace       used 86537K, committed 88192K, reserved 1179648K
  class space    used 11275K, committed 11968K, reserved 1048576K
}
Event: 128.920 GC heap before
{Heap before GC invocations=111 (full 3):
 PSYoungGen      total 19968K, used 19552K [0x00000000d5580000, 0x00000000d6a80000, 0x0000000100000000)
  eden space 19456K, 100% used [0x00000000d5580000,0x00000000d6880000,0x00000000d6880000)
  from space 512K, 18% used [0x00000000d6980000,0x00000000d6998000,0x00000000d6a00000)
  to   space 512K, 0% used [0x00000000d6a00000,0x00000000d6a00000,0x00000000d6a80000)
 ParOldGen       total 81408K, used 80971K [0x0000000080000000, 0x0000000084f80000, 0x00000000d5580000)
  object space 81408K, 99% used [0x0000000080000000,0x0000000084f12c48,0x0000000084f80000)
 Metaspace       used 86537K, committed 88192K, reserved 1179648K
  class space    used 11275K, committed 11968K, reserved 1048576K
}
Event: 128.921 GC heap after
{Heap after GC invocations=111 (full 3):
 PSYoungGen      total 19968K, used 128K [0x00000000d5580000, 0x00000000d6a80000, 0x0000000100000000)
  eden space 19456K, 0% used [0x00000000d5580000,0x00000000d5580000,0x00000000d6880000)
  from space 512K, 25% used [0x00000000d6a00000,0x00000000d6a20000,0x00000000d6a80000)
  to   space 512K, 0% used [0x00000000d6980000,0x00000000d6980000,0x00000000d6a00000)
 ParOldGen       total 81408K, used 80971K [0x0000000080000000, 0x0000000084f80000, 0x00000000d5580000)
  object space 81408K, 99% used [0x0000000080000000,0x0000000084f12c48,0x0000000084f80000)
 Metaspace       used 86537K, committed 88192K, reserved 1179648K
  class space    used 11275K, committed 11968K, reserved 1048576K
}
Event: 129.029 GC heap before
{Heap before GC invocations=112 (full 3):
 PSYoungGen      total 19968K, used 19584K [0x00000000d5580000, 0x00000000d6a80000, 0x0000000100000000)
  eden space 19456K, 100% used [0x00000000d5580000,0x00000000d6880000,0x00000000d6880000)
  from space 512K, 25% used [0x00000000d6a00000,0x00000000d6a20000,0x00000000d6a80000)
  to   space 512K, 0% used [0x00000000d6980000,0x00000000d6980000,0x00000000d6a00000)
 ParOldGen       total 81408K, used 80971K [0x0000000080000000, 0x0000000084f80000, 0x00000000d5580000)
  object space 81408K, 99% used [0x0000000080000000,0x0000000084f12c48,0x0000000084f80000)
 Metaspace       used 86538K, committed 88192K, reserved 1179648K
  class space    used 11275K, committed 11968K, reserved 1048576K
}
Event: 129.030 GC heap after
{Heap after GC invocations=112 (full 3):
 PSYoungGen      total 19968K, used 96K [0x00000000d5580000, 0x00000000d6a80000, 0x0000000100000000)
  eden space 19456K, 0% used [0x00000000d5580000,0x00000000d5580000,0x00000000d6880000)
  from space 512K, 18% used [0x00000000d6980000,0x00000000d6998000,0x00000000d6a00000)
  to   space 512K, 0% used [0x00000000d6a00000,0x00000000d6a00000,0x00000000d6a80000)
 ParOldGen       total 81408K, used 80979K [0x0000000080000000, 0x0000000084f80000, 0x00000000d5580000)
  object space 81408K, 99% used [0x0000000080000000,0x0000000084f14c48,0x0000000084f80000)
 Metaspace       used 86538K, committed 88192K, reserved 1179648K
  class space    used 11275K, committed 11968K, reserved 1048576K
}
Event: 129.097 GC heap before
{Heap before GC invocations=113 (full 3):
 PSYoungGen      total 19968K, used 19552K [0x00000000d5580000, 0x00000000d6a80000, 0x0000000100000000)
  eden space 19456K, 100% used [0x00000000d5580000,0x00000000d6880000,0x00000000d6880000)
  from space 512K, 18% used [0x00000000d6980000,0x00000000d6998000,0x00000000d6a00000)
  to   space 512K, 0% used [0x00000000d6a00000,0x00000000d6a00000,0x00000000d6a80000)
 ParOldGen       total 81408K, used 80979K [0x0000000080000000, 0x0000000084f80000, 0x00000000d5580000)
  object space 81408K, 99% used [0x0000000080000000,0x0000000084f14c48,0x0000000084f80000)
 Metaspace       used 86538K, committed 88192K, reserved 1179648K
  class space    used 11275K, committed 11968K, reserved 1048576K
}
Event: 129.097 GC heap after
{Heap after GC invocations=113 (full 3):
 PSYoungGen      total 19968K, used 192K [0x00000000d5580000, 0x00000000d6a80000, 0x0000000100000000)
  eden space 19456K, 0% used [0x00000000d5580000,0x00000000d5580000,0x00000000d6880000)
  from space 512K, 37% used [0x00000000d6a00000,0x00000000d6a30000,0x00000000d6a80000)
  to   space 512K, 0% used [0x00000000d6980000,0x00000000d6980000,0x00000000d6a00000)
 ParOldGen       total 81408K, used 81003K [0x0000000080000000, 0x0000000084f80000, 0x00000000d5580000)
  object space 81408K, 99% used [0x0000000080000000,0x0000000084f1ac48,0x0000000084f80000)
 Metaspace       used 86538K, committed 88192K, reserved 1179648K
  class space    used 11275K, committed 11968K, reserved 1048576K
}
Event: 129.179 GC heap before
{Heap before GC invocations=114 (full 3):
 PSYoungGen      total 19968K, used 19648K [0x00000000d5580000, 0x00000000d6a80000, 0x0000000100000000)
  eden space 19456K, 100% used [0x00000000d5580000,0x00000000d6880000,0x00000000d6880000)
  from space 512K, 37% used [0x00000000d6a00000,0x00000000d6a30000,0x00000000d6a80000)
  to   space 512K, 0% used [0x00000000d6980000,0x00000000d6980000,0x00000000d6a00000)
 ParOldGen       total 81408K, used 81003K [0x0000000080000000, 0x0000000084f80000, 0x00000000d5580000)
  object space 81408K, 99% used [0x0000000080000000,0x0000000084f1ac48,0x0000000084f80000)
 Metaspace       used 86538K, committed 88192K, reserved 1179648K
  class space    used 11275K, committed 11968K, reserved 1048576K
}
Event: 129.180 GC heap after
{Heap after GC invocations=114 (full 3):
 PSYoungGen      total 19968K, used 128K [0x00000000d5580000, 0x00000000d6a80000, 0x0000000100000000)
  eden space 19456K, 0% used [0x00000000d5580000,0x00000000d5580000,0x00000000d6880000)
  from space 512K, 25% used [0x00000000d6980000,0x00000000d69a0000,0x00000000d6a00000)
  to   space 512K, 0% used [0x00000000d6a00000,0x00000000d6a00000,0x00000000d6a80000)
 ParOldGen       total 81408K, used 81035K [0x0000000080000000, 0x0000000084f80000, 0x00000000d5580000)
  object space 81408K, 99% used [0x0000000080000000,0x0000000084f22c48,0x0000000084f80000)
 Metaspace       used 86538K, committed 88192K, reserved 1179648K
  class space    used 11275K, committed 11968K, reserved 1048576K
}
Event: 129.269 GC heap before
{Heap before GC invocations=115 (full 3):
 PSYoungGen      total 19968K, used 19584K [0x00000000d5580000, 0x00000000d6a80000, 0x0000000100000000)
  eden space 19456K, 100% used [0x00000000d5580000,0x00000000d6880000,0x00000000d6880000)
  from space 512K, 25% used [0x00000000d6980000,0x00000000d69a0000,0x00000000d6a00000)
  to   space 512K, 0% used [0x00000000d6a00000,0x00000000d6a00000,0x00000000d6a80000)
 ParOldGen       total 81408K, used 81035K [0x0000000080000000, 0x0000000084f80000, 0x00000000d5580000)
  object space 81408K, 99% used [0x0000000080000000,0x0000000084f22c48,0x0000000084f80000)
 Metaspace       used 86538K, committed 88192K, reserved 1179648K
  class space    used 11275K, committed 11968K, reserved 1048576K
}
Event: 129.270 GC heap after
{Heap after GC invocations=115 (full 3):
 PSYoungGen      total 19968K, used 160K [0x00000000d5580000, 0x00000000d6a80000, 0x0000000100000000)
  eden space 19456K, 0% used [0x00000000d5580000,0x00000000d5580000,0x00000000d6880000)
  from space 512K, 31% used [0x00000000d6a00000,0x00000000d6a28000,0x00000000d6a80000)
  to   space 512K, 0% used [0x00000000d6980000,0x00000000d6980000,0x00000000d6a00000)
 ParOldGen       total 81408K, used 81059K [0x0000000080000000, 0x0000000084f80000, 0x00000000d5580000)
  object space 81408K, 99% used [0x0000000080000000,0x0000000084f28c48,0x0000000084f80000)
 Metaspace       used 86538K, committed 88192K, reserved 1179648K
  class space    used 11275K, committed 11968K, reserved 1048576K
}
Event: 129.428 GC heap before
{Heap before GC invocations=116 (full 3):
 PSYoungGen      total 19968K, used 19616K [0x00000000d5580000, 0x00000000d6a80000, 0x0000000100000000)
  eden space 19456K, 100% used [0x00000000d5580000,0x00000000d6880000,0x00000000d6880000)
  from space 512K, 31% used [0x00000000d6a00000,0x00000000d6a28000,0x00000000d6a80000)
  to   space 512K, 0% used [0x00000000d6980000,0x00000000d6980000,0x00000000d6a00000)
 ParOldGen       total 81408K, used 81059K [0x0000000080000000, 0x0000000084f80000, 0x00000000d5580000)
  object space 81408K, 99% used [0x0000000080000000,0x0000000084f28c48,0x0000000084f80000)
 Metaspace       used 86551K, committed 88192K, reserved 1179648K
  class space    used 11278K, committed 11968K, reserved 1048576K
}
Event: 129.429 GC heap after
{Heap after GC invocations=116 (full 3):
 PSYoungGen      total 19968K, used 256K [0x00000000d5580000, 0x00000000d6a80000, 0x0000000100000000)
  eden space 19456K, 0% used [0x00000000d5580000,0x00000000d5580000,0x00000000d6880000)
  from space 512K, 50% used [0x00000000d6980000,0x00000000d69c0000,0x00000000d6a00000)
  to   space 512K, 0% used [0x00000000d6a00000,0x00000000d6a00000,0x00000000d6a80000)
 ParOldGen       total 81408K, used 81059K [0x0000000080000000, 0x0000000084f80000, 0x00000000d5580000)
  object space 81408K, 99% used [0x0000000080000000,0x0000000084f28c48,0x0000000084f80000)
 Metaspace       used 86551K, committed 88192K, reserved 1179648K
  class space    used 11278K, committed 11968K, reserved 1048576K
}
Event: 130.264 GC heap before
{Heap before GC invocations=117 (full 3):
 PSYoungGen      total 19968K, used 19712K [0x00000000d5580000, 0x00000000d6a80000, 0x0000000100000000)
  eden space 19456K, 100% used [0x00000000d5580000,0x00000000d6880000,0x00000000d6880000)
  from space 512K, 50% used [0x00000000d6980000,0x00000000d69c0000,0x00000000d6a00000)
  to   space 512K, 0% used [0x00000000d6a00000,0x00000000d6a00000,0x00000000d6a80000)
 ParOldGen       total 81408K, used 81059K [0x0000000080000000, 0x0000000084f80000, 0x00000000d5580000)
  object space 81408K, 99% used [0x0000000080000000,0x0000000084f28c48,0x0000000084f80000)
 Metaspace       used 87280K, committed 88960K, reserved 1179648K
  class space    used 11357K, committed 12096K, reserved 1048576K
}
Event: 130.267 GC heap after
{Heap after GC invocations=117 (full 3):
 PSYoungGen      total 19968K, used 512K [0x00000000d5580000, 0x00000000d6b80000, 0x0000000100000000)
  eden space 19456K, 0% used [0x00000000d5580000,0x00000000d5580000,0x00000000d6880000)
  from space 512K, 100% used [0x00000000d6a00000,0x00000000d6a80000,0x00000000d6a80000)
  to   space 1536K, 0% used [0x00000000d6880000,0x00000000d6880000,0x00000000d6a00000)
 ParOldGen       total 81920K, used 81547K [0x0000000080000000, 0x0000000085000000, 0x00000000d5580000)
  object space 81920K, 99% used [0x0000000080000000,0x0000000084fa2c68,0x0000000085000000)
 Metaspace       used 87280K, committed 88960K, reserved 1179648K
  class space    used 11357K, committed 12096K, reserved 1048576K
}

Dll operation events (20 events):
Event: 0.444 Attempting to load shared library c:\Users\ACER\.vscode\extensions\redhat.java-1.56.0-win32-x64\jre\21.0.12.1-win32-x86_64\bin\verify.dll
Event: 0.445 Loaded shared library c:\Users\ACER\.vscode\extensions\redhat.java-1.56.0-win32-x64\jre\21.0.12.1-win32-x86_64\bin\verify.dll
Event: 2.191 Attempting to load shared library C:\Users\ACER\AppData\Roaming\Code\User\globalStorage\redhat.java\1.56.0\config_win\org.eclipse.equinox.launcher\org.eclipse.equinox.launcher.win32.win32.x86_64_1.3.100.v20260804-1928\eclipse_11924.dll
Event: 2.196 Loaded shared library C:\Users\ACER\AppData\Roaming\Code\User\globalStorage\redhat.java\1.56.0\config_win\org.eclipse.equinox.launcher\org.eclipse.equinox.launcher.win32.win32.x86_64_1.3.100.v20260804-1928\eclipse_11924.dll
Event: 9.701 Attempting to load shared library C:\Users\ACER\AppData\Local\Temp\jna-2003023\jna5328192023019823273.dll
Event: 9.800 Loaded shared library C:\Users\ACER\AppData\Local\Temp\jna-2003023\jna5328192023019823273.dll
Event: 14.688 Attempting to load shared library C:\Users\ACER\.vscode\extensions\redhat.java-1.56.0-win32-x64\jre\21.0.12.1-win32-x86_64\bin\sunmscapi.dll
Event: 14.695 Loaded shared library C:\Users\ACER\.vscode\extensions\redhat.java-1.56.0-win32-x64\jre\21.0.12.1-win32-x86_64\bin\sunmscapi.dll
Event: 15.725 Attempting to load shared library C:\Users\ACER\.vscode\extensions\redhat.java-1.56.0-win32-x64\jre\21.0.12.1-win32-x86_64\bin\extnet.dll
Event: 15.727 Loaded shared library C:\Users\ACER\.vscode\extensions\redhat.java-1.56.0-win32-x64\jre\21.0.12.1-win32-x86_64\bin\extnet.dll
Event: 16.522 Attempting to load shared library C:\Users\ACER\.gradle\native\660c5614fbf4a5f2a75b1949f50a0caf5cd603558e7d8a26e50b933a0cfb79d1\windows-amd64\native-platform.dll
Event: 16.525 Loaded shared library C:\Users\ACER\.gradle\native\660c5614fbf4a5f2a75b1949f50a0caf5cd603558e7d8a26e50b933a0cfb79d1\windows-amd64\native-platform.dll
Event: 19.863 Attempting to load shared library C:\Users\ACER\.vscode\extensions\redhat.java-1.56.0-win32-x64\jre\21.0.12.1-win32-x86_64\bin\management.dll
Event: 19.864 Loaded shared library C:\Users\ACER\.vscode\extensions\redhat.java-1.56.0-win32-x64\jre\21.0.12.1-win32-x86_64\bin\management.dll
Event: 19.869 Attempting to load shared library C:\Users\ACER\.vscode\extensions\redhat.java-1.56.0-win32-x64\jre\21.0.12.1-win32-x86_64\bin\management_ext.dll
Event: 19.871 Loaded shared library C:\Users\ACER\.vscode\extensions\redhat.java-1.56.0-win32-x64\jre\21.0.12.1-win32-x86_64\bin\management_ext.dll
Event: 36.217 Attempting to load shared library C:\Users\ACER\.gradle\native\1def1411415f61bf3af743bc5b6707747c0891f09f0c88961ee8f79bc544acac\windows-amd64\native-platform.dll
Event: 36.328 Loaded shared library C:\Users\ACER\.gradle\native\1def1411415f61bf3af743bc5b6707747c0891f09f0c88961ee8f79bc544acac\windows-amd64\native-platform.dll
Event: 82.247 Attempting to load shared library C:\Users\ACER\.gradle\native\660c5614fbf4a5f2a75b1949f50a0caf5cd603558e7d8a26e50b933a0cfb79d1\windows-amd64-min\native-platform.dll
Event: 82.248 Loaded shared library C:\Users\ACER\.gradle\native\660c5614fbf4a5f2a75b1949f50a0caf5cd603558e7d8a26e50b933a0cfb79d1\windows-amd64-min\native-platform.dll

Deoptimization events (20 events):
Event: 131.118 Thread 0x00000277ebe20c10 Uncommon trap: trap_request=0xffffffc6 fr.pc=0x000002779263e7a4 relative=0x00000000000002c4
Event: 131.118 Thread 0x00000277ebe20c10 Uncommon trap: reason=bimorphic_or_optimized_type_check action=maybe_recompile pc=0x000002779263e7a4 method=java.util.regex.Pattern$BmpCharProperty.match(Ljava/util/regex/Matcher;ILjava/lang/CharSequence;)Z @ 14 c2
Event: 131.118 Thread 0x00000277ebe20c10 DEOPT PACKING pc=0x000002779263e7a4 sp=0x0000009646dfef20
Event: 131.118 Thread 0x00000277ebe20c10 DEOPT UNPACKING pc=0x0000027791cf3aa2 sp=0x0000009646dfeeb0 mode 2
Event: 131.118 Thread 0x00000277ebe20c10 Uncommon trap: trap_request=0xffffffc6 fr.pc=0x000002779263f6b8 relative=0x00000000000000f8
Event: 131.118 Thread 0x00000277ebe20c10 Uncommon trap: reason=bimorphic_or_optimized_type_check action=maybe_recompile pc=0x000002779263f6b8 method=java.util.regex.Pattern.lambda$union$3(Ljava/util/regex/Pattern$CharPredicate;Ljava/util/regex/Pattern$CharPredicate;I)Z @ 12 c2
Event: 131.118 Thread 0x00000277ebe20c10 DEOPT PACKING pc=0x000002779263f6b8 sp=0x0000009646dfee80
Event: 131.118 Thread 0x00000277ebe20c10 DEOPT UNPACKING pc=0x0000027791cf3aa2 sp=0x0000009646dfed98 mode 2
Event: 131.118 Thread 0x00000277ebe20c10 Uncommon trap: trap_request=0xffffffbe fr.pc=0x00000277922fed5c relative=0x000000000000037c
Event: 131.118 Thread 0x00000277ebe20c10 Uncommon trap: reason=profile_predicate action=maybe_recompile pc=0x00000277922fed5c method=java.util.regex.Pattern$Slice.match(Ljava/util/regex/Matcher;ILjava/lang/CharSequence;)Z @ 18 c2
Event: 131.118 Thread 0x00000277ebe20c10 DEOPT PACKING pc=0x00000277922fed5c sp=0x0000009646dfef10
Event: 131.118 Thread 0x00000277ebe20c10 DEOPT UNPACKING pc=0x0000027791cf3aa2 sp=0x0000009646dfeea0 mode 2
Event: 131.118 Thread 0x00000277ebe20c10 Uncommon trap: trap_request=0xffffffc6 fr.pc=0x000002779263e7a4 relative=0x00000000000002c4
Event: 131.118 Thread 0x00000277ebe20c10 Uncommon trap: reason=bimorphic_or_optimized_type_check action=maybe_recompile pc=0x000002779263e7a4 method=java.util.regex.Pattern$BmpCharProperty.match(Ljava/util/regex/Matcher;ILjava/lang/CharSequence;)Z @ 14 c2
Event: 131.118 Thread 0x00000277ebe20c10 DEOPT PACKING pc=0x000002779263e7a4 sp=0x0000009646dfef20
Event: 131.118 Thread 0x00000277ebe20c10 DEOPT UNPACKING pc=0x0000027791cf3aa2 sp=0x0000009646dfeeb0 mode 2
Event: 131.118 Thread 0x00000277ebe20c10 Uncommon trap: trap_request=0xffffffc6 fr.pc=0x000002779263f6b8 relative=0x00000000000000f8
Event: 131.118 Thread 0x00000277ebe20c10 Uncommon trap: reason=bimorphic_or_optimized_type_check action=maybe_recompile pc=0x000002779263f6b8 method=java.util.regex.Pattern.lambda$union$3(Ljava/util/regex/Pattern$CharPredicate;Ljava/util/regex/Pattern$CharPredicate;I)Z @ 12 c2
Event: 131.118 Thread 0x00000277ebe20c10 DEOPT PACKING pc=0x000002779263f6b8 sp=0x0000009646dfee80
Event: 131.118 Thread 0x00000277ebe20c10 DEOPT UNPACKING pc=0x0000027791cf3aa2 sp=0x0000009646dfed98 mode 2

Classes loaded (20 events):
Event: 125.800 Loading class java/util/concurrent/ForkJoinTask$AdaptedCallable
Event: 125.800 Loading class java/util/concurrent/ForkJoinTask$AdaptedCallable done
Event: 125.884 Loading class sun/nio/ch/ChannelOutputStream
Event: 125.884 Loading class sun/nio/ch/ChannelOutputStream done
Event: 126.089 Loading class java/util/Hashtable$KeySet
Event: 126.090 Loading class java/util/Hashtable$KeySet done
Event: 127.149 Loading class java/security/DigestInputStream
Event: 127.149 Loading class java/security/DigestInputStream done
Event: 129.575 Loading class java/util/Collections$SynchronizedRandomAccessList
Event: 129.575 Loading class java/util/Collections$SynchronizedList
Event: 129.575 Loading class java/util/Collections$SynchronizedList done
Event: 129.575 Loading class java/util/Collections$SynchronizedRandomAccessList done
Event: 130.559 Loading class java/lang/ProcessBuilder$NullInputStream
Event: 130.559 Loading class java/lang/ProcessBuilder$NullInputStream done
Event: 130.561 Loading class java/util/Scanner
Event: 130.564 Loading class java/util/Scanner done
Event: 130.565 Loading class java/util/Scanner$PatternLRUCache
Event: 130.566 Loading class java/util/Scanner$PatternLRUCache done
Event: 131.117 Loading class java/util/regex/Matcher$ImmutableMatchResult
Event: 131.117 Loading class java/util/regex/Matcher$ImmutableMatchResult done

Classes unloaded (18 events):
Event: 12.598 Thread 0x000002778760fb50 Unloading class 0x000002779f1ab400 'java/lang/invoke/LambdaForm$MH+0x000002779f1ab400'
Event: 12.598 Thread 0x000002778760fb50 Unloading class 0x000002779f1ab000 'java/lang/invoke/LambdaForm$MH+0x000002779f1ab000'
Event: 12.598 Thread 0x000002778760fb50 Unloading class 0x000002779f1aac00 'java/lang/invoke/LambdaForm$MH+0x000002779f1aac00'
Event: 12.598 Thread 0x000002778760fb50 Unloading class 0x000002779f1aa800 'java/lang/invoke/LambdaForm$MH+0x000002779f1aa800'
Event: 12.598 Thread 0x000002778760fb50 Unloading class 0x000002779f1aa400 'java/lang/invoke/LambdaForm$BMH+0x000002779f1aa400'
Event: 12.598 Thread 0x000002778760fb50 Unloading class 0x000002779f1aa000 'java/lang/invoke/LambdaForm$DMH+0x000002779f1aa000'
Event: 12.598 Thread 0x000002778760fb50 Unloading class 0x000002779f1a8c00 'java/lang/invoke/LambdaForm$DMH+0x000002779f1a8c00'
Event: 15.106 Thread 0x000002778760fb50 Unloading class 0x000002779f322c00 'java/lang/invoke/LambdaForm$MH+0x000002779f322c00'
Event: 15.106 Thread 0x000002778760fb50 Unloading class 0x000002779f322000 'java/lang/invoke/LambdaForm$MH+0x000002779f322000'
Event: 15.106 Thread 0x000002778760fb50 Unloading class 0x000002779f321000 'java/lang/invoke/LambdaForm$MH+0x000002779f321000'
Event: 15.106 Thread 0x000002778760fb50 Unloading class 0x000002779f319400 'java/lang/invoke/LambdaForm$MH+0x000002779f319400'
Event: 15.106 Thread 0x000002778760fb50 Unloading class 0x000002779f318800 'java/lang/invoke/LambdaForm$MH+0x000002779f318800'
Event: 15.106 Thread 0x000002778760fb50 Unloading class 0x000002779f318000 'java/lang/invoke/LambdaForm$MH+0x000002779f318000'
Event: 15.106 Thread 0x000002778760fb50 Unloading class 0x000002779f317c00 'java/lang/invoke/LambdaForm$MH+0x000002779f317c00'
Event: 15.106 Thread 0x000002778760fb50 Unloading class 0x000002779f317000 'java/lang/invoke/LambdaForm$MH+0x000002779f317000'
Event: 15.106 Thread 0x000002778760fb50 Unloading class 0x000002779f316800 'java/lang/invoke/LambdaForm$MH+0x000002779f316800'
Event: 15.106 Thread 0x000002778760fb50 Unloading class 0x000002779f316000 'java/lang/invoke/LambdaForm$DMH+0x000002779f316000'
Event: 15.106 Thread 0x000002778760fb50 Unloading class 0x000002779f315c00 'java/lang/invoke/LambdaForm$MH+0x000002779f315c00'

Classes redefined (0 events):
No events

Internal exceptions (20 events):
Event: 130.082 Thread 0x00000277e82d7320 Exception <a 'sun/nio/fs/WindowsException'{0x00000000d6575770}> (0x00000000d6575770) 
thrown [s\src\hotspot\share\prims\jni.cpp, line 520]
Event: 130.083 Thread 0x00000277e82d7320 Exception <a 'sun/nio/fs/WindowsException'{0x00000000d6576058}> (0x00000000d6576058) 
thrown [s\src\hotspot\share\prims\jni.cpp, line 520]
Event: 130.084 Thread 0x00000277e82d7320 Exception <a 'sun/nio/fs/WindowsException'{0x00000000d6576e80}> (0x00000000d6576e80) 
thrown [s\src\hotspot\share\prims\jni.cpp, line 520]
Event: 130.084 Thread 0x00000277e82d7320 Exception <a 'sun/nio/fs/WindowsException'{0x00000000d6577650}> (0x00000000d6577650) 
thrown [s\src\hotspot\share\prims\jni.cpp, line 520]
Event: 130.084 Thread 0x00000277e82d7320 Exception <a 'sun/nio/fs/WindowsException'{0x00000000d6578340}> (0x00000000d6578340) 
thrown [s\src\hotspot\share\prims\jni.cpp, line 520]
Event: 130.084 Thread 0x00000277e82d7320 Exception <a 'sun/nio/fs/WindowsException'{0x00000000d6578c28}> (0x00000000d6578c28) 
thrown [s\src\hotspot\share\prims\jni.cpp, line 520]
Event: 130.085 Thread 0x00000277e82d7320 Exception <a 'sun/nio/fs/WindowsException'{0x00000000d6579a60}> (0x00000000d6579a60) 
thrown [s\src\hotspot\share\prims\jni.cpp, line 520]
Event: 130.085 Thread 0x00000277e82d7320 Exception <a 'sun/nio/fs/WindowsException'{0x00000000d657a230}> (0x00000000d657a230) 
thrown [s\src\hotspot\share\prims\jni.cpp, line 520]
Event: 130.086 Thread 0x00000277e82d7320 Exception <a 'sun/nio/fs/WindowsException'{0x00000000d657b070}> (0x00000000d657b070) 
thrown [s\src\hotspot\share\prims\jni.cpp, line 520]
Event: 130.086 Thread 0x00000277e82d7320 Exception <a 'sun/nio/fs/WindowsException'{0x00000000d657b840}> (0x00000000d657b840) 
thrown [s\src\hotspot\share\prims\jni.cpp, line 520]
Event: 130.087 Thread 0x00000277e82d7320 Exception <a 'sun/nio/fs/WindowsException'{0x00000000d659d198}> (0x00000000d659d198) 
thrown [s\src\hotspot\share\prims\jni.cpp, line 520]
Event: 130.087 Thread 0x00000277e82d7320 Exception <a 'sun/nio/fs/WindowsException'{0x00000000d659d718}> (0x00000000d659d718) 
thrown [s\src\hotspot\share\prims\jni.cpp, line 520]
Event: 130.088 Thread 0x00000277e82d7320 Exception <a 'sun/nio/fs/WindowsException'{0x00000000d659e480}> (0x00000000d659e480) 
thrown [s\src\hotspot\share\prims\jni.cpp, line 520]
Event: 130.088 Thread 0x00000277e82d7320 Exception <a 'sun/nio/fs/WindowsException'{0x00000000d659ed60}> (0x00000000d659ed60) 
thrown [s\src\hotspot\share\prims\jni.cpp, line 520]
Event: 130.090 Thread 0x00000277e82d7320 Exception <a 'java/io/IOException'{0x00000000d65b8848}> (0x00000000d65b8848) 
thrown [s\src\hotspot\share\prims\jni.cpp, line 520]
Event: 130.095 Thread 0x00000277e82d7320 Exception <a 'java/io/IOException'{0x00000000d65ccb68}> (0x00000000d65ccb68) 
thrown [s\src\hotspot\share\prims\jni.cpp, line 520]
Event: 131.031 Thread 0x00000277e7174e90 Exception <a 'java/io/IOException'{0x00000000d59ef0e8}> (0x00000000d59ef0e8) 
thrown [s\src\hotspot\share\prims\jni.cpp, line 520]
Event: 131.032 Thread 0x00000277e7174e90 Exception <a 'java/io/IOException'{0x00000000d5a29b60}> (0x00000000d5a29b60) 
thrown [s\src\hotspot\share\prims\jni.cpp, line 520]
Event: 131.039 Thread 0x00000277e7174e90 Exception <a 'java/io/IOException'{0x00000000d5a7b300}> (0x00000000d5a7b300) 
thrown [s\src\hotspot\share\prims\jni.cpp, line 520]
Event: 131.039 Thread 0x00000277e7174e90 Exception <a 'java/io/IOException'{0x00000000d5ab23a0}> (0x00000000d5ab23a0) 
thrown [s\src\hotspot\share\prims\jni.cpp, line 520]

ZGC Phase Switch (0 events):
No events

VM Operations (20 events):
Event: 128.920 Executing safepoint VM operation: ParallelGCFailedAllocation (Allocation Failure)
Event: 128.921 Executing safepoint VM operation: ParallelGCFailedAllocation (Allocation Failure) done
Event: 129.029 Executing safepoint VM operation: ParallelGCFailedAllocation (Allocation Failure)
Event: 129.030 Executing safepoint VM operation: ParallelGCFailedAllocation (Allocation Failure) done
Event: 129.097 Executing safepoint VM operation: ParallelGCFailedAllocation (Allocation Failure)
Event: 129.098 Executing safepoint VM operation: ParallelGCFailedAllocation (Allocation Failure) done
Event: 129.179 Executing safepoint VM operation: ParallelGCFailedAllocation (Allocation Failure)
Event: 129.180 Executing safepoint VM operation: ParallelGCFailedAllocation (Allocation Failure) done
Event: 129.269 Executing safepoint VM operation: ParallelGCFailedAllocation (Allocation Failure)
Event: 129.270 Executing safepoint VM operation: ParallelGCFailedAllocation (Allocation Failure) done
Event: 129.428 Executing safepoint VM operation: ParallelGCFailedAllocation (Allocation Failure)
Event: 129.429 Executing safepoint VM operation: ParallelGCFailedAllocation (Allocation Failure) done
Event: 129.562 Executing non-safepoint VM operation: HandshakeAllThreads (Deoptimize)
Event: 129.563 Executing non-safepoint VM operation: HandshakeAllThreads (Deoptimize) done
Event: 129.567 Executing non-safepoint VM operation: HandshakeAllThreads (Deoptimize)
Event: 129.567 Executing non-safepoint VM operation: HandshakeAllThreads (Deoptimize) done
Event: 130.264 Executing safepoint VM operation: ParallelGCFailedAllocation (Allocation Failure)
Event: 130.267 Executing safepoint VM operation: ParallelGCFailedAllocation (Allocation Failure) done
Event: 130.473 Executing non-safepoint VM operation: HandshakeAllThreads (Deoptimize)
Event: 130.473 Executing non-safepoint VM operation: HandshakeAllThreads (Deoptimize) done

Memory protections (0 events):
No events

Nmethod flushes (20 events):
Event: 34.490 Thread 0x000002778760fb50 flushing  nmethod 0x000002778b061010
Event: 34.490 Thread 0x000002778760fb50 flushing  nmethod 0x000002778b063710
Event: 34.490 Thread 0x000002778760fb50 flushing  nmethod 0x000002778b077490
Event: 34.490 Thread 0x000002778760fb50 flushing  nmethod 0x000002778b081390
Event: 34.490 Thread 0x000002778760fb50 flushing  nmethod 0x000002778b082c10
Event: 34.490 Thread 0x000002778760fb50 flushing  nmethod 0x000002778b083490
Event: 34.490 Thread 0x000002778760fb50 flushing  nmethod 0x000002778b083a90
Event: 34.490 Thread 0x000002778760fb50 flushing  nmethod 0x000002778b084190
Event: 34.490 Thread 0x000002778760fb50 flushing  nmethod 0x000002778b084790
Event: 34.490 Thread 0x000002778760fb50 flushing  nmethod 0x000002778b087010
Event: 34.490 Thread 0x000002778760fb50 flushing  nmethod 0x000002778b090190
Event: 34.490 Thread 0x000002778760fb50 flushing  nmethod 0x000002778b095010
Event: 34.490 Thread 0x000002778760fb50 flushing  nmethod 0x000002778b0a4190
Event: 34.490 Thread 0x000002778760fb50 flushing  nmethod 0x000002778b0bc490
Event: 34.490 Thread 0x000002778760fb50 flushing  nmethod 0x000002778b0bfd90
Event: 34.490 Thread 0x000002778760fb50 flushing  nmethod 0x000002778b0ef990
Event: 34.490 Thread 0x000002778760fb50 flushing  nmethod 0x000002778b0fbe10
Event: 34.490 Thread 0x000002778760fb50 flushing  nmethod 0x000002778b102010
Event: 34.490 Thread 0x000002778760fb50 flushing  nmethod 0x000002778b12de90
Event: 34.490 Thread 0x000002778760fb50 flushing  nmethod 0x000002778b13ac90

Events (20 events):
Event: 129.417 Thread 0x00000277e82ce2c0 Thread exited: 0x00000277e82ce2c0
Event: 129.619 Thread 0x00000277e7174e90 Thread added: 0x00000277ebe1f1d0
Event: 129.620 Thread 0x00000277e7174e90 Thread added: 0x00000277ebe1ca70
Event: 129.809 Thread 0x00000277ebe1ca70 Thread exited: 0x00000277ebe1ca70
Event: 129.809 Thread 0x00000277e7174e90 Thread added: 0x00000277ebe1f860
Event: 129.810 Thread 0x00000277e7174e90 Thread added: 0x00000277ebe1fef0
Event: 130.060 Thread 0x00000277e61fa640 Thread added: 0x00000277ebe1ca70
Event: 130.194 Thread 0x00000277ebe1fef0 Thread added: 0x00000277ebe1d100
Event: 130.491 Thread 0x00000277ebe1ca70 Thread added: 0x00000277ebe20c10
Event: 130.560 Thread 0x00000277ebe20c10 Thread added: 0x00000277ebe1d790
Event: 130.561 Thread 0x00000277ebe20c10 Thread added: 0x00000277ebe22650
Event: 130.596 Thread 0x00000277ebe1d790 Thread exited: 0x00000277ebe1d790
Event: 131.024 Thread 0x00000277ebe1fef0 Thread exited: 0x00000277ebe1fef0
Event: 131.034 Thread 0x00000277ebe1d100 Thread exited: 0x00000277ebe1d100
Event: 131.076 Thread 0x00000277e61facd0 Thread added: 0x00000277ebe1fef0
Event: 131.085 Thread 0x00000277e61facd0 Thread added: 0x00000277ebe1d790
Event: 131.117 Thread 0x00000277e08d2600 Thread added: 0x00000277e7b9ab30
Event: 131.179 Thread 0x00000277ebe1d790 Thread exited: 0x00000277ebe1d790
Event: 131.179 Thread 0x00000277e61facd0 Thread added: 0x00000277ebe1d790
Event: 131.182 Thread 0x00000277e61facd0 Thread added: 0x00000277ebe24720


Dynamic libraries:
0x00007ff79d9e0000 - 0x00007ff79d9ee000 	c:\Users\ACER\.vscode\extensions\redhat.java-1.56.0-win32-x64\jre\21.0.12.1-win32-x86_64\bin\java.exe
0x00007ffe9a5a0000 - 0x00007ffe9a807000 	C:\WINDOWS\SYSTEM32\ntdll.dll
0x00007ffe99110000 - 0x00007ffe991db000 	C:\WINDOWS\System32\KERNEL32.DLL
0x00007ffe97930000 - 0x00007ffe97d31000 	C:\WINDOWS\System32\KERNELBASE.dll
0x00007ffe97e30000 - 0x00007ffe97f7c000 	C:\WINDOWS\System32\ucrtbase.dll
0x00007ffe59790000 - 0x00007ffe597a8000 	c:\Users\ACER\.vscode\extensions\redhat.java-1.56.0-win32-x64\jre\21.0.12.1-win32-x86_64\bin\jli.dll
0x00007ffe98680000 - 0x00007ffe98857000 	C:\WINDOWS\System32\USER32.dll
0x00007ffe97d40000 - 0x00007ffe97d67000 	C:\WINDOWS\System32\win32u.dll
0x00007ffe98410000 - 0x00007ffe9843b000 	C:\WINDOWS\System32\GDI32.dll
0x00007ffe97f90000 - 0x00007ffe980b8000 	C:\WINDOWS\System32\gdi32full.dll
0x00007ffe980c0000 - 0x00007ffe98163000 	C:\WINDOWS\System32\msvcp_win.dll
0x00007ffe5a3d0000 - 0x00007ffe5a3ee000 	c:\Users\ACER\.vscode\extensions\redhat.java-1.56.0-win32-x64\jre\21.0.12.1-win32-x86_64\bin\VCRUNTIME140.dll
0x00007ffe7c9c0000 - 0x00007ffe7cc50000 	C:\WINDOWS\WinSxS\amd64_microsoft.windows.common-controls_6595b64144ccf1df_6.0.26100.9549_none_3e0a0396e3330090\COMCTL32.dll
0x00007ffe9a120000 - 0x00007ffe9a1c9000 	C:\WINDOWS\System32\msvcrt.dll
0x00007ffe99810000 - 0x00007ffe99841000 	C:\WINDOWS\System32\IMM32.DLL
0x00007ffe85810000 - 0x00007ffe8581c000 	c:\Users\ACER\.vscode\extensions\redhat.java-1.56.0-win32-x64\jre\21.0.12.1-win32-x86_64\bin\vcruntime140_1.dll
0x00007ffe4ed60000 - 0x00007ffe4eded000 	c:\Users\ACER\.vscode\extensions\redhat.java-1.56.0-win32-x64\jre\21.0.12.1-win32-x86_64\bin\msvcp140.dll
0x00007ffda38b0000 - 0x00007ffda4652000 	c:\Users\ACER\.vscode\extensions\redhat.java-1.56.0-win32-x64\jre\21.0.12.1-win32-x86_64\bin\server\jvm.dll
0x00007ffe984c0000 - 0x00007ffe9857b000 	C:\WINDOWS\System32\ADVAPI32.dll
0x00007ffe998c0000 - 0x00007ffe99968000 	C:\WINDOWS\System32\sechost.dll
0x00007ffe99240000 - 0x00007ffe99358000 	C:\WINDOWS\System32\RPCRT4.dll
0x00007ffe98860000 - 0x00007ffe988e1000 	C:\WINDOWS\System32\WS2_32.dll
0x00007ffe975f0000 - 0x00007ffe9764e000 	C:\WINDOWS\SYSTEM32\POWRPROF.dll
0x00007ffe8ecf0000 - 0x00007ffe8ed27000 	C:\WINDOWS\SYSTEM32\WINMM.dll
0x00007ffe84eb0000 - 0x00007ffe84ebb000 	C:\WINDOWS\SYSTEM32\VERSION.dll
0x00007ffe975d0000 - 0x00007ffe975e5000 	C:\WINDOWS\SYSTEM32\UMPDC.dll
0x00007ffe96440000 - 0x00007ffe9645b000 	C:\WINDOWS\SYSTEM32\kernel.appcore.dll
0x00007ffe855a0000 - 0x00007ffe855aa000 	c:\Users\ACER\.vscode\extensions\redhat.java-1.56.0-win32-x64\jre\21.0.12.1-win32-x86_64\bin\jimage.dll
0x00007ffe94bf0000 - 0x00007ffe94e3c000 	C:\WINDOWS\SYSTEM32\DBGHELP.DLL
0x00007ffe9a1d0000 - 0x00007ffe9a55a000 	C:\WINDOWS\System32\combase.dll
0x00007ffe99030000 - 0x00007ffe99109000 	C:\WINDOWS\System32\OLEAUT32.dll
0x00007ffe70400000 - 0x00007ffe7043b000 	C:\WINDOWS\SYSTEM32\dbgcore.DLL
0x00007ffe97d70000 - 0x00007ffe97e1c000 	C:\WINDOWS\System32\bcryptPrimitives.dll
0x00007ffe84050000 - 0x00007ffe8405f000 	c:\Users\ACER\.vscode\extensions\redhat.java-1.56.0-win32-x64\jre\21.0.12.1-win32-x86_64\bin\instrument.dll
0x00007ffe541a0000 - 0x00007ffe541c0000 	c:\Users\ACER\.vscode\extensions\redhat.java-1.56.0-win32-x64\jre\21.0.12.1-win32-x86_64\bin\java.dll
0x00007ffe99970000 - 0x00007ffe9a10c000 	C:\WINDOWS\System32\SHELL32.dll
0x00007ffe95200000 - 0x00007ffe95aad000 	C:\WINDOWS\SYSTEM32\windows.storage.dll
0x00007ffe98580000 - 0x00007ffe98679000 	C:\WINDOWS\System32\SHCORE.dll
0x00007ffe98450000 - 0x00007ffe984b6000 	C:\WINDOWS\System32\shlwapi.dll
0x00007ffe976b0000 - 0x00007ffe976d9000 	C:\WINDOWS\SYSTEM32\profapi.dll
0x00007ffe54130000 - 0x00007ffe54148000 	c:\Users\ACER\.vscode\extensions\redhat.java-1.56.0-win32-x64\jre\21.0.12.1-win32-x86_64\bin\zip.dll
0x00007ffe85500000 - 0x00007ffe85510000 	C:\Users\ACER\.vscode\extensions\redhat.java-1.56.0-win32-x64\jre\21.0.12.1-win32-x86_64\bin\net.dll
0x00007ffe87350000 - 0x00007ffe8747a000 	C:\WINDOWS\SYSTEM32\WINHTTP.dll
0x00007ffe96a00000 - 0x00007ffe96a6c000 	C:\WINDOWS\system32\mswsock.dll
0x00007ffe50c50000 - 0x00007ffe50c66000 	C:\Users\ACER\.vscode\extensions\redhat.java-1.56.0-win32-x64\jre\21.0.12.1-win32-x86_64\bin\nio.dll
0x00007ffe84710000 - 0x00007ffe84720000 	c:\Users\ACER\.vscode\extensions\redhat.java-1.56.0-win32-x64\jre\21.0.12.1-win32-x86_64\bin\verify.dll
0x00007ffe19060000 - 0x00007ffe190a5000 	C:\Users\ACER\AppData\Roaming\Code\User\globalStorage\redhat.java\1.56.0\config_win\org.eclipse.equinox.launcher\org.eclipse.equinox.launcher.win32.win32.x86_64_1.3.100.v20260804-1928\eclipse_11924.dll
0x00007ffe98e90000 - 0x00007ffe9902a000 	C:\WINDOWS\System32\ole32.dll
0x00007ffe96d10000 - 0x00007ffe96d2b000 	C:\WINDOWS\SYSTEM32\CRYPTSP.dll
0x00007ffe963a0000 - 0x00007ffe963d9000 	C:\WINDOWS\system32\rsaenh.dll
0x00007ffe96ab0000 - 0x00007ffe96ae4000 	C:\WINDOWS\SYSTEM32\USERENV.dll
0x00007ffe97680000 - 0x00007ffe976aa000 	C:\WINDOWS\SYSTEM32\bcrypt.dll
0x00007ffe96cf0000 - 0x00007ffe96cfc000 	C:\WINDOWS\SYSTEM32\CRYPTBASE.dll
0x00007ffe95f60000 - 0x00007ffe95f93000 	C:\WINDOWS\SYSTEM32\IPHLPAPI.DLL
0x00007ffe99800000 - 0x00007ffe9980a000 	C:\WINDOWS\System32\NSI.dll
0x00007ffe4fd30000 - 0x00007ffe4fd79000 	C:\Users\ACER\AppData\Local\Temp\jna-2003023\jna5328192023019823273.dll
0x00007ffe98b60000 - 0x00007ffe98b68000 	C:\WINDOWS\System32\PSAPI.DLL
0x00007ffe8eb70000 - 0x00007ffe8eb8e000 	C:\WINDOWS\SYSTEM32\dhcpcsvc6.DLL
0x00007ffe8eb00000 - 0x00007ffe8eb25000 	C:\WINDOWS\SYSTEM32\dhcpcsvc.DLL
0x00007ffe91c60000 - 0x00007ffe91c6e000 	C:\Users\ACER\.vscode\extensions\redhat.java-1.56.0-win32-x64\jre\21.0.12.1-win32-x86_64\bin\sunmscapi.dll
0x00007ffe977a0000 - 0x00007ffe9791f000 	C:\WINDOWS\System32\CRYPT32.dll
0x00007ffe96f50000 - 0x00007ffe96f80000 	C:\WINDOWS\SYSTEM32\ncrypt.dll
0x00007ffe96f00000 - 0x00007ffe96f3f000 	C:\WINDOWS\SYSTEM32\NTASN1.dll
0x00007ffe95fa0000 - 0x00007ffe960f8000 	C:\WINDOWS\SYSTEM32\DNSAPI.dll
0x00007ffe967e0000 - 0x00007ffe967ed000 	C:\WINDOWS\SYSTEM32\DSPARSE.dll
0x00007ffe868f0000 - 0x00007ffe868fb000 	C:\Windows\System32\rasadhlp.dll
0x00007ffe905b0000 - 0x00007ffe90636000 	C:\WINDOWS\System32\fwpuclnt.dll
0x00007ffe83f70000 - 0x00007ffe83f79000 	C:\Users\ACER\.vscode\extensions\redhat.java-1.56.0-win32-x64\jre\21.0.12.1-win32-x86_64\bin\extnet.dll
0x00007ffe175a0000 - 0x00007ffe175c7000 	C:\Users\ACER\.gradle\native\660c5614fbf4a5f2a75b1949f50a0caf5cd603558e7d8a26e50b933a0cfb79d1\windows-amd64\native-platform.dll
0x00007ffe84510000 - 0x00007ffe8451a000 	C:\Users\ACER\.vscode\extensions\redhat.java-1.56.0-win32-x64\jre\21.0.12.1-win32-x86_64\bin\management.dll
0x00007ffe84130000 - 0x00007ffe8413c000 	C:\Users\ACER\.vscode\extensions\redhat.java-1.56.0-win32-x64\jre\21.0.12.1-win32-x86_64\bin\management_ext.dll
0x00007ffe4f8e0000 - 0x00007ffe4f907000 	C:\Users\ACER\.gradle\native\1def1411415f61bf3af743bc5b6707747c0891f09f0c88961ee8f79bc544acac\windows-amd64\native-platform.dll
0x00007ffe85f70000 - 0x00007ffe85f97000 	C:\Users\ACER\.gradle\native\660c5614fbf4a5f2a75b1949f50a0caf5cd603558e7d8a26e50b933a0cfb79d1\windows-amd64-min\native-platform.dll

JVMTI agents:
c:\Users\ACER\.vscode\extensions\redhat.java-1.56.0-win32-x64\lombok\lombok-1.18.39-4050.jar path:c:\Users\ACER\.vscode\extensions\redhat.java-1.56.0-win32-x64\jre\21.0.12.1-win32-x86_64\bin\instrument.dll, loaded, initialized, instrumentlib options:none

dbghelp: loaded successfully - version: 4.0.5 - missing functions: none
symbol engine: initialized successfully - sym options: 0x614 - pdb path: .;c:\Users\ACER\.vscode\extensions\redhat.java-1.56.0-win32-x64\jre\21.0.12.1-win32-x86_64\bin;C:\WINDOWS\SYSTEM32;C:\WINDOWS\WinSxS\amd64_microsoft.windows.common-controls_6595b64144ccf1df_6.0.26100.9549_none_3e0a0396e3330090;c:\Users\ACER\.vscode\extensions\redhat.java-1.56.0-win32-x64\jre\21.0.12.1-win32-x86_64\bin\server;C:\Users\ACER\AppData\Roaming\Code\User\globalStorage\redhat.java\1.56.0\config_win\org.eclipse.equinox.launcher\org.eclipse.equinox.launcher.win32.win32.x86_64_1.3.100.v20260804-1928;C:\Users\ACER\AppData\Local\Temp\jna-2003023;C:\Users\ACER\.gradle\native\660c5614fbf4a5f2a75b1949f50a0caf5cd603558e7d8a26e50b933a0cfb79d1\windows-amd64;C:\Users\ACER\.gradle\native\1def1411415f61bf3af743bc5b6707747c0891f09f0c88961ee8f79bc544acac\windows-amd64;C:\Users\ACER\.gradle\native\660c5614fbf4a5f2a75b1949f50a0caf5cd603558e7d8a26e50b933a0cfb79d1\windows-amd64-min

VM Arguments:
jvm_args: --add-modules=ALL-SYSTEM --add-opens=java.base/java.util=ALL-UNNAMED --add-opens=java.base/java.lang=ALL-UNNAMED --add-opens=java.base/sun.nio.fs=ALL-UNNAMED -Declipse.application=org.eclipse.jdt.ls.core.id1 -Dosgi.bundles.defaultStartLevel=4 -Declipse.product=org.eclipse.jdt.ls.core.product -Djava.import.generatesMetadataFilesAtProjectRoot=false -Dm2e.project.cache.size=50 -DDetectVMInstallationsJob.disabled=true -Dfile.encoding=utf8 -XX:+UseParallelGC -XX:GCTimeRatio=4 -XX:AdaptiveSizePolicyWeight=90 -Dsun.zip.disableMemoryMapping=true -Xmx2G -Xms100m -Xlog:disable -javaagent:c:\Users\ACER\.vscode\extensions\redhat.java-1.56.0-win32-x64\lombok\lombok-1.18.39-4050.jar -XX:+HeapDumpOnOutOfMemoryError -XX:HeapDumpPath=c:\Users\ACER\AppData\Roaming\Code\User\workspaceStorage\871d06872000d22955967cdc9c474b23\redhat.java -Daether.dependencyCollector.impl=bf 
java_command: c:\Users\ACER\.vscode\extensions\redhat.java-1.56.0-win32-x64\server\plugins\org.eclipse.equinox.launcher_1.8.0.v20260804-1928.jar -configuration c:\Users\ACER\AppData\Roaming\Code\User\globalStorage\redhat.java\1.56.0\config_win -data c:\Users\ACER\AppData\Roaming\Code\User\workspaceStorage\871d06872000d22955967cdc9c474b23\redhat.java\jdt_ws --pipe=\\.\pipe\lsp-eb476ae89477d4214eac6ee64424cbc7-sock
java_class_path (initial): c:\Users\ACER\.vscode\extensions\redhat.java-1.56.0-win32-x64\server\plugins\org.eclipse.equinox.launcher_1.8.0.v20260804-1928.jar
Launcher Type: SUN_STANDARD

[Global flags]
    uintx AdaptiveSizePolicyWeight                 = 90                                        {product} {command line}
     intx CICompilerCount                          = 4                                         {product} {ergonomic}
    uintx GCTimeRatio                              = 4                                         {product} {command line}
     bool HeapDumpOnOutOfMemoryError               = true                                   {manageable} {command line}
    ccstr HeapDumpPath                             = c:\Users\ACER\AppData\Roaming\Code\User\workspaceStorage\871d06872000d22955967cdc9c474b23\redhat.java         {manageable} {command line}
   size_t InitialHeapSize                          = 104857600                                 {product} {command line}
   size_t MaxHeapSize                              = 2147483648                                {product} {command line}
   size_t MaxNewSize                               = 715653120                                 {product} {ergonomic}
   size_t MinHeapDeltaBytes                        = 524288                                    {product} {ergonomic}
   size_t MinHeapSize                              = 104857600                                 {product} {command line}
   size_t NewSize                                  = 34603008                                  {product} {ergonomic}
    uintx NonNMethodCodeHeapSize                   = 5839372                                {pd product} {ergonomic}
    uintx NonProfiledCodeHeapSize                  = 122909434                              {pd product} {ergonomic}
   size_t OldSize                                  = 70254592                                  {product} {ergonomic}
    uintx ProfiledCodeHeapSize                     = 122909434                              {pd product} {ergonomic}
    uintx ReservedCodeCacheSize                    = 251658240                              {pd product} {ergonomic}
     bool SegmentedCodeCache                       = true                                      {product} {ergonomic}
   size_t SoftMaxHeapSize                          = 2147483648                             {manageable} {ergonomic}
     bool UseCompressedOops                        = true                           {product lp64_product} {ergonomic}
     bool UseLargePagesIndividualAllocation        = false                                  {pd product} {ergonomic}
     bool UseParallelGC                            = true                                      {product} {command line}

Logging:
Log output configuration:
 #0: stdout all=off uptime,level,tags foldmultilines=false
 #1: stderr all=off uptime,level,tags foldmultilines=false

Release file:
JAVA_VERSION="21.0.12.1" 
MODULES="java.base java.compiler java.datatransfer java.xml java.prefs java.desktop java.instrument java.logging java.management java.security.sasl java.naming java.rmi java.management.rmi java.net.http java.scripting java.security.jgss java.transaction.xa java.sql java.sql.rowset java.xml.crypto java.se java.smartcardio jdk.accessibility jdk.internal.jvmstat jdk.attach jdk.charsets jdk.internal.opt jdk.zipfs jdk.compiler jdk.crypto.ec jdk.crypto.cryptoki jdk.crypto.mscapi jdk.dynalink jdk.internal.ed jdk.editpad jdk.hotspot.agent jdk.httpserver jdk.internal.le jdk.internal.vm.ci jdk.internal.vm.compiler jdk.internal.vm.compiler.management jdk.jartool jdk.javadoc jdk.jcmd jdk.management jdk.management.agent jdk.jconsole jdk.jdeps jdk.jdwp.agent jdk.jdi jdk.jfr jdk.jshell jdk.jsobject jdk.jstatd jdk.localedata jdk.management.jfr jdk.naming.dns jdk.naming.rmi jdk.net jdk.nio.mapmode jdk.random jdk.sctp jdk.security.auth jdk.security.jgss jdk.unsupported jdk.unsupported.desktop jdk.xml.dom" 

Environment Variables:
JAVA_HOME=C:\Program Files\Eclipse Adoptium\jdk-21.0.11.10-hotspot
PATH=C:\Program Files\Eclipse Adoptium\jdk-21.0.11.10-hotspot\bin;C:\WINDOWS\system32;C:\WINDOWS;C:\WINDOWS\System32\Wbem;C:\WINDOWS\System32\WindowsPowerShell\v1.0\;C:\WINDOWS\System32\OpenSSH\;C:\Program Files\dotnet\;C:\Program Files\Eclipse Adoptium\jdk-21.0.11.10-hotspot\bin;D:\Java;C:\Program Files\Git\cmd;C:\Program Files\nodejs\;C:\Users\ACER\AppData\Local\Microsoft\WindowsApps;C:\Users\ACER\AppData\Local\Programs\Microsoft VS Code\bin;C:\Users\ACER\AppData\Roaming\npm
USERNAME=ACER
OS=Windows_NT
PROCESSOR_IDENTIFIER=Intel64 Family 6 Model 190 Stepping 0, GenuineIntel
TMP=C:\Users\ACER\AppData\Local\Temp
TEMP=C:\Users\ACER\AppData\Local\Temp




Periodic native trim disabled

---------------  S Y S T E M  ---------------

OS:
 Windows 11 , 64 bit Build 26100 (10.0.26100.9549)
OS uptime: 0 days 2:43 hours

CPU: total 8 (initial active 8) (8 cores per cpu, 1 threads per core) family 6 model 190 stepping 0 microcode 0xe, cx8, cmov, fxsr, mmx, 3dnowpref, sse, sse2, sse3, ssse3, sse4.1, sse4.2, popcnt, lzcnt, tsc, tscinvbit, avx, avx2, aes, erms, clmul, bmi1, bmi2, adx, sha, fma, vzeroupper, clflush, clflushopt, clwb, serialize, rdtscp, rdpid, fsrm, f16c, pku, cet_ibt, cet_ss
Processor Information for processor 0
  Max Mhz: 1800, Current Mhz: 1800, Mhz Limit: 1800
Processor Information for processor 1
  Max Mhz: 1800, Current Mhz: 1500, Mhz Limit: 1800
Processor Information for processor 2
  Max Mhz: 1800, Current Mhz: 1800, Mhz Limit: 1800
Processor Information for processor 3
  Max Mhz: 1800, Current Mhz: 1800, Mhz Limit: 1800
Processor Information for processor 4
  Max Mhz: 1800, Current Mhz: 1800, Mhz Limit: 1800
Processor Information for processor 5
  Max Mhz: 1800, Current Mhz: 1800, Mhz Limit: 1800
Processor Information for processor 6
  Max Mhz: 1800, Current Mhz: 1800, Mhz Limit: 1800
Processor Information for processor 7
  Max Mhz: 1800, Current Mhz: 1800, Mhz Limit: 1800

Memory: 4k page, system-wide physical 7865M (552M free)
TotalPageFile size 16554M (AvailPageFile size 147M)
current process WorkingSet (physical memory assigned to process): 251M, peak: 303M
current process commit charge ("private bytes"): 481M, peak: 481M

vm_info: OpenJDK 64-Bit Server VM (21.0.12.1+1-LTS) for windows-amd64 JRE (21.0.12.1+1-LTS), built on 2026-08-18T00:00:00Z by "admin" with MS VC++ 17.12 (VS2022)

END.
